frame,time,object_z_raw,object_z_aligned_m,affine_a,affine_b,sample_count,depth_conf,source
1,0.000000,4.981895,6.683131,0.016709,6.599890,4231,0.547791,obs_disk
2,0.033333,5.011082,6.680306,0.013978,6.610263,4243,0.556579,obs_disk
3,0.066667,5.029510,6.674510,0.007735,6.635608,4243,0.557891,obs_disk
4,0.100000,5.039474,6.666143,-0.001327,6.672832,4242,0.548554,obs_disk
5,0.133333,5.043815,6.656797,-0.011118,6.712876,4247,0.550434,obs_disk
6,0.166667,5.051714,6.648378,-0.019213,6.745439,4262,0.545697,obs_disk
7,0.200000,5.018638,6.643458,-0.023816,6.762982,4260,0.546226,obs_disk
8,0.233333,5.033764,6.640580,-0.024205,6.762422,4259,0.545586,obs_disk
9,0.266667,5.057395,6.640218,-0.020914,6.745991,4244,0.546683,obs_disk
10,0.300000,5.046648,6.642237,-0.015691,6.721423,4270,0.548114,obs_disk
11,0.333333,5.014316,6.645027,-0.010624,6.698300,4288,0.548370,obs_disk
12,0.366667,5.010133,6.647866,-0.006537,6.680619,4302,0.542652,obs_disk
13,0.400000,5.060026,6.651753,-0.002331,6.663548,4229,0.552284,obs_disk
14,0.433333,5.058691,6.657979,0.003595,6.639794,4209,0.554059,obs_disk
15,0.466667,5.047020,6.666012,0.011492,6.608010,4241,0.554711,obs_disk
16,0.500000,4.995729,6.673956,0.020369,6.572198,4244,0.558594,obs_disk
17,0.533333,4.991676,6.682228,0.029789,6.533533,4247,0.560507,obs_disk
18,0.566667,5.035594,6.691986,0.040666,6.487207,4242,0.559302,obs_disk
19,0.600000,5.033050,6.700314,0.053690,6.430090,4250,0.560169,obs_disk
20,0.633333,5.024991,6.708002,0.067579,6.368416,4250,0.559993,obs_disk
21,0.666667,5.027796,6.715014,0.079659,6.314505,4252,0.555196,obs_disk
22,0.700000,4.969993,6.713986,0.087405,6.279584,4196,0.562715,obs_disk
23,0.733333,4.969565,6.714013,0.088795,6.272741,4198,0.567062,obs_disk
24,0.766667,4.993901,6.712364,0.082724,6.299250,4249,0.557153,obs_disk
25,0.800000,5.018625,6.707143,0.070588,6.352889,4248,0.557816,obs_disk
26,0.833333,4.969714,6.695549,0.056735,6.413595,4285,0.559537,obs_disk
27,0.866667,4.937923,6.686448,0.046879,6.454964,4284,0.565486,obs_disk
28,0.900000,4.976778,6.683378,0.046664,6.451144,4285,0.563319,obs_disk
29,0.933333,4.986231,6.683927,0.060807,6.380731,4279,0.562652,obs_disk
30,0.966667,5.011877,6.692312,0.090449,6.238995,4288,0.560290,obs_disk
31,1.000000,4.973435,6.698965,0.129346,6.055671,4250,0.562704,obs_disk
32,1.033333,4.989902,6.712784,0.164337,5.892760,4297,0.554690,obs_disk
33,1.066667,4.989462,6.721572,0.183334,5.806832,4259,0.553518,obs_disk
34,1.100000,4.982014,6.724888,0.184165,5.807378,4267,0.562182,obs_disk
35,1.133333,4.985171,6.726930,0.173517,5.861919,4270,0.564252,obs_disk
36,1.166667,5.011381,6.729783,0.156660,5.944700,4315,0.553794,obs_disk
37,1.200000,4.996502,6.721732,0.131118,6.066598,4212,0.562033,obs_disk
38,1.233333,4.992559,6.709584,0.092440,6.248069,4217,0.563178,obs_disk
39,1.266667,4.947680,6.690906,0.043744,6.474474,4254,0.550917,obs_disk
40,1.300000,4.928552,6.675211,-0.004100,6.695419,4291,0.548608,obs_disk
41,1.333333,4.927310,6.662701,-0.041143,6.865426,4179,0.558553,obs_disk
42,1.366667,4.918650,6.655137,-0.064076,6.970305,4233,0.553911,obs_disk
43,1.400000,4.930665,6.651052,-0.074003,7.015935,4237,0.557670,obs_disk
44,1.433333,4.928630,6.652072,-0.072169,7.007766,4235,0.557253,obs_disk
45,1.466667,4.872115,6.659111,-0.059295,6.948003,4234,0.556812,obs_disk
46,1.500000,4.928298,6.661066,-0.036609,6.841484,4235,0.551220,obs_disk
47,1.533333,4.824709,6.668696,-0.004774,6.691727,4237,0.556397,obs_disk
48,1.566667,4.761497,6.673162,0.037489,6.494658,4233,0.560525,obs_disk
49,1.600000,4.761950,6.681911,0.089925,6.253695,4209,0.564709,obs_disk
50,1.633333,4.901564,6.715481,0.144059,6.009368,4243,0.544986,obs_disk
51,1.666667,4.764588,6.711579,0.182860,5.840325,4210,0.527712,obs_disk
52,1.700000,6.050530,6.971933,0.191143,5.815417,4908,0.272599,obs_disk
53,1.733333,6.048679,6.952962,0.168196,5.935599,4878,0.277815,obs_disk
54,1.766667,6.796634,7.006797,0.129546,6.126318,5000,0.143949,obs_disk
55,1.800000,5.764809,6.840960,0.094413,6.296687,5028,0.073865,obs_disk
56,1.833333,6.011427,6.835733,0.071316,6.407025,5030,0.106364,obs_disk
57,1.866667,5.105954,6.764616,0.057046,6.473340,5023,0.085311,obs_disk
58,1.900000,6.279370,6.813736,0.047109,6.517920,5025,0.086181,obs_disk
59,1.933333,6.282065,6.804933,0.042855,6.535713,5023,0.082531,obs_disk
60,1.966667,6.170775,6.807306,0.048331,6.509067,5025,0.079647,obs_disk
61,2.000000,6.079502,6.824552,0.063145,6.440660,5026,0.079183,obs_disk
62,2.033333,6.469404,6.882201,0.080268,6.362917,5028,0.074613,obs_disk
63,2.066667,6.583859,6.913438,0.090911,6.314893,5029,0.074707,obs_disk
64,2.100000,6.557797,6.910862,0.091509,6.310767,5027,0.074687,obs_disk
65,2.133333,6.507642,6.889823,0.085680,6.332247,5033,0.083269,obs_disk
66,2.166667,5.982099,6.828295,0.080589,6.346203,5028,0.084340,obs_disk
67,2.200000,6.151031,6.833714,0.083331,6.321141,5025,0.082537,obs_disk
68,2.233333,6.164793,6.847157,0.099846,6.231629,5030,0.082971,obs_disk
69,2.266667,6.408284,6.919108,0.133192,6.065573,5031,0.089020,obs_disk
70,2.300000,6.313742,6.976555,0.180092,5.839498,5030,0.094496,obs_disk
71,2.333333,6.442111,7.082947,0.229433,5.604913,5029,0.093921,obs_disk
72,2.366667,6.341402,7.118411,0.266301,5.429690,5018,0.099879,obs_disk
73,2.400000,6.359526,7.142648,0.280153,5.361007,5030,0.110645,obs_disk
74,2.433333,6.360845,7.120896,0.270708,5.398964,5030,0.108728,obs_disk
75,2.466667,6.419279,7.083023,0.245031,5.510102,5030,0.114693,obs_disk
76,2.500000,6.545288,7.034362,0.208978,5.666544,5029,0.109787,obs_disk
77,2.533333,6.519195,6.931160,0.164452,5.859062,5032,0.110875,obs_disk
78,2.566667,6.860896,6.860301,0.114606,6.074003,5023,0.123864,obs_disk
79,2.600000,6.848308,6.736554,0.066634,6.280225,5022,0.123554,obs_disk
80,2.633333,6.396822,6.623654,0.027605,6.447071,5030,0.116852,obs_disk
81,2.666667,6.545074,6.564280,0.000144,6.563338,5023,0.127163,obs_disk
82,2.700000,6.553403,6.522939,-0.017231,6.635860,5022,0.136660,obs_disk
83,2.733333,6.546731,6.496785,-0.028101,6.680757,5024,0.157590,obs_disk
84,2.766667,7.100811,6.454800,-0.037308,6.719719,5033,0.188392,obs_disk
85,2.800000,8.977646,6.330028,-0.049238,6.772068,5028,0.236379,obs_disk
86,2.833333,7.514613,6.357079,-0.063829,6.836726,5022,0.300190,obs_disk
87,2.866667,5.775298,6.452608,-0.074883,6.885081,5025,0.591243,obs_disk
88,2.900000,12.494339,5.946174,-0.075059,6.883990,5033,0.317056,obs_disk
89,2.933333,12.459211,6.045786,-0.062609,6.825848,5029,0.317983,obs_disk
90,2.966667,14.160296,6.149651,-0.040554,6.723902,5023,0.239823,obs_disk
91,3.000000,8.234919,6.498905,-0.010167,6.582629,4979,0.122487,obs_disk
92,3.033333,8.819540,6.656614,0.029432,6.397041,5031,0.136221,obs_disk
93,3.066667,7.796034,6.761001,0.073132,6.190859,5027,0.122902,obs_disk
94,3.100000,7.781624,6.858864,0.106057,6.033564,5023,0.119287,obs_disk
95,3.133333,6.926226,6.780079,0.113510,5.993882,5021,0.107092,obs_disk
96,3.166667,5.958913,6.640829,0.094957,6.074990,5029,0.115898,obs_disk
97,3.200000,6.768434,6.650655,0.065342,6.208389,5029,0.119243,obs_disk
98,3.233333,6.741099,6.598586,0.042563,6.311662,5029,0.121193,obs_disk
99,3.266667,6.675701,6.579518,0.034874,6.346710,5029,0.121191,obs_disk
100,3.300000,8.238083,6.648410,0.038560,6.330748,5024,0.128368,obs_disk
101,3.333333,9.102982,6.711345,0.044543,6.305871,5022,0.100028,obs_disk
102,3.366667,7.869105,6.668499,0.046870,6.299678,5025,0.120484,obs_disk
103,3.400000,5.224397,6.551065,0.047144,6.304767,5031,0.106748,obs_disk
104,3.433333,5.231512,6.562812,0.052432,6.288516,5032,0.111183,obs_disk
105,3.466667,6.719458,6.684601,0.068523,6.224161,5027,0.131783,obs_disk
106,3.500000,7.890276,6.860531,0.094324,6.116289,5022,0.130624,obs_disk
107,3.533333,7.392905,6.903631,0.122790,5.995852,5028,0.146288,obs_disk
108,3.566667,6.777884,6.888510,0.147044,5.891860,5024,0.134901,obs_disk
109,3.600000,6.802715,6.934004,0.165126,5.810698,5023,0.126574,obs_disk
110,3.633333,6.767527,6.956127,0.179949,5.738316,5027,0.134420,obs_disk
111,3.666667,5.562701,6.746931,0.196533,5.653680,5024,0.105656,obs_disk
112,3.700000,5.219621,6.683472,0.217858,5.546337,5024,0.122157,obs_disk
113,3.733333,5.235318,6.693094,0.240094,5.436127,5030,0.128122,obs_disk
114,3.766667,5.333025,6.719308,0.252460,5.372935,5022,0.110294,obs_disk
115,3.800000,5.582895,6.769790,0.245095,5.401449,5023,0.098455,obs_disk
116,3.833333,6.424363,6.921318,0.217728,5.522555,5030,0.089577,obs_disk
117,3.866667,6.455643,6.854524,0.180321,5.690438,5028,0.101585,obs_disk
118,3.900000,6.109148,6.737007,0.146369,5.842820,5023,0.086580,obs_disk
119,3.933333,6.086397,6.697679,0.124562,5.939544,5030,0.101776,obs_disk
120,3.966667,6.905959,6.771719,0.113522,5.987739,5028,0.094458,obs_disk
121,4.000000,6.146733,6.671766,0.104606,6.028781,5018,0.102888,obs_disk
122,4.033333,7.450479,6.776460,0.092257,6.089101,5028,0.099979,obs_disk
123,4.066667,6.752168,6.693996,0.081060,6.146666,5024,0.133565,obs_disk
124,4.100000,6.740094,6.699691,0.081047,6.153425,5029,0.121608,obs_disk
125,4.133333,4.843769,6.556148,0.097614,6.083326,5030,0.108603,obs_disk
126,4.166667,6.308386,6.754357,0.126678,5.955225,5025,0.078531,obs_disk
127,4.200000,26.255905,9.954758,0.157511,5.819152,5024,0.308889,obs_disk
128,4.233333,26.438967,10.476207,0.179789,5.722761,5030,0.318218,obs_disk
129,4.266667,6.214705,6.862682,0.190435,5.679186,5028,0.097468,obs_disk
130,4.300000,6.751258,6.977727,0.195020,5.661095,5027,0.094680,obs_disk
131,4.333333,6.203175,6.881244,0.201773,5.629608,5019,0.079880,obs_disk
132,4.366667,5.359702,6.717122,0.213939,5.570475,5022,0.074539,obs_disk
133,4.400000,5.550814,6.767516,0.227972,5.502087,5028,0.079992,obs_disk
134,4.433333,5.566547,6.778474,0.238043,5.453399,5026,0.080299,obs_disk
135,4.466667,5.585701,6.786818,0.241882,5.435735,5030,0.082088,obs_disk
136,4.500000,5.554834,6.782556,0.243429,5.430346,5028,0.078359,obs_disk
137,4.533333,5.858208,6.866184,0.249631,5.403795,5023,0.077139,obs_disk
138,4.566667,5.965578,6.911856,0.262784,5.344196,5030,0.103572,obs_disk
139,4.600000,5.962218,6.928471,0.276151,5.281996,5020,0.102918,obs_disk
140,4.633333,7.147876,7.259844,0.278626,5.268261,5019,0.099689,obs_disk
141,4.666667,9.196983,7.760531,0.264250,5.330232,5023,0.117914,obs_disk
142,4.700000,13.728507,8.711865,0.237970,5.444896,5020,0.198907,obs_disk
143,4.733333,13.676238,8.460626,0.212519,5.554161,5029,0.198762,obs_disk
144,4.766667,7.988735,7.191421,0.197014,5.617525,5022,0.149896,obs_disk
145,4.800000,5.136206,6.617658,0.187484,5.654700,5030,0.180168,obs_disk
146,4.833333,4.687182,6.527605,0.172825,5.717541,4907,0.222684,obs_disk
147,4.866667,5.065840,6.581150,0.151724,5.812542,5025,0.141900,obs_disk
148,4.900000,7.197962,6.869113,0.137733,5.877712,5030,0.117124,obs_disk
149,4.933333,7.192594,6.884426,0.142644,5.858448,5023,0.114037,obs_disk
150,4.966667,11.992126,7.691724,0.158650,5.789178,5021,0.142001,obs_disk
151,5.000000,8.106304,7.095057,0.163196,5.772140,5024,0.103326,obs_disk
152,5.033333,8.181747,7.033058,0.141505,5.875299,5024,0.110288,obs_disk
153,5.066667,7.221366,6.795550,0.101001,6.066185,5031,0.090579,obs_disk
154,5.100000,7.215146,6.706523,0.064266,6.242831,5033,0.089604,obs_disk
155,5.133333,6.457358,6.644639,0.051081,6.314791,5029,0.084610,obs_disk
156,5.166667,6.505232,6.689577,0.066180,6.259062,5031,0.084261,obs_disk
157,5.200000,6.211054,6.737681,0.099375,6.120461,5031,0.082830,obs_disk
158,5.233333,6.210008,6.807794,0.134896,5.970088,5024,0.083360,obs_disk
159,5.266667,6.178557,6.859624,0.162779,5.853884,5023,0.087145,obs_disk
160,5.300000,5.796639,6.835704,0.184393,5.766842,5030,0.086557,obs_disk
161,5.333333,6.225989,6.966493,0.207831,5.672541,5030,0.112862,obs_disk
162,5.366667,5.607203,6.879671,0.236454,5.553824,5022,0.101409,obs_disk
163,5.400000,18.092304,10.170575,0.260970,5.449027,5026,0.209802,obs_disk
164,5.433333,18.382488,10.305162,0.265357,5.427236,5022,0.244177,obs_disk
165,5.466667,6.612924,7.127110,0.244444,5.510620,5031,0.109077,obs_disk
166,5.500000,4.960411,6.690531,0.214812,5.624976,5022,0.109001,obs_disk
167,5.533333,5.552533,6.779367,0.202712,5.653801,5026,0.108581,obs_disk
168,5.566667,6.643301,7.007503,0.219136,5.551715,5031,0.165757,obs_disk
169,5.600000,6.671340,7.057928,0.250670,5.385620,5022,0.131802,obs_disk
170,5.633333,8.465849,7.589610,0.274943,5.261985,5027,0.145988,obs_disk
171,5.666667,6.197643,6.970268,0.278993,5.241166,5023,0.119333,obs_disk
172,5.700000,5.683995,6.814968,0.262030,5.325588,5033,0.144890,obs_disk
173,5.733333,5.702573,6.796481,0.228742,5.492064,5032,0.122967,obs_disk
174,5.766667,5.866821,6.797891,0.185627,5.708850,5020,0.115462,obs_disk
175,5.800000,5.509268,6.711410,0.140613,5.936733,5026,0.108257,obs_disk
176,5.833333,5.275142,6.671588,0.101121,6.138162,5025,0.136620,obs_disk
177,5.866667,5.437103,6.678926,0.071452,6.290435,5029,0.200673,obs_disk
178,5.900000,5.443686,6.673774,0.052547,6.387725,5022,0.170578,obs_disk
179,5.933333,5.433887,6.670531,0.043419,6.434597,5031,0.139130,obs_disk
180,5.966667,5.220809,6.661544,0.042613,6.439072,5028,0.132525,obs_disk
181,6.000000,5.216445,6.664611,0.049577,6.405996,5029,0.116047,obs_disk
182,6.033333,5.943107,6.722050,0.065637,6.331962,5035,0.126368,obs_disk
183,6.066667,5.834877,6.750525,0.092366,6.211582,5023,0.160269,obs_disk
184,6.100000,5.822145,6.796246,0.126890,6.057474,5024,0.155277,obs_disk
185,6.133333,5.963554,6.861091,0.159000,5.912884,5028,0.116153,obs_disk
186,6.166667,5.936528,6.876948,0.176547,5.828870,5021,0.124271,obs_disk
187,6.200000,6.169538,6.906687,0.176756,5.816187,5023,0.103280,obs_disk
188,6.233333,6.174733,6.879798,0.170159,5.829111,5025,0.104757,obs_disk
189,6.266667,6.396888,6.899658,0.170194,5.810946,5027,0.093623,obs_disk
190,6.300000,6.327785,6.890362,0.180310,5.749400,5021,0.093441,obs_disk
191,6.333333,6.378747,6.910775,0.193106,5.679002,5031,0.100063,obs_disk
192,6.366667,5.977795,6.833342,0.199928,5.638213,5025,0.126757,obs_disk
193,6.400000,6.234327,6.876184,0.199865,5.630162,5026,0.183399,obs_disk
194,6.433333,6.246595,6.874149,0.201274,5.616869,5029,0.180910,obs_disk
195,6.466667,6.243402,6.892757,0.215193,5.549219,5028,0.169213,obs_disk
196,6.500000,6.620495,7.036444,0.245759,5.409400,5019,0.116648,obs_disk
197,6.533333,6.828053,7.184078,0.286967,5.224653,5024,0.144681,obs_disk
198,6.566667,6.783072,7.271143,0.329401,5.036790,5023,0.168787,obs_disk
199,6.600000,6.795697,7.368849,0.368249,4.866340,5032,0.168743,obs_disk
200,6.633333,8.201838,8.021061,0.403504,4.711584,5030,0.167197,obs_disk
201,6.666667,10.550146,9.163604,0.435564,4.568343,5024,0.168029,obs_disk
202,6.700000,14.935045,11.374721,0.464815,4.432695,5026,0.163191,obs_disk
203,6.733333,14.956785,11.696010,0.495492,4.285043,5024,0.166147,obs_disk
204,6.766667,8.619186,8.708518,0.535823,4.090160,5028,0.334480,obs_disk
205,6.800000,6.513984,7.677594,0.590750,3.829456,5024,0.762574,obs_disk
206,6.833333,4.438771,6.438368,0.654369,3.533775,5029,0.897579,obs_disk
207,6.866667,4.710091,6.625572,0.710564,3.278750,5030,0.881724,obs_disk
208,6.900000,5.222529,7.017285,0.741269,3.145989,5023,0.858349,obs_disk
209,6.933333,5.224754,7.025008,0.735322,3.183129,5029,0.802036,obs_disk
210,6.966667,5.297674,7.056345,0.692603,3.387159,5020,0.545109,obs_disk
211,7.000000,5.515387,7.146681,0.622576,3.712934,5024,0.419364,obs_disk
212,7.033333,5.627128,7.130719,0.539197,4.096586,5022,0.397831,obs_disk
213,7.066667,5.775073,7.109393,0.455112,4.481086,5026,0.497010,obs_disk
214,7.100000,5.771489,7.014274,0.378414,4.830261,5023,0.529224,obs_disk
215,7.133333,5.515858,6.853858,0.313443,5.124949,5036,0.438179,obs_disk
216,7.166667,4.878983,6.636077,0.262838,5.353695,5025,0.581372,obs_disk
217,7.200000,4.605772,6.560777,0.227341,5.513696,5026,0.583881,obs_disk
218,7.233333,4.613664,6.560123,0.203811,5.619808,5032,0.593294,obs_disk
219,7.266667,4.580081,6.552703,0.185057,5.705127,5021,0.631698,obs_disk
220,7.300000,4.725436,6.576684,0.163304,5.805001,5034,0.692416,obs_disk
221,7.333333,4.864798,6.591947,0.135589,5.932336,5030,0.724223,obs_disk
222,7.366667,4.981174,6.595710,0.106400,6.065712,5022,0.738815,obs_disk
223,7.400000,4.775365,6.567778,0.083449,6.169277,5031,0.718708,obs_disk
224,7.433333,4.773665,6.562483,0.069647,6.230014,5026,0.725776,obs_disk
225,7.466667,4.601228,6.547959,0.060550,6.269355,4889,0.521498,obs_disk
226,7.500000,4.669504,6.550089,0.050731,6.313202,5026,0.445519,obs_disk
227,7.533333,4.646032,6.548636,0.040937,6.358440,5020,0.385816,obs_disk
228,7.566667,4.573018,6.547306,0.038519,6.371156,5032,0.356203,obs_disk
229,7.600000,4.578323,6.550121,0.052628,6.309172,5021,0.353750,obs_disk
230,7.633333,4.610976,6.556450,0.089026,6.145952,5021,0.359185,obs_disk
231,7.666667,4.684218,6.573004,0.146776,5.885474,5023,0.358180,obs_disk
232,7.700000,4.649745,6.576718,0.218410,5.561168,5031,0.362244,obs_disk
233,7.733333,4.664554,6.588643,0.293402,5.220054,5019,0.363533,obs_disk
234,7.766667,4.634937,6.583461,0.361261,4.909038,5021,0.369126,obs_disk
235,7.800000,4.649059,6.588961,0.413321,4.667410,5024,0.365474,obs_disk
236,7.833333,4.632926,6.578349,0.445740,4.513267,4875,0.381034,obs_disk
237,7.866667,4.640734,6.575455,0.461910,4.431852,4905,0.384366,obs_disk
238,7.900000,4.648650,6.570974,0.469821,4.386939,4799,0.390855,obs_disk
239,7.933333,4.655090,6.564781,0.476241,4.347835,4792,0.399506,obs_disk
240,7.966667,4.638262,6.547517,0.483497,4.304934,4777,0.421753,obs_disk
241,8.000000,4.644724,6.543179,0.490668,4.264160,4754,0.443656,obs_disk
242,8.033333,4.589561,6.511212,0.496357,4.233152,4854,0.462077,obs_disk
