asset,category,case,size_bytes,sha256,release_url
back_view_basketball_input.mp4,input,back_view_basketball,2460410,c045bc02e3d5a7337b70993eec2364831a7561ce0bda859936e0a4236913eae3,https://github.com/THB21/AudioHOI/releases/download/results-v1/back_view_basketball_input.mp4
back_view_basketball_object_only_overlay.mp4,object_only,back_view_basketball,1419532,f9634252988702c90130436bae146af2b84c7a87f469f65b9b6c2eebc318d752,https://github.com/THB21/AudioHOI/releases/download/results-v1/back_view_basketball_object_only_overlay.mp4
back_view_basketball_vlm_vs_vlm_audio.mp4,challenge_comparison,back_view_basketball,1269118,4f6f2462ce906e32d8e20cdef2f37d7f8071f4c15d4ed97739776e4ce5253d31,https://github.com/THB21/AudioHOI/releases/download/results-v1/back_view_basketball_vlm_vs_vlm_audio.mp4
back_view_basketball_with_skeleton_overlay.mp4,with_skeleton,back_view_basketball,2412677,b766acadbdd8210f4f1cd384ac0b4b746f5cb6ef346cbf5a1ac8c30f319c5770,https://github.com/THB21/AudioHOI/releases/download/results-v1/back_view_basketball_with_skeleton_overlay.mp4
basketball_input.mp4,input,basketball,1185699,6ba716b2264f07527655157c3932c9499c7eba06f2ff450a65071ff695d0522c,https://github.com/THB21/AudioHOI/releases/download/results-v1/basketball_input.mp4
basketball_object_only_overlay.mp4,object_only,basketball,1040904,8eb198b8a70f3bb3fe66a262612ab22ab03114e74bd27311e5bed8f495b1f284,https://github.com/THB21/AudioHOI/releases/download/results-v1/basketball_object_only_overlay.mp4
basketball_with_skeleton_overlay.mp4,with_skeleton,basketball,1658087,1e9dc632ad0cdc7c149af027c114e815918ca08f13c437395ba584f154f5b775,https://github.com/THB21/AudioHOI/releases/download/results-v1/basketball_with_skeleton_overlay.mp4
chair_input.mp4,input,chair,1302574,e43c4bb0d7f064926deaa2a9cbb7a1c4f50998a0fe7810c810e677ace2643c02,https://github.com/THB21/AudioHOI/releases/download/results-v1/chair_input.mp4
chair_object_only_overlay.mp4,object_only,chair,1008174,f0da877eed36bd96a841abd559ce6d2f64246b72f5e462108d1402fe380f6549,https://github.com/THB21/AudioHOI/releases/download/results-v1/chair_object_only_overlay.mp4
chair_with_skeleton_overlay.mp4,with_skeleton,chair,1119519,f9fe5113fd0ffd3ef8230aa535d9bf4a6ee4d2ec3efe4db1a1131a7ace7b989f,https://github.com/THB21/AudioHOI/releases/download/results-v1/chair_with_skeleton_overlay.mp4
football_input.mp4,input,football,5784181,888333b328165ced3f4ada0354588363558c4da3c4bb7feb8e90ddc8bc34b866,https://github.com/THB21/AudioHOI/releases/download/results-v1/football_input.mp4
football_object_only_overlay.mp4,object_only,football,2099796,9311d496a9a98918aeba3e8c6ea4af0d0b019e0e34c7856952ad9e7ca0fb45c8,https://github.com/THB21/AudioHOI/releases/download/results-v1/football_object_only_overlay.mp4
football_with_skeleton_overlay.mp4,with_skeleton,football,3142408,92af9853fa8728ed812684fafa7285ac8e4b8592589e81baf915aa57ce8ddaf0,https://github.com/THB21/AudioHOI/releases/download/results-v1/football_with_skeleton_overlay.mp4
mug_input.mp4,input,mug,1061169,63c0f964fbc31f53c4a61bff2635e1d313d22df49ce6d678be0d013c12161796,https://github.com/THB21/AudioHOI/releases/download/results-v1/mug_input.mp4
mug_object_only_overlay.mp4,object_only,mug,889096,497e7200e6cc688240d8a4e0b707ee2932f6cb515e372ab6a64441c0c3a4be45,https://github.com/THB21/AudioHOI/releases/download/results-v1/mug_object_only_overlay.mp4
mug_with_skeleton_overlay.mp4,with_skeleton,mug,1011973,32b826e2060d73313c0b3bdfa6cbfba154f7a5729aaa5af6f9d85df3e712c745,https://github.com/THB21/AudioHOI/releases/download/results-v1/mug_with_skeleton_overlay.mp4
pingpong_input.mp4,input,pingpong,2646440,72d1434f6b3e3d91416fd89eedb17b52b2c32b4c292dd574c7e7f3a05664f52c,https://github.com/THB21/AudioHOI/releases/download/results-v1/pingpong_input.mp4
pingpong_object_only_overlay.mp4,object_only,pingpong,1601437,8216fe78840c64b475d7d34ed82f3938de62c98aaf96b29ce738dc0a73e93ae3,https://github.com/THB21/AudioHOI/releases/download/results-v1/pingpong_object_only_overlay.mp4
pingpong_vlm_vs_vlm_audio.mp4,challenge_comparison,pingpong,1851508,59692c9b98f0d571ac4a7a6990b1c208b2774a1d137bfc3a35a7b5cd5f7ab820,https://github.com/THB21/AudioHOI/releases/download/results-v1/pingpong_vlm_vs_vlm_audio.mp4
pingpong_with_skeleton_overlay.mp4,with_skeleton,pingpong,2716010,a816c9dd29af9e046eb09ed40680086ead1bdf925fd68f316d6ec0a92e2d2459,https://github.com/THB21/AudioHOI/releases/download/results-v1/pingpong_with_skeleton_overlay.mp4
stick_input.mp4,input,stick,2435680,5aeafba78887443a81dfcb998d59ae428f9d3b2d07cc0b55800c855b3d15f5e3,https://github.com/THB21/AudioHOI/releases/download/results-v1/stick_input.mp4
stick_object_only_overlay.mp4,object_only,stick,1326880,0806ab4d6c7c8e4323449321e19fc5333edfecd6bef5758b143280feb13bcb7e,https://github.com/THB21/AudioHOI/releases/download/results-v1/stick_object_only_overlay.mp4
stick_with_skeleton_overlay.mp4,with_skeleton,stick,1593428,267642e1b287a5b20843132efd3c20054ec132c44b05ea4f0ef5f74b9c8f6ea9,https://github.com/THB21/AudioHOI/releases/download/results-v1/stick_with_skeleton_overlay.mp4
suitcase_input.mp4,input,suitcase,2505634,f88340a75fa3b2aa784ed893a03bc6d7017b7a6bfd878db8838497fcc01bb340,https://github.com/THB21/AudioHOI/releases/download/results-v1/suitcase_input.mp4
suitcase_object_only_overlay.mp4,object_only,suitcase,1274435,399b3475b415c338c8bcc5921836da66e72eca0d0f1707f96f678d1c8c97b31e,https://github.com/THB21/AudioHOI/releases/download/results-v1/suitcase_object_only_overlay.mp4
suitcase_vlm_vs_vlm_audio.mp4,challenge_comparison,suitcase,1799892,a41a4da5ff7d22449e2f21461001e1d5615722048e7d23e8d8acb38edd2d1833,https://github.com/THB21/AudioHOI/releases/download/results-v1/suitcase_vlm_vs_vlm_audio.mp4
suitcase_with_skeleton_overlay.mp4,with_skeleton,suitcase,1491348,8edeb3e7dfd1231147989750f1317bc275e80cd624ab4e0f6101f342793bef02,https://github.com/THB21/AudioHOI/releases/download/results-v1/suitcase_with_skeleton_overlay.mp4
volleyball_input.mp4,input,volleyball,2577169,b6a80fbaba744f294c5311639b44ff1e924a40e6d5b5ae67ca18fcf41d6575c8,https://github.com/THB21/AudioHOI/releases/download/results-v1/volleyball_input.mp4
volleyball_object_only_overlay.mp4,object_only,volleyball,1305853,eda944d89aa5635548b3470f030645cdac36fbfe14e61a52f2f9ffebfd5731ae,https://github.com/THB21/AudioHOI/releases/download/results-v1/volleyball_object_only_overlay.mp4
volleyball_vlm_vs_vlm_audio.mp4,challenge_comparison,volleyball,1031452,8607d55cc078c0a1806b9716062c1a1b80cd3ff471d17174579f112b1c5ddba1,https://github.com/THB21/AudioHOI/releases/download/results-v1/volleyball_vlm_vs_vlm_audio.mp4
volleyball_with_skeleton_overlay.mp4,with_skeleton,volleyball,2072498,36bafc4f321580dded633f625d9a788b76b32d313cac019eacc6ac7b0dd37528,https://github.com/THB21/AudioHOI/releases/download/results-v1/volleyball_with_skeleton_overlay.mp4
