frame,time,tx,ty,tz,qw,qx,qy,qz,radius_m,coord_frame,u_obs,v_obs,radius_obs_px,u_proj,v_proj,radius_proj_px,bottom_proj_v,floor_v,support_type,support_source,support_confidence,residual_px,contact_frame,audio_contact_frame,human_contact_event,floor_contact_event,human_contact_state,floor_contact_state,contact_part,contact_side,contact_label,active_part,active_part_y,active_part_z,u_ref_obs,v_ref_obs,contact_u,contact_v,contact_depth_offset_m,contact_depth_offset_used_m,z_contact_final,global_z_ref,z_ref_global_shift,z_ref_anchor_segment,contact_depth_gap
1,0.000000,-0.311055,0.074998,3.611203,1.000000,0.000000,0.000000,0.000000,0.120000,gvhmr_incam,513.500,390.500,,513.500,390.500,,,526.726,proxy_support,radius_free_proxy_observations,0.000000,0.000000,0,0,0,0,0,0,hand,right,right_hand,right_hand,-0.053659,3.667256,513.500,390.500,508.000,349.000,0.034877,0.034877,3.646080,3.611203,3.946035,3.611203,-0.021176
2,0.041667,-0.309415,0.059216,3.611203,1.000000,0.000000,0.000000,0.000000,0.120000,gvhmr_incam,514.167,384.082,,514.167,384.082,,,526.726,proxy_support,radius_free_proxy_observations,0.000000,0.000000,1,0,1,0,0,0,hand,right,right_hand,right_hand,-0.054241,3.663545,514.167,384.082,506.000,342.000,0.052342,0.052342,3.663545,3.611203,3.956500,3.611203,0.000000
3,0.083333,-0.308241,0.055675,3.612625,1.000000,0.000000,0.000000,0.000000,0.120000,gvhmr_incam,514.694,382.633,,514.694,382.633,,,526.726,proxy_support,radius_free_proxy_observations,0.000000,0.000000,0,0,0,0,0,0,hand,right,right_hand,right_hand,-0.050013,3.660486,514.694,382.633,506.000,341.000,0.072793,0.072793,3.685418,3.612683,3.934370,3.612683,0.024931
4,0.125000,-0.304916,0.061736,3.614073,1.000000,0.000000,0.000000,0.000000,0.120000,gvhmr_incam,516.095,385.087,,516.095,385.087,,,526.726,proxy_support,radius_free_proxy_observations,0.000000,0.000000,0,0,0,0,0,0,hand,right,right_hand,right_hand,-0.037309,3.669440,516.095,385.087,510.000,344.000,0.020017,0.020017,3.634090,3.614162,3.929380,3.614162,-0.035350
5,0.166667,-0.297226,0.083271,3.615540,1.000000,0.000000,0.000000,0.000000,0.120000,gvhmr_incam,519.269,393.824,,519.269,393.824,,,526.726,proxy_support,radius_free_proxy_observations,0.000000,0.000000,0,0,0,0,0,0,hand,right,right_hand,right_hand,-0.009671,3.685719,519.269,393.824,507.000,358.000,0.018247,0.018247,3.633787,3.615642,3.956986,3.615642,-0.051932
6,0.208333,-0.291428,0.148005,3.616942,1.000000,0.000000,0.000000,0.000000,0.120000,gvhmr_incam,521.670,420.095,,521.670,420.095,,,526.726,proxy_support,radius_free_proxy_observations,0.000000,0.000000,0,0,0,0,0,0,hand,right,right_hand,right_hand,0.032352,3.706092,521.670,420.095,514.000,378.000,-0.053594,-0.053594,3.563348,3.617121,3.919034,3.617121,-0.142744
7,0.250000,-0.288450,0.251614,3.618290,1.000000,0.000000,0.000000,0.000000,0.120000,gvhmr_incam,522.923,462.126,,522.923,462.126,,,526.726,proxy_support,radius_free_proxy_observations,0.000000,0.000000,0,0,0,0,0,0,hand,right,right_hand,right_hand,0.089653,3.749129,522.923,462.126,526.000,406.000,-0.042657,-0.042657,3.575633,3.618601,3.883434,3.618601,-0.173496
8,0.291667,-0.283498,0.380632,3.619654,1.000000,0.000000,0.000000,0.000000,0.120000,gvhmr_incam,524.976,514.434,,524.976,514.434,,,526.726,proxy_support,radius_free_proxy_observations,0.000000,0.000000,0,0,0,0,0,0,hand,right,right_hand,right_hand,0.131219,3.786225,524.976,514.434,524.000,479.000,2.437364,0.000000,3.619654,3.620080,3.856163,3.620080,-0.166572
9,0.333333,-0.273311,0.552188,3.620922,1.000000,0.000000,0.000000,0.000000,0.120000,gvhmr_incam,529.148,583.961,,529.148,583.961,,,526.726,proxy_support,radius_free_proxy_observations,0.000000,0.000000,0,0,0,0,0,0,hand,right,right_hand,right_hand,0.158073,3.815989,529.148,583.961,527.000,540.000,-0.107549,-0.107549,3.513373,3.621560,3.839668,3.621560,-0.302616
10,0.375000,-0.275212,0.595778,3.622342,1.000000,0.000000,0.000000,0.000000,0.120000,gvhmr_incam,528.421,601.546,,528.421,601.546,,,526.726,proxy_support,radius_free_proxy_observations,0.000000,0.000000,0,0,0,1,0,1,floor,,floor,right_hand,0.168980,3.840481,528.421,601.546,547.000,558.000,0.008248,0.008248,3.630590,3.623040,3.865913,3.623040,-0.209891
11,0.416667,-0.277693,0.488000,3.623853,1.000000,0.000000,0.000000,0.000000,0.120000,gvhmr_incam,527.462,557.767,,527.462,557.767,,,526.726,proxy_support,radius_free_proxy_observations,0.000000,0.000000,0,0,0,0,0,0,hand,right,right_hand,right_hand,0.165606,3.852963,527.462,557.767,530.000,527.000,0.075393,0.075393,3.699246,3.624519,3.873688,3.624519,-0.153716
12,0.458333,-0.273843,0.388391,3.625409,1.000000,0.000000,0.000000,0.000000,0.120000,gvhmr_incam,529.070,517.332,,529.070,517.332,,,526.726,proxy_support,radius_free_proxy_observations,0.000000,0.000000,0,0,0,0,0,0,hand,right,right_hand,right_hand,0.148050,3.847499,529.070,517.332,526.000,474.000,1.796760,0.000000,3.625409,3.625999,3.845050,3.625999,-0.222090
13,0.500000,-0.281935,0.310424,3.626868,1.000000,0.000000,0.000000,0.000000,0.120000,gvhmr_incam,525.838,485.698,,525.838,485.698,,,526.726,proxy_support,radius_free_proxy_observations,0.000000,0.000000,0,0,0,0,0,0,hand,right,right_hand,right_hand,0.114402,3.813038,525.838,485.698,522.000,441.000,3.841463,0.000000,3.626868,3.627478,3.878469,3.627478,-0.186169
14,0.541667,-0.280833,0.246321,3.628364,1.000000,0.000000,0.000000,0.000000,0.120000,gvhmr_incam,526.331,459.700,,526.331,459.700,,,526.726,proxy_support,radius_free_proxy_observations,0.000000,0.000000,0,0,0,0,0,0,hand,right,right_hand,right_hand,0.071485,3.785596,526.331,459.700,521.000,414.000,3.813060,0.000000,3.628364,3.628958,3.901222,3.628958,-0.157232
15,0.583333,-0.277261,0.194941,3.629864,1.000000,0.000000,0.000000,0.000000,0.120000,gvhmr_incam,527.823,438.871,,527.823,438.871,,,526.726,proxy_support,radius_free_proxy_observations,0.000000,0.000000,0,0,0,0,0,0,hand,right,right_hand,right_hand,0.038150,3.755041,527.823,438.871,521.000,394.000,2.160910,0.000000,3.629864,3.630437,3.911630,3.630437,-0.125177
16,0.625000,-0.278548,0.156664,3.631335,1.000000,0.000000,0.000000,0.000000,0.120000,gvhmr_incam,527.348,423.359,,527.348,423.359,,,526.726,proxy_support,radius_free_proxy_observations,0.000000,0.000000,0,0,0,0,0,0,hand,right,right_hand,right_hand,0.020730,3.729562,527.348,423.359,525.000,379.000,0.550248,0.550248,4.181583,3.631917,3.907696,3.631917,0.452021
17,0.666667,-0.273864,0.139249,3.632804,1.000000,0.000000,0.000000,0.000000,0.120000,gvhmr_incam,529.287,416.293,,529.287,416.293,,,526.726,proxy_support,radius_free_proxy_observations,0.000000,0.000000,0,0,0,0,0,0,hand,right,right_hand,right_hand,0.020257,3.714808,529.287,416.293,525.000,372.000,0.008560,0.008560,3.641364,3.633397,3.862725,3.633397,-0.073444
18,0.708333,-0.270527,0.142422,3.634255,1.000000,0.000000,0.000000,0.000000,0.120000,gvhmr_incam,530.680,417.553,,530.680,417.553,,,526.726,proxy_support,radius_free_proxy_observations,0.000000,0.000000,0,0,0,0,0,0,hand,right,right_hand,right_hand,0.043412,3.699178,530.680,417.553,529.000,375.000,-0.016328,-0.016328,3.617927,3.634876,3.821476,3.634876,-0.081251
19,0.750000,-0.263503,0.182734,3.635683,1.000000,0.000000,0.000000,0.000000,0.120000,gvhmr_incam,533.560,433.814,,533.560,433.814,,,526.726,proxy_support,radius_free_proxy_observations,0.000000,0.000000,0,0,0,0,0,0,hand,right,right_hand,right_hand,0.088233,3.699030,533.560,433.814,529.000,391.000,-0.002018,-0.002018,3.633665,3.636356,3.795792,3.636356,-0.065365
20,0.791667,-0.262406,0.304055,3.636941,1.000000,0.000000,0.000000,0.000000,0.120000,gvhmr_incam,534.040,482.778,,534.040,482.778,,,526.726,proxy_support,radius_free_proxy_observations,0.000000,0.000000,0,0,0,0,0,0,hand,right,right_hand,right_hand,0.150929,3.711479,534.040,482.778,529.000,439.000,-0.072256,-0.072256,3.564685,3.637835,3.761156,3.637835,-0.146795
21,0.833333,-0.259699,0.448310,3.638399,1.000000,0.000000,0.000000,0.000000,0.120000,gvhmr_incam,535.175,540.956,,535.175,540.956,,,526.726,proxy_support,radius_free_proxy_observations,0.000000,0.000000,0,0,0,0,0,0,hand,right,right_hand,right_hand,0.199159,3.735127,535.175,540.956,531.000,495.000,0.041338,0.041338,3.679737,3.639315,3.717928,3.639315,-0.055390
22,0.875000,-0.250173,0.605543,3.640048,1.000000,0.000000,0.000000,0.000000,0.120000,gvhmr_incam,539.066,604.311,,539.066,604.311,,,526.726,proxy_support,radius_free_proxy_observations,0.000000,0.000000,0,0,0,1,0,1,floor,,floor,right_hand,0.231528,3.730947,539.066,604.311,534.000,563.000,0.012039,0.012039,3.652087,3.640794,3.671186,3.640794,-0.078860
23,0.916667,-0.252410,0.597302,3.641829,1.000000,0.000000,0.000000,0.000000,0.120000,gvhmr_incam,538.213,600.868,,538.213,600.868,,,526.726,proxy_support,radius_free_proxy_observations,0.000000,0.000000,0,0,0,0,0,0,hand,right,right_hand,right_hand,0.243225,3.729294,538.213,600.868,528.000,560.000,0.021368,0.021368,3.663197,3.642274,3.618787,3.642274,-0.066098
24,0.958333,-0.263488,0.460015,3.643692,1.000000,0.000000,0.000000,0.000000,0.120000,gvhmr_incam,533.800,545.411,,533.800,545.411,,,526.726,proxy_support,radius_free_proxy_observations,0.000000,0.000000,0,0,0,0,0,0,hand,right,right_hand,right_hand,0.234850,3.714227,533.800,545.411,532.000,502.000,0.125020,0.125020,3.768712,3.643754,3.592024,3.643754,0.054485
25,1.000000,-0.275672,0.361713,3.645290,1.000000,0.000000,0.000000,0.000000,0.120000,gvhmr_incam,528.938,505.726,,528.938,505.726,,,526.726,proxy_support,radius_free_proxy_observations,0.000000,0.000000,0,0,0,0,0,0,hand,right,right_hand,right_hand,0.207546,3.668438,528.938,505.726,519.000,460.000,-0.038615,-0.038615,3.606675,3.645233,3.568300,3.645233,-0.061762
26,1.041667,-0.285575,0.285446,3.646713,1.000000,0.000000,0.000000,0.000000,0.120000,gvhmr_incam,524.993,474.955,,524.993,474.955,,,526.726,proxy_support,radius_free_proxy_observations,0.000000,0.000000,1,0,1,0,0,0,hand,right,right_hand,right_hand,0.160121,3.641512,524.993,474.955,520.000,435.000,-0.005201,-0.005201,3.641512,3.646713,3.554566,3.646713,0.000000
27,1.083333,-0.295689,0.229652,3.644046,1.000000,0.000000,0.000000,0.000000,0.120000,gvhmr_incam,520.833,452.553,,520.833,452.553,,,526.726,proxy_support,radius_free_proxy_observations,0.000000,0.000000,0,0,0,0,0,0,hand,right,right_hand,right_hand,0.107274,3.619800,520.833,452.553,521.000,410.000,0.034359,0.034359,3.678405,3.643894,3.543737,3.643894,0.058604
28,1.125000,-0.298033,0.190026,3.641247,1.000000,0.000000,0.000000,0.000000,0.120000,gvhmr_incam,519.796,436.642,,519.796,436.642,,,526.726,proxy_support,radius_free_proxy_observations,0.000000,0.000000,0,0,0,0,0,0,hand,right,right_hand,right_hand,0.065614,3.608790,519.796,436.642,519.000,394.000,0.073357,0.073357,3.714604,3.641075,3.549327,3.641075,0.105814
29,1.166667,-0.295830,0.169370,3.638331,1.000000,0.000000,0.000000,0.000000,0.120000,gvhmr_incam,520.589,428.366,,520.589,428.366,,,526.726,proxy_support,radius_free_proxy_observations,0.000000,0.000000,0,0,0,0,0,0,hand,right,right_hand,right_hand,0.040879,3.600039,520.589,428.366,521.000,380.000,0.126605,0.126605,3.764936,3.638256,3.546023,3.638256,0.164897
30,1.208333,-0.296336,0.159973,3.635337,1.000000,0.000000,0.000000,0.000000,0.120000,gvhmr_incam,520.286,424.626,,520.286,424.626,,,526.726,proxy_support,radius_free_proxy_observations,0.000000,0.000000,0,0,0,0,0,0,hand,right,right_hand,right_hand,0.033650,3.591058,520.286,424.626,518.000,378.000,0.115378,0.115378,3.750715,3.635437,3.546541,3.635437,0.159657
31,1.250000,-0.294062,0.166451,3.632315,1.000000,0.000000,0.000000,0.000000,0.120000,gvhmr_incam,521.106,427.299,,521.106,427.299,,,526.726,proxy_support,radius_free_proxy_observations,0.000000,0.000000,0,0,0,0,0,0,hand,right,right_hand,right_hand,0.052545,3.585791,521.106,427.299,520.000,382.000,0.087785,0.087785,3.720100,3.632618,3.545501,3.632618,0.134309
32,1.291667,-0.289778,0.211658,3.629217,1.000000,0.000000,0.000000,0.000000,0.120000,gvhmr_incam,522.738,445.650,,522.738,445.650,,,526.726,proxy_support,radius_free_proxy_observations,0.000000,0.000000,0,0,0,0,0,0,hand,right,right_hand,right_hand,0.104748,3.585649,522.738,445.650,519.000,399.000,-0.001729,-0.001729,3.627488,3.629799,3.554113,3.629799,0.041838
33,1.333333,-0.267904,0.282719,3.626219,1.000000,0.000000,0.000000,0.000000,0.120000,gvhmr_incam,531.500,474.500,,531.500,474.500,,,526.726,proxy_support,radius_free_proxy_observations,0.000000,0.000000,0,0,0,0,0,0,hand,right,right_hand,right_hand,0.168942,3.592409,531.500,474.500,528.000,432.000,0.036688,0.036688,3.662907,3.626980,3.553088,3.626980,0.070497
34,1.375000,-0.276625,0.425232,3.622920,1.000000,0.000000,0.000000,0.000000,0.120000,gvhmr_incam,527.866,532.374,,527.866,532.374,,,526.726,proxy_support,radius_free_proxy_observations,0.000000,0.000000,0,0,0,0,0,0,hand,right,right_hand,right_hand,0.236420,3.618556,527.866,532.374,531.000,488.000,0.026105,0.026105,3.649025,3.624161,3.534568,3.624161,0.030469
35,1.416667,-0.265670,0.581056,3.620044,1.000000,0.000000,0.000000,0.000000,0.120000,gvhmr_incam,532.221,595.727,,532.221,595.727,,,526.726,proxy_support,radius_free_proxy_observations,0.000000,0.000000,0,0,0,0,0,0,hand,right,right_hand,right_hand,0.282803,3.658267,532.221,595.727,542.000,545.000,0.070220,0.070220,3.690264,3.621343,3.515278,3.621343,0.031997
36,1.458333,-0.262902,0.639671,3.617424,1.000000,0.000000,0.000000,0.000000,0.120000,gvhmr_incam,533.267,619.694,,533.267,619.694,,,526.726,proxy_support,radius_free_proxy_observations,0.000000,0.000000,0,0,0,1,0,1,floor,,floor,right_hand,0.302807,3.678698,533.267,619.694,539.000,574.000,0.069242,0.069242,3.686666,3.618524,3.500203,3.618524,0.007968
37,1.500000,-0.278787,0.525240,3.615039,1.000000,0.000000,0.000000,0.000000,0.120000,gvhmr_incam,526.743,573.378,,526.743,573.378,,,526.726,proxy_support,radius_free_proxy_observations,0.000000,0.000000,0,0,0,0,0,0,hand,right,right_hand,right_hand,0.299944,3.688451,526.743,573.378,535.000,528.000,-0.027936,-0.027936,3.587103,3.615705,3.500844,3.615705,-0.101348
38,1.541667,-0.289210,0.421810,3.612886,1.000000,0.000000,0.000000,0.000000,0.120000,gvhmr_incam,522.439,531.462,,522.439,531.462,,,526.726,proxy_support,radius_free_proxy_observations,0.000000,0.000000,1,0,1,0,0,0,hand,right,right_hand,right_hand,0.271927,3.671550,522.439,531.462,532.000,484.000,0.058664,0.058664,3.671550,3.612886,3.521765,3.612886,0.000000
39,1.583333,-0.290999,0.334353,3.615529,1.000000,0.000000,0.000000,0.000000,0.120000,gvhmr_incam,521.798,495.812,,521.798,495.812,,,526.726,proxy_support,radius_free_proxy_observations,0.000000,0.000000,0,0,0,0,0,0,hand,right,right_hand,right_hand,0.214660,3.640499,521.798,495.812,518.000,450.000,0.000894,0.000894,3.616423,3.615825,3.545339,3.615825,-0.024076
40,1.625000,-0.301583,0.267108,3.618278,1.000000,0.000000,0.000000,0.000000,0.120000,gvhmr_incam,517.592,468.415,,517.592,468.415,,,526.726,proxy_support,radius_free_proxy_observations,0.000000,0.000000,0,0,0,0,0,0,hand,right,right_hand,right_hand,0.150207,3.621206,517.592,468.415,513.000,424.000,0.044904,0.044904,3.663182,3.618764,3.579885,3.618764,0.041977
41,1.666667,-0.315518,0.216693,3.621131,1.000000,0.000000,0.000000,0.000000,0.120000,gvhmr_incam,512.037,447.883,,512.037,447.883,,,526.726,proxy_support,radius_free_proxy_observations,0.000000,0.000000,0,0,0,0,0,0,hand,right,right_hand,right_hand,0.088314,3.614303,512.037,447.883,511.000,402.000,0.135583,0.135583,3.756714,3.621703,3.632323,3.621703,0.142411
42,1.708333,-0.319974,0.184065,3.624104,1.000000,0.000000,0.000000,0.000000,0.120000,gvhmr_incam,510.336,434.589,,510.336,434.589,,,526.726,proxy_support,radius_free_proxy_observations,0.000000,0.000000,0,0,0,0,0,0,hand,right,right_hand,right_hand,0.047908,3.603596,510.336,434.589,509.000,388.000,0.113495,0.113495,3.737599,3.624642,3.670739,3.624642,0.134003
43,1.750000,-0.325998,0.166260,3.627120,1.000000,0.000000,0.000000,0.000000,0.120000,gvhmr_incam,508.005,427.318,,508.005,427.318,,,526.726,proxy_support,radius_free_proxy_observations,0.000000,0.000000,0,0,0,0,0,0,hand,right,right_hand,right_hand,0.023571,3.605705,508.005,427.318,508.000,380.000,0.132893,0.132893,3.760013,3.627581,3.677590,3.627581,0.154308
44,1.791667,-0.322241,0.159538,3.630232,1.000000,0.000000,0.000000,0.000000,0.120000,gvhmr_incam,509.638,424.541,,509.638,424.541,,,526.726,proxy_support,radius_free_proxy_observations,0.000000,0.000000,0,0,0,0,0,0,hand,right,right_hand,right_hand,0.024516,3.608222,509.638,424.541,510.000,377.000,0.117810,0.117810,3.748042,3.630520,3.657893,3.630520,0.139820
45,1.833333,-0.308038,0.175919,3.633385,1.000000,0.000000,0.000000,0.000000,0.120000,gvhmr_incam,515.492,431.106,,515.492,431.106,,,526.726,proxy_support,radius_free_proxy_observations,0.000000,0.000000,0,0,0,0,0,0,hand,right,right_hand,right_hand,0.052561,3.600945,515.492,431.106,504.000,390.000,0.063792,0.063792,3.697177,3.633459,3.626934,3.633459,0.096231
46,1.875000,-0.294532,0.223977,3.636478,1.000000,0.000000,0.000000,0.000000,0.120000,gvhmr_incam,521.052,450.454,,521.052,450.454,,,526.726,proxy_support,radius_free_proxy_observations,0.000000,0.000000,0,0,0,0,0,0,hand,right,right_hand,right_hand,0.103709,3.601496,521.052,450.454,507.000,407.000,-0.099169,-0.099169,3.537309,3.636398,3.578908,3.636398,-0.064187
47,1.916667,-0.277819,0.310682,3.639496,1.000000,0.000000,0.000000,0.000000,0.120000,gvhmr_incam,527.895,485.366,,527.895,485.366,,,526.726,proxy_support,radius_free_proxy_observations,0.000000,0.000000,0,0,0,0,0,0,hand,right,right_hand,right_hand,0.177883,3.610142,527.895,485.366,517.000,444.000,-0.084889,-0.084889,3.554607,3.639337,3.547219,3.639337,-0.055535
48,1.958333,-0.255939,0.433265,3.642462,1.000000,0.000000,0.000000,0.000000,0.120000,gvhmr_incam,536.808,534.688,,536.808,534.688,,,526.726,proxy_support,radius_free_proxy_observations,0.000000,0.000000,0,0,0,0,0,0,hand,right,right_hand,right_hand,0.249242,3.635264,536.808,534.688,532.000,491.000,0.017989,0.017989,3.660451,3.642276,3.497624,3.642276,0.025187
49,2.000000,-0.226143,0.577765,3.645482,1.000000,0.000000,0.000000,0.000000,0.120000,gvhmr_incam,548.897,592.756,,548.897,592.756,,,526.726,proxy_support,radius_free_proxy_observations,0.000000,0.000000,0,0,0,0,0,0,hand,right,right_hand,right_hand,0.291609,3.665288,548.897,592.756,541.000,541.000,0.004284,0.004284,3.649766,3.645215,3.459624,3.645215,-0.015522
50,2.041667,-0.210064,0.658053,3.648521,1.000000,0.000000,0.000000,0.000000,0.120000,gvhmr_incam,555.445,624.880,,555.445,624.880,,,526.726,proxy_support,radius_free_proxy_observations,0.000000,0.000000,0,0,0,1,0,1,floor,,floor,right_hand,0.309879,3.677545,555.445,624.880,539.000,586.000,0.116312,0.116312,3.764833,3.648154,3.451515,3.648154,0.087288
51,2.083333,-0.194957,0.551732,3.651502,1.000000,0.000000,0.000000,0.000000,0.120000,gvhmr_incam,561.590,581.902,,561.590,581.902,,,526.726,proxy_support,radius_free_proxy_observations,0.000000,0.000000,0,0,0,0,0,0,hand,right,right_hand,right_hand,0.308704,3.679149,561.590,581.902,550.000,539.000,0.017078,0.017078,3.668580,3.651093,3.459707,3.651093,-0.010569
52,2.125000,-0.188325,0.448410,3.654335,1.000000,0.000000,0.000000,0.000000,0.120000,gvhmr_incam,564.316,540.207,,564.316,540.207,,,526.726,proxy_support,radius_free_proxy_observations,0.000000,0.000000,0,0,0,0,0,0,hand,right,right_hand,right_hand,0.282445,3.660060,564.316,540.207,559.000,493.000,0.039678,0.039678,3.694013,3.654032,3.465698,3.654032,0.033953
53,2.166667,-0.169944,0.362613,3.656971,1.000000,0.000000,0.000000,0.000000,0.120000,gvhmr_incam,571.752,505.622,,571.752,505.622,,,526.726,proxy_support,radius_free_proxy_observations,0.000000,0.000000,1,0,1,0,0,0,hand,right,right_hand,right_hand,0.229896,3.629781,571.752,505.622,559.000,470.000,-0.027190,-0.027190,3.629781,3.656971,3.483027,3.656971,0.000000
54,2.208333,-0.151150,0.295685,3.653806,1.000000,0.000000,0.000000,0.000000,0.120000,gvhmr_incam,579.247,478.847,,579.247,478.847,,,526.726,proxy_support,radius_free_proxy_observations,0.000000,0.000000,0,0,0,0,0,0,hand,right,right_hand,right_hand,0.168322,3.595288,579.247,478.847,565.000,439.000,0.056577,0.056577,3.710383,3.653347,3.475058,3.653347,0.115095
55,2.250000,-0.142537,0.246622,3.650368,1.000000,0.000000,0.000000,0.000000,0.120000,gvhmr_incam,582.655,459.220,,582.655,459.220,,,526.726,proxy_support,radius_free_proxy_observations,0.000000,0.000000,0,0,0,0,0,0,hand,right,right_hand,right_hand,0.108950,3.578041,582.655,459.220,574.000,415.000,0.090446,0.090446,3.740814,3.649723,3.478506,3.649723,0.162774
56,2.291667,-0.124157,0.209901,3.646823,1.000000,0.000000,0.000000,0.000000,0.120000,gvhmr_incam,590.001,444.529,,590.001,444.529,,,526.726,proxy_support,radius_free_proxy_observations,0.000000,0.000000,0,0,0,0,0,0,hand,right,right_hand,right_hand,0.068091,3.565777,590.001,444.529,579.000,400.000,0.091486,0.091486,3.738309,3.646099,3.477912,3.646099,0.172532
57,2.333333,-0.110932,0.194779,3.643158,1.000000,0.000000,0.000000,0.000000,0.120000,gvhmr_incam,595.282,438.518,,595.282,438.518,,,526.726,proxy_support,radius_free_proxy_observations,0.000000,0.000000,0,0,0,0,0,0,hand,right,right_hand,right_hand,0.041986,3.554059,595.282,438.518,588.000,396.000,0.072253,0.072253,3.715411,3.642475,3.484740,3.642475,0.161353
58,2.375000,-0.094112,0.192526,3.639484,1.000000,0.000000,0.000000,0.000000,0.120000,gvhmr_incam,602.024,437.688,,602.024,437.688,,,526.726,proxy_support,radius_free_proxy_observations,0.000000,0.000000,0,0,0,0,0,0,hand,right,right_hand,right_hand,0.046884,3.539736,602.024,437.688,592.000,394.000,0.055643,0.055643,3.695127,3.638851,3.514798,3.638851,0.155391
59,2.416667,-0.082353,0.215046,3.635774,1.000000,0.000000,0.000000,0.000000,0.120000,gvhmr_incam,606.735,446.864,,606.735,446.864,,,526.726,proxy_support,radius_free_proxy_observations,0.000000,0.000000,0,0,0,0,0,0,hand,right,right_hand,right_hand,0.082655,3.522427,606.735,446.864,605.000,401.000,0.040156,0.040156,3.675930,3.635227,3.548436,3.635227,0.153503
60,2.458333,-0.063779,0.275220,3.632016,1.000000,0.000000,0.000000,0.000000,0.120000,gvhmr_incam,614.211,471.285,,614.211,471.285,,,526.726,proxy_support,radius_free_proxy_observations,0.000000,0.000000,0,0,0,0,0,0,hand,right,right_hand,right_hand,0.149066,3.515331,614.211,471.285,613.000,427.000,-0.003459,-0.003459,3.628557,3.631603,3.574957,3.631603,0.113226
61,2.500000,-0.054145,0.386101,3.628150,1.000000,0.000000,0.000000,0.000000,0.120000,gvhmr_incam,618.083,516.286,,618.083,516.286,,,526.726,proxy_support,radius_free_proxy_observations,0.000000,0.000000,0,0,0,0,0,0,hand,right,right_hand,right_hand,0.233198,3.529446,618.083,516.286,612.000,475.000,0.055012,0.055012,3.683162,3.627979,3.592776,3.627979,0.153716
62,2.541667,-0.050704,0.534830,3.624295,1.000000,0.000000,0.000000,0.000000,0.120000,gvhmr_incam,619.454,576.719,,619.454,576.719,,,526.726,proxy_support,radius_free_proxy_observations,0.000000,0.000000,0,0,0,0,0,0,hand,right,right_hand,right_hand,0.296408,3.565840,619.454,576.719,616.000,531.000,1.748307,0.000000,3.624295,3.624355,3.636464,3.624355,0.058455
63,2.583333,-0.047002,0.646353,3.620652,1.000000,0.000000,0.000000,0.000000,0.120000,gvhmr_incam,620.935,622.173,,620.935,622.173,,,526.726,proxy_support,radius_free_proxy_observations,0.000000,0.000000,0,0,0,1,0,1,floor,,floor,right_hand,0.319635,3.588305,620.935,622.173,610.000,585.000,0.093592,0.093592,3.714244,3.620731,3.642479,3.620731,0.125939
64,2.625000,-0.066025,0.553900,3.617144,1.000000,0.000000,0.000000,0.000000,0.120000,gvhmr_incam,613.193,584.890,,613.193,584.890,,,526.726,proxy_support,radius_free_proxy_observations,0.000000,0.000000,0,0,0,0,0,0,hand,right,right_hand,right_hand,0.318141,3.595595,613.193,584.890,609.000,540.000,1.732655,0.000000,3.617144,3.617107,3.660237,3.617107,0.021549
65,2.666667,-0.062746,0.434301,3.613692,1.000000,0.000000,0.000000,0.000000,0.120000,gvhmr_incam,614.500,536.500,,614.500,536.500,,,526.726,proxy_support,radius_free_proxy_observations,0.000000,0.000000,0,0,0,0,0,0,hand,right,right_hand,right_hand,0.288897,3.568808,614.500,536.500,604.000,498.000,0.108294,0.108294,3.721986,3.613483,3.655672,3.613483,0.153178
66,2.708333,-0.071627,0.358497,3.609859,1.000000,0.000000,0.000000,0.000000,0.120000,gvhmr_incam,610.860,505.848,,610.860,505.848,,,526.726,proxy_support,radius_free_proxy_observations,0.000000,0.000000,1,0,1,0,0,0,hand,right,right_hand,right_hand,0.231314,3.524351,610.860,505.848,596.000,464.000,-0.085508,-0.085508,3.524351,3.609859,3.642262,3.609859,0.000000
67,2.750000,-0.088615,0.294755,3.602520,1.000000,0.000000,0.000000,0.000000,0.120000,gvhmr_incam,603.875,480.160,,603.875,480.160,,,526.726,proxy_support,radius_free_proxy_observations,0.000000,0.000000,0,0,0,0,0,0,hand,right,right_hand,right_hand,0.166336,3.495199,603.875,480.160,589.000,441.000,-0.005724,-0.005724,3.596796,3.602304,3.633022,3.602304,0.101598
68,2.791667,-0.098656,0.247701,3.595006,1.000000,0.000000,0.000000,0.000000,0.120000,gvhmr_incam,599.698,461.189,,599.698,461.189,,,526.726,proxy_support,radius_free_proxy_observations,0.000000,0.000000,0,0,0,0,0,0,hand,right,right_hand,right_hand,0.110082,3.479692,599.698,461.189,593.000,418.000,0.036603,0.036603,3.631609,3.594749,3.624808,3.594749,0.151917
69,2.833333,-0.105951,0.219778,3.587330,1.000000,0.000000,0.000000,0.000000,0.120000,gvhmr_incam,596.625,449.974,,596.625,449.974,,,526.726,proxy_support,radius_free_proxy_observations,0.000000,0.000000,0,0,0,0,0,0,hand,right,right_hand,right_hand,0.072233,3.477928,596.625,449.974,588.000,409.000,0.045365,0.045365,3.632695,3.587194,3.589336,3.587194,0.154766
70,2.875000,-0.116107,0.207225,3.579534,1.000000,0.000000,0.000000,0.000000,0.120000,gvhmr_incam,592.364,445.020,,592.364,445.020,,,526.726,proxy_support,radius_free_proxy_observations,0.000000,0.000000,0,0,0,0,0,0,hand,right,right_hand,right_hand,0.053759,3.486533,592.364,445.020,585.000,403.000,0.056698,0.056698,3.636232,3.579640,3.581397,3.579640,0.149699
71,2.916667,-0.123179,0.209807,3.571660,1.000000,0.000000,0.000000,0.000000,0.120000,gvhmr_incam,589.351,446.269,,589.351,446.269,,,526.726,proxy_support,radius_free_proxy_observations,0.000000,0.000000,0,0,0,0,0,0,hand,right,right_hand,right_hand,0.067951,3.492919,589.351,446.269,583.000,402.000,0.032098,0.032098,3.603758,3.572085,3.573865,3.572085,0.110839
72,2.958333,-0.139922,0.244169,3.563635,1.000000,0.000000,0.000000,0.000000,0.120000,gvhmr_incam,582.337,460.624,,582.337,460.624,,,526.726,proxy_support,radius_free_proxy_observations,0.000000,0.000000,0,0,0,0,0,0,hand,right,right_hand,right_hand,0.116445,3.500810,582.337,460.624,583.000,417.000,0.032413,0.032413,3.596048,3.564530,3.564336,3.564530,0.095238
73,3.000000,-0.154847,0.317463,3.555488,1.000000,0.000000,0.000000,0.000000,0.120000,gvhmr_incam,576.040,491.129,,576.040,491.129,,,526.726,proxy_support,radius_free_proxy_observations,0.000000,0.000000,0,0,0,0,0,0,hand,right,right_hand,right_hand,0.194940,3.519375,576.040,491.129,584.000,449.000,-0.030550,-0.030550,3.524938,3.556975,3.568528,3.556975,0.005562
74,3.041667,-0.174109,0.430073,3.547263,1.000000,0.000000,0.000000,0.000000,0.120000,gvhmr_incam,567.917,538.055,,567.917,538.055,,,526.726,proxy_support,radius_free_proxy_observations,0.000000,0.000000,0,0,0,0,0,0,hand,right,right_hand,right_hand,0.272274,3.555856,567.917,538.055,576.000,494.000,0.062560,0.062560,3.609823,3.549420,3.532080,3.549420,0.053967
75,3.083333,-0.194092,0.584605,3.539042,1.000000,0.000000,0.000000,0.000000,0.120000,gvhmr_incam,559.457,602.595,,559.457,602.595,,,526.726,proxy_support,radius_free_proxy_observations,0.000000,0.000000,0,0,0,0,0,0,hand,right,right_hand,right_hand,0.318453,3.603198,559.457,602.595,556.000,555.000,0.089049,0.089049,3.628091,3.541866,3.512799,3.541866,0.024894
76,3.125000,-0.220571,0.619697,3.531244,1.000000,0.000000,0.000000,0.000000,0.120000,gvhmr_incam,548.267,617.725,,548.267,617.725,,,526.726,proxy_support,radius_free_proxy_observations,0.000000,0.000000,0,0,0,1,0,1,floor,,floor,right_hand,0.327132,3.616008,548.267,617.725,556.000,567.000,0.079477,0.079477,3.610721,3.534311,3.507336,3.534311,-0.005287
77,3.166667,-0.250946,0.511219,3.523970,1.000000,0.000000,0.000000,0.000000,0.120000,gvhmr_incam,535.419,573.049,,535.419,573.049,,,526.726,proxy_support,radius_free_proxy_observations,0.000000,0.000000,0,0,0,0,0,0,hand,right,right_hand,right_hand,0.310595,3.619903,535.419,573.049,531.000,527.000,0.068826,0.068826,3.592796,3.526756,3.510607,3.526756,-0.027107
78,3.208333,-0.273699,0.409606,3.517382,1.000000,0.000000,0.000000,0.000000,0.120000,gvhmr_incam,525.723,531.022,,525.723,531.022,,,526.726,proxy_support,radius_free_proxy_observations,0.000000,0.000000,0,0,0,0,0,0,hand,right,right_hand,right_hand,0.275279,3.598507,525.723,531.022,521.000,486.000,0.065381,0.065381,3.582763,3.519201,3.548217,3.519201,-0.015744
79,3.250000,-0.288417,0.327592,3.511646,1.000000,0.000000,0.000000,0.000000,0.120000,gvhmr_incam,519.381,497.002,,519.381,497.002,,,526.726,proxy_support,radius_free_proxy_observations,0.000000,0.000000,1,0,1,0,0,0,hand,right,right_hand,right_hand,0.207503,3.581648,519.381,497.002,509.000,453.000,0.070002,0.070002,3.581648,3.511646,3.583688,3.511646,0.000000
80,3.291667,-0.303863,0.269404,3.522883,1.000000,0.000000,0.000000,0.000000,0.120000,gvhmr_incam,513.327,472.308,,513.327,472.308,,,526.726,proxy_support,radius_free_proxy_observations,0.000000,0.000000,0,0,0,0,0,0,hand,right,right_hand,right_hand,0.151812,3.581093,513.327,472.308,505.000,427.000,0.065615,0.065615,3.588498,3.524219,3.601957,3.524219,0.007405
81,3.333333,-0.324748,0.227744,3.534908,1.000000,0.000000,0.000000,0.000000,0.120000,gvhmr_incam,505.081,454.618,,505.081,454.618,,,526.726,proxy_support,radius_free_proxy_observations,0.000000,0.000000,0,0,0,0,0,0,hand,right,right_hand,right_hand,0.095124,3.589117,505.081,454.618,501.000,407.000,0.162779,0.162779,3.697687,3.536792,3.643341,3.536792,0.108570
82,3.375000,-0.328651,0.210716,3.547572,1.000000,0.000000,0.000000,0.000000,0.120000,gvhmr_incam,503.947,447.231,,503.947,447.231,,,526.726,proxy_support,radius_free_proxy_observations,0.000000,0.000000,0,0,0,0,0,0,hand,right,right_hand,right_hand,0.072121,3.597507,503.947,447.231,499.000,398.000,0.079798,0.079798,3.627370,3.549365,3.661039,3.549365,0.029863
83,3.416667,-0.333516,0.215975,3.560602,1.000000,0.000000,0.000000,0.000000,0.120000,gvhmr_incam,502.438,449.081,,502.438,449.081,,,526.726,proxy_support,radius_free_proxy_observations,0.000000,0.000000,0,0,0,0,0,0,hand,right,right_hand,right_hand,0.082185,3.606063,502.438,449.081,500.000,397.000,0.047972,0.047972,3.608574,3.561938,3.677200,3.561938,0.002511
84,3.458333,-0.342267,0.252819,3.573779,1.000000,0.000000,0.000000,0.000000,0.120000,gvhmr_incam,499.349,463.893,,499.349,463.893,,,526.726,proxy_support,radius_free_proxy_observations,0.000000,0.000000,0,0,0,0,0,0,hand,right,right_hand,right_hand,0.130208,3.621037,499.349,463.893,497.000,416.000,-0.020210,-0.020210,3.553569,3.574511,3.683679,3.574511,-0.067467
85,3.500000,-0.360358,0.332391,3.586888,1.000000,0.000000,0.000000,0.000000,0.120000,gvhmr_incam,492.456,496.093,,492.456,496.093,,,526.726,proxy_support,radius_free_proxy_observations,0.000000,0.000000,0,0,0,0,0,0,hand,right,right_hand,right_hand,0.201958,3.642444,492.456,496.093,501.000,447.000,-0.003442,-0.003442,3.583446,3.587084,3.651619,3.587084,-0.058998
86,3.541667,-0.351756,0.457574,3.600007,1.000000,0.000000,0.000000,0.000000,0.120000,gvhmr_incam,496.503,546.665,,496.503,546.665,,,526.726,proxy_support,radius_free_proxy_observations,0.000000,0.000000,0,0,0,0,0,0,hand,right,right_hand,right_hand,0.267344,3.675064,496.503,546.665,492.000,502.000,0.028685,0.028685,3.628692,3.599657,3.603505,3.599657,-0.046372
87,3.583333,-0.361028,0.613124,3.613095,1.000000,0.000000,0.000000,0.000000,0.120000,gvhmr_incam,493.254,609.215,,493.254,609.215,,,526.726,proxy_support,radius_free_proxy_observations,0.000000,0.000000,0,0,0,1,0,1,floor,,floor,right_hand,0.296462,3.686438,493.254,609.215,497.000,561.000,0.037820,0.037820,3.650915,3.612230,3.561204,3.612230,-0.035524
88,3.625000,-0.360909,0.602863,3.625938,1.000000,0.000000,0.000000,0.000000,0.120000,gvhmr_incam,493.822,604.176,,493.822,604.176,,,526.726,proxy_support,radius_free_proxy_observations,0.000000,0.000000,0,0,0,0,0,0,hand,right,right_hand,right_hand,0.303466,3.689379,493.822,604.176,499.000,561.000,0.069121,0.069121,3.695059,3.624803,3.559986,3.624803,0.005680
89,3.666667,-0.361872,0.485437,3.638306,1.000000,0.000000,0.000000,0.000000,0.120000,gvhmr_incam,493.930,555.947,,493.930,555.947,,,526.726,proxy_support,radius_free_proxy_observations,0.000000,0.000000,0,0,0,0,0,0,hand,right,right_hand,right_hand,0.289295,3.683689,493.930,555.947,493.000,505.000,0.001846,0.001846,3.640152,3.637376,3.578284,3.637376,-0.043537
90,3.708333,-0.360769,0.388855,3.649949,1.000000,0.000000,0.000000,0.000000,0.120000,gvhmr_incam,494.840,516.461,,494.840,516.461,,,526.726,proxy_support,radius_free_proxy_observations,0.000000,0.000000,1,0,1,0,0,0,hand,right,right_hand,right_hand,0.253998,3.661640,494.840,516.461,493.000,474.000,0.011691,0.011691,3.661640,3.649949,3.603913,3.649949,0.000000
91,3.750000,-0.354648,0.315507,3.644565,1.000000,0.000000,0.000000,0.000000,0.120000,gvhmr_incam,497.092,487.136,,497.092,487.136,,,526.726,proxy_support,radius_free_proxy_observations,0.000000,0.000000,0,0,0,0,0,0,hand,right,right_hand,right_hand,0.197660,3.637493,497.092,487.136,488.000,441.000,0.090715,0.090715,3.735280,3.643216,3.637150,3.643216,0.097787
92,3.791667,-0.352538,0.260114,3.638412,1.000000,0.000000,0.000000,0.000000,0.120000,gvhmr_incam,497.702,464.992,,497.702,464.992,,,526.726,proxy_support,radius_free_proxy_observations,0.000000,0.000000,0,0,0,0,0,0,hand,right,right_hand,right_hand,0.138146,3.617464,497.702,464.992,488.000,415.000,0.109206,0.109206,3.747618,3.636483,3.676778,3.636483,0.130154
93,3.833333,-0.348500,0.228572,3.631701,1.000000,0.000000,0.000000,0.000000,0.120000,gvhmr_incam,499.072,452.431,,499.072,452.431,,,526.726,proxy_support,radius_free_proxy_observations,0.000000,0.000000,0,0,0,0,0,0,hand,right,right_hand,right_hand,0.088362,3.605041,499.072,452.431,488.000,402.000,0.097614,0.097614,3.729315,3.629750,3.708534,3.629750,0.124274
94,3.875000,-0.339930,0.207984,3.624701,1.000000,0.000000,0.000000,0.000000,0.120000,gvhmr_incam,502.272,444.268,,502.272,444.268,,,526.726,proxy_support,radius_free_proxy_observations,0.000000,0.000000,0,0,0,0,0,0,hand,right,right_hand,right_hand,0.066610,3.601308,502.272,444.268,494.000,394.000,0.047460,0.047460,3.672161,3.623017,3.719872,3.623017,0.070852
95,3.916667,-0.336054,0.208174,3.617459,1.000000,0.000000,0.000000,0.000000,0.120000,gvhmr_incam,503.570,444.514,,503.570,444.514,,,526.726,proxy_support,radius_free_proxy_observations,0.000000,0.000000,0,0,0,0,0,0,hand,right,right_hand,right_hand,0.075411,3.592922,503.570,444.514,498.000,395.000,0.056476,0.056476,3.673935,3.616285,3.707729,3.616285,0.081013
96,3.958333,-0.324062,0.229984,3.610156,1.000000,0.000000,0.000000,0.000000,0.120000,gvhmr_incam,508.172,453.557,,508.172,453.557,,,526.726,proxy_support,radius_free_proxy_observations,0.000000,0.000000,0,0,0,0,0,0,hand,right,right_hand,right_hand,0.121068,3.594339,508.172,453.557,506.000,407.000,-0.037697,-0.037697,3.572459,3.609552,3.681478,3.609552,-0.021881
97,4.000000,-0.321354,0.310315,3.602609,1.000000,0.000000,0.000000,0.000000,0.120000,gvhmr_incam,509.000,486.500,,509.000,486.500,,,526.726,proxy_support,radius_free_proxy_observations,0.000000,0.000000,0,0,0,0,0,0,hand,right,right_hand,right_hand,0.195531,3.596504,509.000,486.500,510.000,445.000,-0.047030,-0.047030,3.555579,3.602819,3.649932,3.602819,-0.040925
98,4.041667,-0.296594,0.444887,3.595105,1.000000,0.000000,0.000000,0.000000,0.120000,gvhmr_incam,518.841,541.737,,518.841,541.737,,,526.726,proxy_support,radius_free_proxy_observations,0.000000,0.000000,0,0,0,0,0,0,hand,right,right_hand,right_hand,0.261406,3.611172,518.841,541.737,516.000,504.000,0.027800,0.027800,3.622905,3.596086,3.610363,3.596086,0.011733
99,4.083333,-0.254305,0.621301,3.587912,1.000000,0.000000,0.000000,0.000000,0.120000,gvhmr_incam,535.908,614.311,,535.908,614.311,,,526.726,proxy_support,radius_free_proxy_observations,0.000000,0.000000,0,0,0,1,0,1,floor,,floor,right_hand,0.300663,3.627808,535.908,614.311,527.000,566.000,0.031334,0.031334,3.619246,3.589353,3.558179,3.589353,-0.008562
100,4.125000,-0.232719,0.614125,3.581014,1.000000,0.000000,0.000000,0.000000,0.120000,gvhmr_incam,544.560,611.858,,544.560,611.858,,,526.726,proxy_support,radius_free_proxy_observations,0.000000,0.000000,0,0,0,0,0,0,hand,right,right_hand,right_hand,0.311513,3.633972,544.560,611.858,537.000,565.000,0.054087,0.054087,3.635101,3.582620,3.529088,3.582620,0.001130
101,4.166667,-0.213623,0.513984,3.574425,1.000000,0.000000,0.000000,0.000000,0.120000,gvhmr_incam,552.230,571.178,,552.230,571.178,,,526.726,proxy_support,radius_free_proxy_observations,0.000000,0.000000,0,0,0,0,0,0,hand,right,right_hand,right_hand,0.301263,3.638488,552.230,571.178,537.000,525.000,0.079231,0.079231,3.653656,3.575888,3.525145,3.575888,0.015168
102,4.208333,-0.206480,0.424222,3.568219,1.000000,0.000000,0.000000,0.000000,0.120000,gvhmr_incam,555.017,534.601,,555.017,534.601,,,526.726,proxy_support,radius_free_proxy_observations,0.000000,0.000000,0,0,0,0,0,0,hand,right,right_hand,right_hand,0.269416,3.606374,555.017,534.601,538.000,491.000,0.015823,0.015823,3.584042,3.569155,3.513384,3.569155,-0.022332
103,4.250000,-0.190945,0.355225,3.562422,1.000000,0.000000,0.000000,0.000000,0.120000,gvhmr_incam,561.283,506.441,,561.283,506.441,,,526.726,proxy_support,radius_free_proxy_observations,0.000000,0.000000,1,0,1,0,0,0,hand,right,right_hand,right_hand,0.212002,3.578824,561.283,506.441,542.000,453.000,0.016402,0.016402,3.578824,3.562422,3.512279,3.562422,0.000000
104,4.291667,-0.182751,0.306853,3.564017,1.000000,0.000000,0.000000,0.000000,0.120000,gvhmr_incam,564.695,486.443,,564.695,486.443,,,526.726,proxy_support,radius_free_proxy_observations,0.000000,0.000000,0,0,0,0,0,0,hand,right,right_hand,right_hand,0.155794,3.562798,564.695,486.443,548.000,430.000,0.095557,0.095557,3.659574,3.564788,3.507217,3.564788,0.096776
105,4.333333,-0.170940,0.267625,3.566051,1.000000,0.000000,0.000000,0.000000,0.120000,gvhmr_incam,569.602,470.216,,569.602,470.216,,,526.726,proxy_support,radius_free_proxy_observations,0.000000,0.000000,0,0,0,0,0,0,hand,right,right_hand,right_hand,0.105362,3.555878,569.602,470.216,551.000,416.000,0.067152,0.067152,3.633203,3.567154,3.509444,3.567154,0.077325
106,4.375000,-0.161535,0.244893,3.568352,1.000000,0.000000,0.000000,0.000000,0.120000,gvhmr_incam,573.518,460.789,,573.518,460.789,,,526.726,proxy_support,radius_free_proxy_observations,0.000000,0.000000,0,0,0,0,0,0,hand,right,right_hand,right_hand,0.070598,3.545976,573.518,460.789,561.000,405.000,0.102092,0.102092,3.670444,3.569520,3.515647,3.569520,0.124468
107,4.416667,-0.154713,0.239091,3.570831,1.000000,0.000000,0.000000,0.000000,0.120000,gvhmr_incam,576.370,458.333,,576.370,458.333,,,526.726,proxy_support,radius_free_proxy_observations,0.000000,0.000000,0,0,0,0,0,0,hand,right,right_hand,right_hand,0.062987,3.538234,576.370,458.333,564.000,404.000,0.109775,0.109775,3.680606,3.571886,3.521092,3.571886,0.142372
108,4.458333,-0.142238,0.252721,3.573429,1.000000,0.000000,0.000000,0.000000,0.120000,gvhmr_incam,581.543,463.863,,581.543,463.863,,,526.726,proxy_support,radius_free_proxy_observations,0.000000,0.000000,0,0,0,0,0,0,hand,right,right_hand,right_hand,0.090063,3.522838,581.543,463.863,579.000,413.000,0.057231,0.057231,3.630660,3.574252,3.539940,3.574252,0.107822
109,4.500000,-0.128797,0.304793,3.575980,1.000000,0.000000,0.000000,0.000000,0.120000,gvhmr_incam,587.105,485.174,,587.105,485.174,,,526.726,proxy_support,radius_free_proxy_observations,0.000000,0.000000,0,0,0,0,0,0,hand,right,right_hand,right_hand,0.151488,3.518413,587.105,485.174,580.000,438.000,0.027953,0.027953,3.603933,3.576618,3.561474,3.576618,0.085520
110,4.541667,-0.114457,0.405486,3.578400,1.000000,0.000000,0.000000,0.000000,0.120000,gvhmr_incam,593.026,526.415,,593.026,526.415,,,526.726,proxy_support,radius_free_proxy_observations,0.000000,0.000000,0,0,0,0,0,0,hand,right,right_hand,right_hand,0.228070,3.526213,593.026,526.415,580.000,476.000,-0.010974,-0.010974,3.567426,3.578984,3.573871,3.578984,0.041212
111,4.583333,-0.098484,0.534415,3.580834,1.000000,0.000000,0.000000,0.000000,0.120000,gvhmr_incam,599.609,579.179,,599.609,579.179,,,526.726,proxy_support,radius_free_proxy_observations,0.000000,0.000000,0,0,0,0,0,0,hand,right,right_hand,right_hand,0.281268,3.561336,599.609,579.179,587.000,528.000,0.186523,0.186523,3.767357,3.581350,3.588910,3.581350,0.206022
112,4.625000,-0.091553,0.649887,3.583355,1.000000,0.000000,0.000000,0.000000,0.120000,gvhmr_incam,602.478,626.350,,602.478,626.350,,,526.726,proxy_support,radius_free_proxy_observations,0.000000,0.000000,0,0,0,1,0,1,floor,,floor,right_hand,0.305574,3.583769,602.478,626.350,590.000,586.000,0.271235,0.271235,3.854590,3.583716,3.581968,3.583716,0.270821
113,4.666667,-0.109078,0.580734,3.585895,1.000000,0.000000,0.000000,0.000000,0.120000,gvhmr_incam,595.327,597.840,,595.327,597.840,,,526.726,proxy_support,radius_free_proxy_observations,0.000000,0.000000,0,0,0,0,0,0,hand,right,right_hand,right_hand,0.304793,3.589733,595.327,597.840,591.000,544.000,1.718423,0.000000,3.585895,3.586082,3.582516,3.586082,-0.003838
114,4.708333,-0.116558,0.472847,3.588394,1.000000,0.000000,0.000000,0.000000,0.120000,gvhmr_incam,592.297,553.520,,592.297,553.520,,,526.726,proxy_support,radius_free_proxy_observations,0.000000,0.000000,0,0,0,0,0,0,hand,right,right_hand,right_hand,0.280514,3.575964,592.297,553.520,592.000,508.000,0.126232,0.126232,3.714626,3.588448,3.592544,3.588448,0.138662
115,4.750000,-0.127343,0.380492,3.590815,1.000000,0.000000,0.000000,0.000000,0.120000,gvhmr_incam,587.918,515.617,,587.918,515.617,,,526.726,proxy_support,radius_free_proxy_observations,0.000000,0.000000,1,0,1,0,0,0,hand,right,right_hand,right_hand,0.234896,3.545532,587.918,515.617,586.000,473.000,-0.045283,-0.045283,3.545532,3.590815,3.584110,3.590815,0.000000
116,4.791667,-0.135424,0.313424,3.589441,1.000000,0.000000,0.000000,0.000000,0.120000,gvhmr_incam,584.592,488.236,,584.592,488.236,,,526.726,proxy_support,radius_free_proxy_observations,0.000000,0.000000,0,0,0,0,0,0,hand,right,right_hand,right_hand,0.170473,3.533486,584.592,488.236,584.000,442.000,0.026156,0.026156,3.615597,3.589215,3.577230,3.589215,0.082112
117,4.833333,-0.144888,0.263759,3.587942,1.000000,0.000000,0.000000,0.000000,0.120000,gvhmr_incam,580.695,467.961,,580.695,467.961,,,526.726,proxy_support,radius_free_proxy_observations,0.000000,0.000000,0,0,0,0,0,0,hand,right,right_hand,right_hand,0.113080,3.531963,580.695,467.961,583.000,422.000,0.058756,0.058756,3.646698,3.587616,3.573030,3.587616,0.114735
118,4.875000,-0.150523,0.234311,3.586351,1.000000,0.000000,0.000000,0.000000,0.120000,gvhmr_incam,578.361,455.950,,578.361,455.950,,,526.726,proxy_support,radius_free_proxy_observations,0.000000,0.000000,0,0,0,0,0,0,hand,right,right_hand,right_hand,0.073705,3.532654,578.361,455.950,576.000,410.000,0.060103,0.060103,3.646454,3.586017,3.556556,3.586017,0.113800
119,4.916667,-0.153101,0.218948,3.584738,1.000000,0.000000,0.000000,0.000000,0.120000,gvhmr_incam,577.277,449.699,,577.277,449.699,,,526.726,proxy_support,radius_free_proxy_observations,0.000000,0.000000,0,0,0,0,0,0,hand,right,right_hand,right_hand,0.054494,3.535997,577.277,449.699,576.000,403.000,0.053394,0.053394,3.638132,3.584418,3.559743,3.584418,0.102134
120,4.958333,-0.150277,0.213806,3.583161,1.000000,0.000000,0.000000,0.000000,0.120000,gvhmr_incam,578.407,447.631,,578.407,447.631,,,526.726,proxy_support,radius_free_proxy_observations,0.000000,0.000000,0,0,0,0,0,0,hand,right,right_hand,right_hand,0.057048,3.534489,578.407,447.631,578.000,402.000,0.056205,0.056205,3.639366,3.582819,3.550036,3.582819,0.104877
121,5.000000,-0.146873,0.227211,3.581594,1.000000,0.000000,0.000000,0.000000,0.120000,gvhmr_incam,579.776,453.166,,579.776,453.166,,,526.726,proxy_support,radius_free_proxy_observations,0.000000,0.000000,0,0,0,0,0,0,hand,right,right_hand,right_hand,0.088278,3.526059,579.776,453.166,584.000,407.000,0.049690,0.049690,3.631284,3.581220,3.553912,3.581220,0.105225
122,5.041667,-0.143718,0.285634,3.579918,1.000000,0.000000,0.000000,0.000000,0.120000,gvhmr_incam,581.042,477.177,,581.042,477.177,,,526.726,proxy_support,radius_free_proxy_observations,0.000000,0.000000,0,0,0,0,0,0,hand,right,right_hand,right_hand,0.148603,3.525429,581.042,477.177,582.000,430.000,0.016918,0.016918,3.596836,3.579621,3.559765,3.579621,0.071408
123,5.083333,-0.144015,0.389709,3.578145,1.000000,0.000000,0.000000,0.000000,0.120000,gvhmr_incam,580.891,519.951,,580.891,519.951,,,526.726,proxy_support,radius_free_proxy_observations,0.000000,0.000000,0,0,0,0,0,0,hand,right,right_hand,right_hand,0.228817,3.536223,580.891,519.951,583.000,475.000,-0.040302,-0.040302,3.537843,3.578022,3.579583,3.578022,0.001620
124,5.125000,-0.148495,0.526889,3.576374,1.000000,0.000000,0.000000,0.000000,0.120000,gvhmr_incam,579.022,576.362,,579.022,576.362,,,526.726,proxy_support,radius_free_proxy_observations,0.000000,0.000000,0,0,0,0,0,0,hand,right,right_hand,right_hand,0.282169,3.566493,579.022,576.362,582.000,528.000,0.216301,0.216301,3.792675,3.576423,3.577986,3.576423,0.226182
125,5.166667,-0.153354,0.646151,3.574754,1.000000,0.000000,0.000000,0.000000,0.120000,gvhmr_incam,576.998,625.456,,576.998,625.456,,,526.726,proxy_support,radius_free_proxy_observations,0.000000,0.000000,0,0,0,1,0,1,floor,,floor,right_hand,0.310418,3.587387,576.998,625.456,569.000,580.000,0.098557,0.098557,3.673311,3.574824,3.569104,3.574824,0.085924
126,5.208333,-0.177772,0.579924,3.573213,1.000000,0.000000,0.000000,0.000000,0.120000,gvhmr_incam,566.935,598.351,,566.935,598.351,,,526.726,proxy_support,radius_free_proxy_observations,0.000000,0.000000,0,0,0,0,0,0,hand,right,right_hand,right_hand,0.311649,3.593975,566.935,598.351,562.000,553.000,0.063411,0.063411,3.636624,3.573225,3.562379,3.573225,0.042649
127,5.250000,-0.198764,0.469811,3.571679,1.000000,0.000000,0.000000,0.000000,0.120000,gvhmr_incam,558.272,553.177,,558.272,553.177,,,526.726,proxy_support,radius_free_proxy_observations,0.000000,0.000000,0,0,0,0,0,0,hand,right,right_hand,right_hand,0.286362,3.581856,558.272,553.177,561.000,501.000,0.007837,0.007837,3.579516,3.571626,3.583323,3.571626,-0.002340
128,5.291667,-0.229491,0.378918,3.570026,1.000000,0.000000,0.000000,0.000000,0.120000,gvhmr_incam,545.594,515.876,,545.594,515.876,,,526.726,proxy_support,radius_free_proxy_observations,0.000000,0.000000,1,0,1,0,0,0,hand,right,right_hand,right_hand,0.222434,3.556758,545.594,515.876,559.000,457.000,-0.013268,-0.013268,3.556758,3.570026,3.587750,3.570026,0.000000
129,5.333333,-0.244333,0.286879,3.570438,1.000000,0.000000,0.000000,0.000000,0.120000,gvhmr_incam,539.500,478.000,,539.500,478.000,,,526.726,proxy_support,radius_free_proxy_observations,0.000000,0.000000,0,0,0,0,0,0,hand,right,right_hand,right_hand,0.149940,3.551454,539.500,478.000,544.000,433.000,0.025149,0.025149,3.595587,3.570086,3.593536,3.570086,0.044133
130,5.375000,-0.259265,0.242212,3.570600,1.000000,0.000000,0.000000,0.000000,0.120000,gvhmr_incam,533.363,459.623,,533.363,459.623,,,526.726,proxy_support,radius_free_proxy_observations,0.000000,0.000000,0,0,0,0,0,0,hand,right,right_hand,right_hand,0.097890,3.560961,533.363,459.623,535.000,412.000,0.109755,0.109755,3.680355,3.570146,3.574901,3.570146,0.119394
131,5.416667,-0.272788,0.220570,3.570701,1.000000,0.000000,0.000000,0.000000,0.120000,gvhmr_incam,527.804,450.719,,527.804,450.719,,,526.726,proxy_support,radius_free_proxy_observations,0.000000,0.000000,0,0,0,0,0,0,hand,right,right_hand,right_hand,0.080517,3.574131,527.804,450.719,526.000,403.000,0.125293,0.125293,3.695994,3.570205,3.571694,3.570205,0.121862
132,5.458333,-0.284928,0.220196,3.570785,1.000000,0.000000,0.000000,0.000000,0.120000,gvhmr_incam,522.814,450.563,,522.814,450.563,,,526.726,proxy_support,radius_free_proxy_observations,0.000000,0.000000,0,0,0,0,0,0,hand,right,right_hand,right_hand,0.093079,3.577741,522.814,450.563,518.000,404.000,0.119538,0.119538,3.690323,3.570265,3.588425,3.570265,0.112582
133,5.500000,-0.294998,0.243726,3.570866,1.000000,0.000000,0.000000,0.000000,0.120000,gvhmr_incam,518.675,460.238,,518.675,460.238,,,526.726,proxy_support,radius_free_proxy_observations,0.000000,0.000000,0,0,0,0,0,0,hand,right,right_hand,right_hand,0.141956,3.580952,518.675,460.238,513.000,416.000,0.022690,0.022690,3.593556,3.570325,3.603415,3.570325,0.012604
134,5.541667,-0.299554,0.318918,3.570834,1.000000,0.000000,0.000000,0.000000,0.120000,gvhmr_incam,516.800,491.164,,516.800,491.164,,,526.726,proxy_support,radius_free_proxy_observations,0.000000,0.000000,0,0,0,0,0,0,hand,right,right_hand,right_hand,0.209415,3.591780,516.800,491.164,504.000,448.000,0.021569,0.021569,3.592403,3.570384,3.594453,3.570384,0.000623
135,5.583333,-0.310531,0.440753,3.570678,1.000000,0.000000,0.000000,0.000000,0.120000,gvhmr_incam,512.280,541.280,,512.280,541.280,,,526.726,proxy_support,radius_free_proxy_observations,0.000000,0.000000,0,0,0,0,0,0,hand,right,right_hand,right_hand,0.264777,3.616047,512.280,541.280,496.000,486.000,0.006960,0.006960,3.577638,3.570444,3.582575,3.570444,-0.038409
136,5.625000,-0.317187,0.595503,3.570561,1.000000,0.000000,0.000000,0.000000,0.120000,gvhmr_incam,509.538,604.936,,509.538,604.936,,,526.726,proxy_support,radius_free_proxy_observations,0.000000,0.000000,0,0,0,0,0,0,hand,right,right_hand,right_hand,0.292944,3.622115,509.538,604.936,516.000,557.000,0.088491,0.088491,3.659052,3.570504,3.561838,3.570504,0.036937
137,5.666667,-0.319437,0.615154,3.570594,1.000000,0.000000,0.000000,0.000000,0.120000,gvhmr_incam,508.614,613.016,,508.614,613.016,,,526.726,proxy_support,radius_free_proxy_observations,0.000000,0.000000,0,0,0,1,0,1,floor,,floor,right_hand,0.300466,3.624925,508.614,613.016,511.000,563.000,0.082445,0.082445,3.653039,3.570563,3.556422,3.570563,0.028113
138,5.708333,-0.311201,0.495992,3.570670,1.000000,0.000000,0.000000,0.000000,0.120000,gvhmr_incam,512.004,564.000,,512.004,564.000,,,526.726,proxy_support,radius_free_proxy_observations,0.000000,0.000000,0,0,0,0,0,0,hand,right,right_hand,right_hand,0.288985,3.623855,512.004,564.000,514.000,524.000,0.120969,0.120969,3.691639,3.570623,3.564391,3.570623,0.067784
139,5.750000,-0.301766,0.395918,3.570683,1.000000,0.000000,0.000000,0.000000,0.120000,gvhmr_incam,515.885,522.839,,515.885,522.839,,,526.726,proxy_support,radius_free_proxy_observations,0.000000,0.000000,1,0,1,0,0,0,hand,right,right_hand,right_hand,0.255548,3.605033,515.885,522.839,504.000,477.000,0.034350,0.034350,3.605033,3.570683,3.568038,3.570683,0.000000
140,5.791667,-0.295350,0.316408,3.566980,1.000000,0.000000,0.000000,0.000000,0.120000,gvhmr_incam,518.398,490.272,,518.398,490.272,,,526.726,proxy_support,radius_free_proxy_observations,0.000000,0.000000,0,0,0,0,0,0,hand,right,right_hand,right_hand,0.198866,3.576479,518.398,490.272,509.000,445.000,0.046760,0.046760,3.613740,3.566672,3.583037,3.566672,0.037261
141,5.833333,-0.283521,0.265172,3.563096,1.000000,0.000000,0.000000,0.000000,0.120000,gvhmr_incam,523.141,469.296,,523.141,469.296,,,526.726,proxy_support,radius_free_proxy_observations,0.000000,0.000000,0,0,0,0,0,0,hand,right,right_hand,right_hand,0.141231,3.564950,523.141,469.296,517.000,423.000,0.086086,0.086086,3.649182,3.562662,3.596159,3.562662,0.084233
142,5.875000,-0.272780,0.238820,3.559074,1.000000,0.000000,0.000000,0.000000,0.120000,gvhmr_incam,527.441,458.546,,527.441,458.546,,,526.726,proxy_support,radius_free_proxy_observations,0.000000,0.000000,0,0,0,0,0,0,hand,right,right_hand,right_hand,0.102959,3.569445,527.441,458.546,529.000,412.000,0.093467,0.093467,3.652541,3.558651,3.582498,3.558651,0.083096
143,5.916667,-0.253077,0.236100,3.555012,1.000000,0.000000,0.000000,0.000000,0.120000,gvhmr_incam,535.452,457.535,,535.452,457.535,,,526.726,proxy_support,radius_free_proxy_observations,0.000000,0.000000,0,0,0,0,0,0,hand,right,right_hand,right_hand,0.100190,3.563962,535.452,457.535,542.000,411.000,0.088626,0.088626,3.643638,3.554641,3.569975,3.554641,0.079676
144,5.958333,-0.232253,0.254437,3.550928,1.000000,0.000000,0.000000,0.000000,0.120000,gvhmr_incam,543.944,465.231,,543.944,465.231,,,526.726,proxy_support,radius_free_proxy_observations,0.000000,0.000000,0,0,0,0,0,0,hand,right,right_hand,right_hand,0.128230,3.558431,543.944,465.231,553.000,416.000,0.056069,0.056069,3.606997,3.550630,3.572254,3.550630,0.048566
145,6.000000,-0.208622,0.310562,3.546763,1.000000,0.000000,0.000000,0.000000,0.120000,gvhmr_incam,553.616,488.594,,553.616,488.594,,,526.726,proxy_support,radius_free_proxy_observations,0.000000,0.000000,0,0,0,0,0,0,hand,right,right_hand,right_hand,0.183170,3.548959,553.616,488.594,566.000,441.000,0.000025,0.000025,3.546788,3.546620,3.572656,3.546620,-0.002171
146,6.041667,-0.176922,0.415499,3.542503,1.000000,0.000000,0.000000,0.000000,0.120000,gvhmr_incam,566.654,532.252,,566.654,532.252,,,526.726,proxy_support,radius_free_proxy_observations,0.000000,0.000000,0,0,0,0,0,0,hand,right,right_hand,right_hand,0.246982,3.559231,566.654,532.252,572.000,488.000,0.029115,0.029115,3.571618,3.542610,3.581035,3.542610,0.012387
147,6.083333,-0.165113,0.551705,3.538227,1.000000,0.000000,0.000000,0.000000,0.120000,gvhmr_incam,571.467,588.995,,571.467,588.995,,,526.726,proxy_support,radius_free_proxy_observations,0.000000,0.000000,0,0,0,0,0,0,hand,right,right_hand,right_hand,0.286694,3.577375,571.467,588.995,578.000,541.000,1.837092,0.000000,3.538227,3.538599,3.564969,3.538599,-0.039148
148,6.125000,-0.142472,0.647149,3.534135,1.000000,0.000000,0.000000,0.000000,0.120000,gvhmr_incam,580.796,628.922,,580.796,628.922,,,526.726,proxy_support,radius_free_proxy_observations,0.000000,0.000000,0,0,0,1,0,1,floor,,floor,right_hand,0.302706,3.586481,580.796,628.922,580.000,584.000,0.147350,0.147350,3.681485,3.534589,3.541706,3.534589,0.095004
149,6.166667,-0.149077,0.561704,3.530176,1.000000,0.000000,0.000000,0.000000,0.120000,gvhmr_incam,577.982,593.677,,577.982,593.677,,,526.726,proxy_support,radius_free_proxy_observations,0.000000,0.000000,0,0,0,0,0,0,hand,right,right_hand,right_hand,0.299793,3.578163,577.982,593.677,587.000,544.000,1.612950,0.000000,3.530176,3.530578,3.552723,3.530578,-0.047987
150,6.208333,-0.142800,0.471452,3.526310,1.000000,0.000000,0.000000,0.000000,0.120000,gvhmr_incam,580.528,556.346,,580.528,556.346,,,526.726,proxy_support,radius_free_proxy_observations,0.000000,0.000000,0,0,0,0,0,0,hand,right,right_hand,right_hand,0.274298,3.553444,580.528,556.346,582.000,506.000,0.069370,0.069370,3.595680,3.526568,3.577409,3.526568,0.042237
151,6.250000,-0.140875,0.393225,3.522557,1.000000,0.000000,0.000000,0.000000,0.120000,gvhmr_incam,581.267,523.941,,581.267,523.941,,,526.726,proxy_support,radius_free_proxy_observations,0.000000,0.000000,1,0,1,0,0,0,hand,right,right_hand,right_hand,0.231363,3.518512,581.267,523.941,585.000,474.000,-0.004045,-0.004045,3.518512,3.522557,3.587638,3.522557,0.000000
152,6.291667,-0.139406,0.310539,3.523784,1.000000,0.000000,0.000000,0.000000,0.120000,gvhmr_incam,581.900,489.423,,581.900,489.423,,,526.726,proxy_support,radius_free_proxy_observations,0.000000,0.000000,0,0,0,0,0,0,hand,right,right_hand,right_hand,0.173222,3.496608,581.900,489.423,583.000,444.000,0.049091,0.049091,3.572875,3.523911,3.595020,3.523911,0.076267
153,6.333333,-0.133168,0.254320,3.525074,1.000000,0.000000,0.000000,0.000000,0.120000,gvhmr_incam,584.520,465.954,,584.520,465.954,,,526.726,proxy_support,radius_free_proxy_observations,0.000000,0.000000,0,0,0,0,0,0,hand,right,right_hand,right_hand,0.120117,3.486028,584.520,465.954,587.000,422.000,0.073857,0.073857,3.598931,3.525265,3.589979,3.525265,0.112903
154,6.375000,-0.126190,0.234748,3.526332,1.000000,0.000000,0.000000,0.000000,0.120000,gvhmr_incam,587.446,457.765,,587.446,457.765,,,526.726,proxy_support,radius_free_proxy_observations,0.000000,0.000000,0,0,0,0,0,0,hand,right,right_hand,right_hand,0.086978,3.484894,587.446,457.765,584.000,416.000,0.062291,0.062291,3.588623,3.526619,3.589502,3.526619,0.103729
155,6.416667,-0.123897,0.231434,3.527650,1.000000,0.000000,0.000000,0.000000,0.120000,gvhmr_incam,588.420,456.349,,588.420,456.349,,,526.726,proxy_support,radius_free_proxy_observations,0.000000,0.000000,0,0,0,0,0,0,hand,right,right_hand,right_hand,0.081291,3.484468,588.420,456.349,582.000,410.000,0.064913,0.064913,3.592563,3.527973,3.597326,3.527973,0.108096
156,6.458333,-0.119213,0.239918,3.529064,1.000000,0.000000,0.000000,0.000000,0.120000,gvhmr_incam,590.390,459.841,,590.390,459.841,,,526.726,proxy_support,radius_free_proxy_observations,0.000000,0.000000,0,0,0,0,0,0,hand,right,right_hand,right_hand,0.106679,3.488243,590.390,459.841,591.000,416.000,0.038307,0.038307,3.567371,3.529327,3.612868,3.529327,0.079127
157,6.500000,-0.114174,0.289345,3.530407,1.000000,0.000000,0.000000,0.000000,0.120000,gvhmr_incam,592.505,480.364,,592.505,480.364,,,526.726,proxy_support,radius_free_proxy_observations,0.000000,0.000000,0,0,0,0,0,0,hand,right,right_hand,right_hand,0.164413,3.497080,592.505,480.364,596.000,434.000,-0.020211,-0.020211,3.510196,3.530681,3.608789,3.530681,0.013116
158,6.541667,-0.127250,0.394942,3.531568,1.000000,0.000000,0.000000,0.000000,0.120000,gvhmr_incam,587.083,524.237,,587.083,524.237,,,526.726,proxy_support,radius_free_proxy_observations,0.000000,0.000000,0,0,0,0,0,0,hand,right,right_hand,right_hand,0.240643,3.514009,587.083,524.237,592.000,480.000,-0.033069,-0.033069,3.498499,3.532035,3.603297,3.532035,-0.015510
159,6.583333,-0.150879,0.532544,3.532761,1.000000,0.000000,0.000000,0.000000,0.120000,gvhmr_incam,577.278,581.384,,577.278,581.384,,,526.726,proxy_support,radius_free_proxy_observations,0.000000,0.000000,0,0,0,0,0,0,hand,right,right_hand,right_hand,0.292450,3.545786,577.278,581.384,574.000,528.000,0.151311,0.151311,3.684072,3.533389,3.582783,3.533389,0.138286
160,6.625000,-0.169588,0.647475,3.534140,1.000000,0.000000,0.000000,0.000000,0.120000,gvhmr_incam,569.528,629.057,,569.528,629.057,,,526.726,proxy_support,radius_free_proxy_observations,0.000000,0.000000,0,0,0,1,0,1,floor,,floor,right_hand,0.318516,3.571079,569.528,629.057,568.000,587.000,0.094263,0.094263,3.628403,3.534743,3.555645,3.534743,0.057324
161,6.666667,-0.197413,0.570573,3.535638,1.000000,0.000000,0.000000,0.000000,0.120000,gvhmr_incam,558.000,597.000,,558.000,597.000,,,526.726,proxy_support,radius_free_proxy_observations,0.000000,0.000000,0,0,0,0,0,0,hand,right,right_hand,right_hand,0.322415,3.576920,558.000,597.000,559.000,555.000,0.069803,0.069803,3.605441,3.536097,3.547933,3.536097,0.028522
162,6.708333,-0.231709,0.472740,3.537201,1.000000,0.000000,0.000000,0.000000,0.120000,gvhmr_incam,543.797,556.276,,543.797,556.276,,,526.726,proxy_support,radius_free_proxy_observations,0.000000,0.000000,0,0,0,0,0,0,hand,right,right_hand,right_hand,0.299212,3.571445,543.797,556.276,546.000,509.000,0.034854,0.034854,3.572055,3.537451,3.557272,3.537451,0.000609
163,6.750000,-0.261622,0.391197,3.538805,1.000000,0.000000,0.000000,0.000000,0.120000,gvhmr_incam,531.427,522.347,,531.427,522.347,,,526.726,proxy_support,radius_free_proxy_observations,0.000000,0.000000,1,0,1,0,0,0,hand,right,right_hand,right_hand,0.249772,3.551474,531.427,522.347,542.000,469.000,0.012669,0.012669,3.551474,3.538805,3.565369,3.538805,0.000000
164,6.791667,-0.282136,0.327468,3.540480,1.000000,0.000000,0.000000,0.000000,0.120000,gvhmr_incam,522.969,495.835,,522.969,495.835,,,526.726,proxy_support,radius_free_proxy_observations,0.000000,0.000000,0,0,0,0,0,0,hand,right,right_hand,right_hand,0.181248,3.542422,522.969,495.835,524.000,444.000,0.041313,0.041313,3.581793,3.540498,3.608382,3.540498,0.039371
165,6.833333,-0.303969,0.280197,3.542123,1.000000,0.000000,0.000000,0.000000,0.120000,gvhmr_incam,513.971,476.173,,513.971,476.173,,,526.726,proxy_support,radius_free_proxy_observations,0.000000,0.000000,0,0,0,0,0,0,hand,right,right_hand,right_hand,0.124700,3.545603,513.971,476.173,518.000,423.000,0.106372,0.106372,3.648495,3.542191,3.648462,3.542191,0.102892
166,6.875000,-0.316202,0.244677,3.543829,1.000000,0.000000,0.000000,0.000000,0.120000,gvhmr_incam,508.962,461.397,,508.962,461.397,,,526.726,proxy_support,radius_free_proxy_observations,0.000000,0.000000,0,0,0,0,0,0,hand,right,right_hand,right_hand,0.078231,3.552253,508.962,461.397,509.000,408.000,0.138957,0.138957,3.682786,3.543885,3.687936,3.543885,0.130532
167,6.916667,-0.326435,0.223044,3.545551,1.000000,0.000000,0.000000,0.000000,0.120000,gvhmr_incam,504.787,452.387,,504.787,452.387,,,526.726,proxy_support,radius_free_proxy_observations,0.000000,0.000000,0,0,0,0,0,0,hand,right,right_hand,right_hand,0.053534,3.562151,504.787,452.387,506.000,397.000,0.139421,0.139421,3.684972,3.545578,3.717079,3.545578,0.122821
168,6.958333,-0.333687,0.213512,3.547312,1.000000,0.000000,0.000000,0.000000,0.120000,gvhmr_incam,501.852,448.395,,501.852,448.395,,,526.726,proxy_support,radius_free_proxy_observations,0.000000,0.000000,0,0,0,0,0,0,hand,right,right_hand,right_hand,0.049964,3.570652,501.852,448.395,501.000,394.000,0.085215,0.085215,3.632527,3.547271,3.712458,3.547271,0.061875
169,7.000000,-0.345338,0.219978,3.549062,1.000000,0.000000,0.000000,0.000000,0.120000,gvhmr_incam,497.099,451.027,,497.099,451.027,,,526.726,proxy_support,radius_free_proxy_observations,0.000000,0.000000,0,0,0,0,0,0,hand,right,right_hand,right_hand,0.077196,3.578433,497.099,451.027,498.000,398.000,0.009976,0.009976,3.559038,3.548965,3.711431,3.548965,-0.019395
170,7.041667,-0.351507,0.251194,3.550819,1.000000,0.000000,0.000000,0.000000,0.120000,gvhmr_incam,494.618,463.893,,494.618,463.893,,,526.726,proxy_support,radius_free_proxy_observations,0.000000,0.000000,0,0,0,0,0,0,hand,right,right_hand,right_hand,0.134595,3.583867,494.618,463.893,494.000,418.000,-0.038425,-0.038425,3.512394,3.550658,3.690584,3.550658,-0.071473
171,7.083333,-0.356301,0.333866,3.552426,1.000000,0.000000,0.000000,0.000000,0.120000,gvhmr_incam,492.702,498.023,,492.702,498.023,,,526.726,proxy_support,radius_free_proxy_observations,0.000000,0.000000,0,0,0,0,0,0,hand,right,right_hand,right_hand,0.214557,3.594238,492.702,498.023,490.000,451.000,-0.084808,-0.084808,3.467618,3.552351,3.644696,3.552351,-0.126620
172,7.125000,-0.349286,0.463076,3.553996,1.000000,0.000000,0.000000,0.000000,0.120000,gvhmr_incam,495.666,551.355,,495.666,551.355,,,526.726,proxy_support,radius_free_proxy_observations,0.000000,0.000000,0,0,0,0,0,0,hand,right,right_hand,right_hand,0.275886,3.613519,495.666,551.355,494.000,506.000,0.026801,0.026801,3.580797,3.554044,3.593138,3.554044,-0.032723
173,7.166667,-0.330429,0.601557,3.555714,1.000000,0.000000,0.000000,0.000000,0.120000,gvhmr_incam,503.524,608.459,,503.524,608.459,,,526.726,proxy_support,radius_free_proxy_observations,0.000000,0.000000,0,0,0,1,0,1,floor,,floor,right_hand,0.304163,3.618149,503.524,608.459,501.000,568.000,0.015339,0.015339,3.571053,3.555738,3.561287,3.555738,-0.047095
174,7.208333,-0.330832,0.581484,3.557497,1.000000,0.000000,0.000000,0.000000,0.120000,gvhmr_incam,503.426,600.048,,503.426,600.048,,,526.726,proxy_support,radius_free_proxy_observations,0.000000,0.000000,0,0,0,0,0,0,hand,right,right_hand,right_hand,0.310996,3.611835,503.426,600.048,514.000,564.000,0.076518,0.076518,3.634015,3.557431,3.535633,3.557431,0.022179
175,7.250000,-0.328803,0.470072,3.559259,1.000000,0.000000,0.000000,0.000000,0.120000,gvhmr_incam,504.331,553.959,,504.331,553.959,,,526.726,proxy_support,radius_free_proxy_observations,0.000000,0.000000,0,0,0,0,0,0,hand,right,right_hand,right_hand,0.296529,3.601409,504.331,553.959,507.000,510.000,0.083620,0.083620,3.642879,3.559124,3.553471,3.559124,0.041470
176,7.291667,-0.315677,0.387601,3.560818,1.000000,0.000000,0.000000,0.000000,0.120000,gvhmr_incam,509.804,519.860,,509.804,519.860,,,526.726,proxy_support,radius_free_proxy_observations,0.000000,0.000000,1,0,1,0,0,0,hand,right,right_hand,right_hand,0.252026,3.576999,509.804,519.860,508.000,476.000,0.016181,0.016181,3.576999,3.560818,3.560818,3.560818,0.000000
177,7.333333,-0.300190,0.306149,3.561477,1.000000,0.000000,0.000000,0.000000,0.120000,gvhmr_incam,516.214,486.243,,516.214,486.243,,,526.726,proxy_support,radius_free_proxy_observations,0.000000,0.000000,0,0,0,0,0,0,hand,right,right_hand,right_hand,0.185227,3.552021,516.214,486.243,515.000,439.000,0.005793,0.005793,3.567270,3.561134,3.575482,3.561134,0.015250
178,7.375000,-0.285965,0.250552,3.561933,1.000000,0.000000,0.000000,0.000000,0.120000,gvhmr_incam,522.095,463.304,,522.095,463.304,,,526.726,proxy_support,radius_free_proxy_observations,0.000000,0.000000,0,0,0,0,0,0,hand,right,right_hand,right_hand,0.121254,3.545268,522.095,463.304,524.000,416.000,0.051463,0.051463,3.613396,3.561451,3.580930,3.561451,0.068128
179,7.416667,-0.268227,0.217454,3.562274,1.000000,0.000000,0.000000,0.000000,0.120000,gvhmr_incam,529.419,449.649,,529.419,449.649,,,526.726,proxy_support,radius_free_proxy_observations,0.000000,0.000000,0,0,0,0,0,0,hand,right,right_hand,right_hand,0.073585,3.541598,529.419,449.649,536.000,405.000,0.075022,0.075022,3.637296,3.561767,3.594805,3.561767,0.095697
180,7.458333,-0.250462,0.202424,3.562547,1.000000,0.000000,0.000000,0.000000,0.120000,gvhmr_incam,536.751,443.446,,536.751,443.446,,,526.726,proxy_support,radius_free_proxy_observations,0.000000,0.000000,0,0,0,0,0,0,hand,right,right_hand,right_hand,0.052615,3.529539,536.751,443.446,545.000,398.000,0.067146,0.067146,3.629693,3.562084,3.581872,3.562084,0.100154
181,7.500000,-0.232854,0.205014,3.562786,1.000000,0.000000,0.000000,0.000000,0.120000,gvhmr_incam,544.016,444.508,,544.016,444.508,,,526.726,proxy_support,radius_free_proxy_observations,0.000000,0.000000,0,0,0,0,0,0,hand,right,right_hand,right_hand,0.053679,3.513624,544.016,444.508,562.000,399.000,0.032655,0.032655,3.595441,3.562400,3.585553,3.562400,0.081817
182,7.541667,-0.209484,0.229220,3.563018,1.000000,0.000000,0.000000,0.000000,0.120000,gvhmr_incam,553.655,454.480,,553.655,454.480,,,526.726,proxy_support,radius_free_proxy_observations,0.000000,0.000000,0,0,0,0,0,0,hand,right,right_hand,right_hand,0.084572,3.491754,553.655,454.480,570.000,407.000,0.036601,0.036601,3.599619,3.562717,3.577732,3.562717,0.107866
183,7.583333,-0.183603,0.269756,3.563274,1.000000,0.000000,0.000000,0.000000,0.120000,gvhmr_incam,564.328,471.180,,564.328,471.180,,,526.726,proxy_support,radius_free_proxy_observations,0.000000,0.000000,0,0,0,0,0,0,hand,right,right_hand,right_hand,0.145040,3.475731,564.328,471.180,577.000,425.000,-0.003120,-0.003120,3.560154,3.563033,3.588062,3.563033,0.084424
184,7.625000,-0.160662,0.347122,3.563431,1.000000,0.000000,0.000000,0.000000,0.120000,gvhmr_incam,573.786,503.060,,573.786,503.060,,,526.726,proxy_support,radius_free_proxy_observations,0.000000,0.000000,0,0,0,0,0,0,hand,right,right_hand,right_hand,0.219923,3.481670,573.786,503.060,590.000,454.000,-0.009672,-0.009672,3.553759,3.563350,3.600743,3.563350,0.072089
185,7.666667,-0.142355,0.462256,3.563498,1.000000,0.000000,0.000000,0.000000,0.120000,gvhmr_incam,581.332,550.507,,581.332,550.507,,,526.726,proxy_support,radius_free_proxy_observations,0.000000,0.000000,0,0,0,0,0,0,hand,right,right_hand,right_hand,0.272814,3.505936,581.332,550.507,584.000,490.000,0.038978,0.038978,3.602476,3.563666,3.600803,3.563666,0.096540
186,7.708333,-0.116534,0.602432,3.563685,1.000000,0.000000,0.000000,0.000000,0.120000,gvhmr_incam,591.976,608.264,,591.976,608.264,,,526.726,proxy_support,radius_free_proxy_observations,0.000000,0.000000,0,0,0,1,0,1,floor,,floor,right_hand,0.309166,3.534578,591.976,608.264,581.000,573.000,0.201714,0.201714,3.765399,3.563983,3.580185,3.563983,0.230821
187,7.750000,-0.120972,0.599477,3.563959,1.000000,0.000000,0.000000,0.000000,0.120000,gvhmr_incam,590.151,607.027,,590.151,607.027,,,526.726,proxy_support,radius_free_proxy_observations,0.000000,0.000000,0,0,0,0,0,0,hand,right,right_hand,right_hand,0.316233,3.546353,590.151,607.027,583.000,574.000,0.217583,0.217583,3.781542,3.564299,3.571326,3.564299,0.235190
188,7.791667,-0.152223,0.506872,3.564291,1.000000,0.000000,0.000000,0.000000,0.120000,gvhmr_incam,577.279,568.848,,577.279,568.848,,,526.726,proxy_support,radius_free_proxy_observations,0.000000,0.000000,0,0,0,0,0,0,hand,right,right_hand,right_hand,0.305689,3.550982,577.279,568.848,567.000,525.000,-0.019470,-0.019470,3.544821,3.564616,3.573700,3.564616,-0.006161
189,7.833333,-0.172915,0.413495,3.564932,1.000000,0.000000,0.000000,0.000000,0.120000,gvhmr_incam,568.766,530.343,,568.766,530.343,,,526.726,proxy_support,radius_free_proxy_observations,0.000000,0.000000,1,0,1,0,0,0,hand,right,right_hand,right_hand,0.272713,3.528339,568.766,530.343,573.000,487.000,-0.036593,-0.036593,3.528339,3.564932,3.577284,3.564932,0.000000
190,7.875000,-0.200197,0.347443,3.564932,1.000000,0.000000,0.000000,0.000000,0.120000,gvhmr_incam,557.527,503.132,,557.527,503.132,,,526.726,proxy_support,radius_free_proxy_observations,0.000000,0.000000,0,0,0,0,0,0,hand,right,right_hand,right_hand,0.215407,3.515495,557.527,503.132,559.000,464.000,-0.032280,-0.032280,3.532652,3.564932,3.557553,3.564932,0.017157
191,7.916667,-0.225214,0.294860,3.564932,1.000000,0.000000,0.000000,0.000000,0.120000,gvhmr_incam,547.221,481.470,,547.221,481.470,,,526.726,proxy_support,radius_free_proxy_observations,0.000000,0.000000,0,0,0,0,0,0,hand,right,right_hand,right_hand,0.165416,3.506035,547.221,481.470,549.000,434.000,0.107191,0.107191,3.672123,3.564932,3.522304,3.564932,0.166088
192,7.958333,-0.238575,0.263121,3.564932,1.000000,0.000000,0.000000,0.000000,0.120000,gvhmr_incam,541.717,468.395,,541.717,468.395,,,526.726,proxy_support,radius_free_proxy_observations,0.000000,0.000000,0,0,0,0,0,0,hand,right,right_hand,right_hand,0.138906,3.508450,541.717,468.395,543.000,420.000,0.096311,0.096311,3.661243,3.564932,3.500782,3.564932,0.152793
