frame,time,tx,ty,tz,qw,qx,qy,qz,radius_m,coord_frame,u_obs,v_obs,u_proj,v_proj,bottom_proj_v,floor_v,u_ref_obs,v_ref_obs,support_v_obs,depth_prior_m,contact_depth_offset_m,contact_frame,audio_contact_frame,source,se3_schema,z_ref_anchor_segment,contact_part,contact_side,contact_label,contact_u,contact_v
1,0.000000,-0.689890,0.670726,4.966547,1.000000,0.000000,0.000000,0.000000,0.120000,gvhmr_incam,654.000,837.500,654.000,837.500,868.000,868.000,654.000,837.500,868.000,4.966547,0.091118,0,0,generic_anchor_depth_raw_contact_interp_debug,1,4.966547,none,left,none,619.000,844.000
2,0.033333,-0.690878,0.672968,4.976423,1.000000,0.000000,0.000000,0.000000,0.120000,gvhmr_incam,654.170,837.902,654.170,837.902,868.345,868.345,654.170,837.902,868.345,4.976423,0.200667,1,0,generic_anchor_depth_raw_contact_interp_debug,1,4.976423,floor,,floor,618.000,844.000
3,0.066667,-0.692211,0.674267,4.984922,1.000000,0.000000,0.000000,0.000000,0.120000,gvhmr_incam,654.102,837.968,654.102,837.968,868.417,868.417,654.102,837.968,868.417,4.984922,0.157906,1,0,generic_anchor_depth_raw_contact_interp_debug,1,4.984922,floor,,floor,618.000,844.000
4,0.100000,-0.693316,0.674402,4.987967,1.000000,0.000000,0.000000,0.000000,0.120000,gvhmr_incam,653.801,837.846,653.801,837.846,868.212,868.212,653.801,837.846,868.212,4.987967,0.178775,1,0,generic_anchor_depth_raw_contact_interp_debug,1,4.987967,floor,,floor,617.000,842.000
5,0.133333,-0.694980,0.675905,4.999435,1.000000,0.000000,0.000000,0.000000,0.120000,gvhmr_incam,653.770,837.825,653.770,837.825,868.167,868.167,653.770,837.825,868.167,4.999435,0.151302,0,0,generic_anchor_depth_raw_contact_interp_debug,1,4.999435,none,left,none,617.000,842.000
6,0.166667,-0.696649,0.677537,5.012242,1.000000,0.000000,0.000000,0.000000,0.120000,gvhmr_incam,653.819,837.781,653.819,837.781,868.102,868.102,653.819,837.781,868.102,5.012242,0.180867,0,0,generic_anchor_depth_raw_contact_interp_debug,1,5.012242,none,left,none,617.000,842.000
7,0.200000,-0.697559,0.678501,5.019576,1.000000,0.000000,0.000000,0.000000,0.120000,gvhmr_incam,653.867,837.769,653.867,837.769,868.096,868.096,653.867,837.769,868.096,5.019576,0.180699,0,0,generic_anchor_depth_raw_contact_interp_debug,1,5.019576,none,left,none,618.000,845.000
8,0.233333,-0.697755,0.678735,5.022021,1.000000,0.000000,0.000000,0.000000,0.120000,gvhmr_incam,653.930,837.727,653.930,837.727,868.061,868.061,653.930,837.727,868.061,5.022021,0.183299,0,0,generic_anchor_depth_raw_contact_interp_debug,1,5.022021,none,left,none,617.000,841.000
9,0.266667,-0.697410,0.678352,5.020452,1.000000,0.000000,0.000000,0.000000,0.120000,gvhmr_incam,653.986,837.652,653.986,837.652,868.004,868.004,653.986,837.652,868.004,5.020452,0.112531,0,0,generic_anchor_depth_raw_contact_interp_debug,1,5.020452,none,left,none,617.000,843.000
10,0.300000,-0.697893,0.678840,5.024789,1.000000,0.000000,0.000000,0.000000,0.120000,gvhmr_incam,654.038,837.609,654.038,837.609,867.946,867.946,654.038,837.609,867.946,5.024789,0.084395,0,0,generic_anchor_depth_raw_contact_interp_debug,1,5.024789,none,left,none,617.000,847.000
11,0.333333,-0.699057,0.679832,5.032081,1.000000,0.000000,0.000000,0.000000,0.120000,gvhmr_incam,653.972,837.612,653.972,837.612,867.944,867.944,653.972,837.612,867.944,5.032081,0.071150,0,0,generic_anchor_depth_raw_contact_interp_debug,1,5.032081,none,left,none,617.000,847.000
12,0.366667,-0.700022,0.681008,5.039093,1.000000,0.000000,0.000000,0.000000,0.120000,gvhmr_incam,653.976,837.712,653.976,837.712,868.042,868.042,653.976,837.712,868.042,5.039093,0.037447,1,0,generic_anchor_depth_raw_contact_interp_debug,1,5.039093,floor,,floor,617.000,846.000
13,0.400000,-0.699509,0.680852,5.036044,1.000000,0.000000,0.000000,0.000000,0.120000,gvhmr_incam,654.015,837.824,654.015,837.824,868.194,868.194,654.015,837.824,868.194,5.036044,0.041385,1,0,generic_anchor_depth_raw_contact_interp_debug,1,5.036044,floor,,floor,618.000,844.000
14,0.433333,-0.699526,0.680978,5.036382,1.000000,0.000000,0.000000,0.000000,0.120000,gvhmr_incam,654.028,837.859,654.028,837.859,868.256,868.256,654.028,837.859,868.256,5.036382,0.031669,0,0,generic_anchor_depth_raw_contact_interp_debug,1,5.036382,none,left,none,619.000,850.000
15,0.466667,-0.699444,0.681299,5.037879,1.000000,0.000000,0.000000,0.000000,0.120000,gvhmr_incam,654.155,837.911,654.155,837.911,868.336,868.336,654.155,837.911,868.336,5.037879,0.090029,1,0,generic_anchor_depth_raw_contact_interp_debug,1,5.037879,floor,,floor,617.000,842.000
16,0.500000,-0.700805,0.682544,5.048080,1.000000,0.000000,0.000000,0.000000,0.120000,gvhmr_incam,654.179,837.852,654.179,837.852,868.276,868.276,654.179,837.852,868.276,5.048080,0.076517,1,0,generic_anchor_depth_raw_contact_interp_debug,1,5.048080,floor,,floor,617.000,842.000
17,0.533333,-0.700716,0.682778,5.049184,1.000000,0.000000,0.000000,0.000000,0.120000,gvhmr_incam,654.285,837.889,654.285,837.889,868.330,868.330,654.285,837.889,868.330,5.049184,0.081970,1,0,generic_anchor_depth_raw_contact_interp_debug,1,5.049184,floor,,floor,617.000,842.000
18,0.566667,-0.700108,0.682355,5.045833,1.000000,0.000000,0.000000,0.000000,0.120000,gvhmr_incam,654.347,837.902,654.347,837.902,868.373,868.373,654.347,837.902,868.373,5.045833,0.094602,1,0,generic_anchor_depth_raw_contact_interp_debug,1,5.045833,floor,,floor,617.000,842.000
19,0.600000,-0.698924,0.681093,5.036422,1.000000,0.000000,0.000000,0.000000,0.120000,gvhmr_incam,654.294,837.907,654.294,837.907,868.409,868.409,654.294,837.907,868.409,5.036422,0.294268,1,0,generic_anchor_depth_raw_contact_interp_debug,1,5.036422,floor,,floor,618.000,847.000
20,0.633333,-0.697766,0.680285,5.030533,1.000000,0.000000,0.000000,0.000000,0.120000,gvhmr_incam,654.443,837.902,654.443,837.902,868.439,868.439,654.443,837.902,868.439,5.030533,0.101772,1,0,generic_anchor_depth_raw_contact_interp_debug,1,5.030533,floor,,floor,617.000,842.000
21,0.666667,-0.697937,0.680029,5.030694,1.000000,0.000000,0.000000,0.000000,0.120000,gvhmr_incam,654.378,837.780,654.378,837.780,868.348,868.348,654.378,837.780,868.348,5.030694,0.257731,1,0,generic_anchor_depth_raw_contact_interp_debug,1,5.030694,floor,,floor,617.000,843.000
22,0.700000,-0.698068,0.679705,5.029874,1.000000,0.000000,0.000000,0.000000,0.120000,gvhmr_incam,654.271,837.687,654.271,837.687,868.257,868.257,654.271,837.687,868.257,5.029874,0.028804,1,0,generic_anchor_depth_raw_contact_interp_debug,1,5.029874,floor,,floor,618.000,843.000
23,0.733333,-0.696568,0.678283,5.018841,1.000000,0.000000,0.000000,0.000000,0.120000,gvhmr_incam,654.257,837.717,654.257,837.717,868.295,868.295,654.257,837.717,868.295,5.018841,0.042575,1,0,generic_anchor_depth_raw_contact_interp_debug,1,5.018841,floor,,floor,618.000,844.000
24,0.766667,-0.694417,0.675922,5.002802,1.000000,0.000000,0.000000,0.000000,0.120000,gvhmr_incam,654.224,837.632,654.224,837.632,868.193,868.193,654.224,837.632,868.193,5.002802,0.129988,1,0,generic_anchor_depth_raw_contact_interp_debug,1,5.002802,floor,,floor,617.000,842.000
25,0.800000,-0.693592,0.675163,4.996577,1.000000,0.000000,0.000000,0.000000,0.120000,gvhmr_incam,654.207,837.668,654.207,837.668,868.176,868.176,654.207,837.668,868.176,4.996577,0.299789,1,0,generic_anchor_depth_raw_contact_interp_debug,1,4.996577,floor,,floor,617.000,843.000
26,0.833333,-0.693686,0.675128,4.996014,1.000000,0.000000,0.000000,0.000000,0.120000,gvhmr_incam,654.131,837.686,654.131,837.686,868.163,868.163,654.131,837.686,868.163,4.996014,0.093246,1,0,generic_anchor_depth_raw_contact_interp_debug,1,4.996014,floor,,floor,617.000,842.000
27,0.866667,-0.694258,0.675295,4.998157,1.000000,0.000000,0.000000,0.000000,0.120000,gvhmr_incam,654.010,837.632,654.010,837.632,868.122,868.122,654.010,837.632,868.122,4.998157,0.067860,1,0,generic_anchor_depth_raw_contact_interp_debug,1,4.998157,floor,,floor,617.000,842.000
28,0.900000,-0.693334,0.674319,4.990281,1.000000,0.000000,0.000000,0.000000,0.120000,gvhmr_incam,653.935,837.671,653.935,837.671,868.159,868.159,653.935,837.671,868.159,4.990281,0.107331,1,0,generic_anchor_depth_raw_contact_interp_debug,1,4.990281,floor,,floor,617.000,842.000
29,0.933333,-0.691953,0.672974,4.981416,1.000000,0.000000,0.000000,0.000000,0.120000,gvhmr_incam,654.001,837.606,654.001,837.606,868.069,868.069,654.001,837.606,868.069,4.981416,0.098975,1,0,generic_anchor_depth_raw_contact_interp_debug,1,4.981416,floor,,floor,617.000,842.000
30,0.966667,-0.692084,0.673006,4.980618,1.000000,0.000000,0.000000,0.000000,0.120000,gvhmr_incam,653.894,837.668,653.894,837.668,868.143,868.143,653.894,837.668,868.143,4.980618,0.108579,1,0,generic_anchor_depth_raw_contact_interp_debug,1,4.980618,floor,,floor,617.000,842.000
31,1.000000,-0.692791,0.673863,4.986083,1.000000,0.000000,0.000000,0.000000,0.120000,gvhmr_incam,653.917,837.720,653.917,837.720,868.181,868.181,653.917,837.720,868.181,4.986083,0.129213,1,0,generic_anchor_depth_raw_contact_interp_debug,1,4.986083,floor,,floor,617.000,842.000
32,1.033333,-0.692800,0.674079,4.987385,1.000000,0.000000,0.000000,0.000000,0.120000,gvhmr_incam,653.993,837.738,653.993,837.738,868.160,868.160,653.993,837.738,868.160,4.987385,0.131726,1,0,generic_anchor_depth_raw_contact_interp_debug,1,4.987385,floor,,floor,618.000,850.000
33,1.066667,-0.695666,0.675272,4.991817,1.000000,0.000000,0.000000,0.000000,0.120000,gvhmr_incam,653.000,838.000,653.000,838.000,869.000,869.000,653.000,838.000,869.000,4.991817,0.148562,1,0,generic_anchor_depth_raw_contact_interp_debug,1,4.991817,floor,,floor,617.000,843.000
34,1.100000,-0.696573,0.676927,4.993576,1.000000,0.000000,0.000000,0.000000,0.120000,gvhmr_incam,652.708,838.625,652.708,838.625,869.599,869.599,652.708,838.625,869.599,4.993576,0.143099,1,0,generic_anchor_depth_raw_contact_interp_debug,1,4.993576,floor,,floor,617.000,843.000
35,1.133333,-0.697012,0.677976,4.999259,1.000000,0.000000,0.000000,0.000000,0.120000,gvhmr_incam,652.864,838.748,652.864,838.748,869.722,869.722,652.864,838.748,869.722,4.999259,0.133222,1,0,generic_anchor_depth_raw_contact_interp_debug,1,4.999259,floor,,floor,617.000,843.000
36,1.166667,-0.696928,0.677366,4.999830,1.000000,0.000000,0.000000,0.000000,0.120000,gvhmr_incam,652.936,838.445,652.936,838.445,869.397,869.397,652.936,838.445,869.397,4.999830,0.092147,1,0,generic_anchor_depth_raw_contact_interp_debug,1,4.999830,floor,,floor,617.000,843.000
37,1.200000,-0.695340,0.675785,4.990856,1.000000,0.000000,0.000000,0.000000,0.120000,gvhmr_incam,653.085,838.284,653.085,838.284,869.199,869.199,653.085,838.284,869.199,4.990856,0.041779,1,0,generic_anchor_depth_raw_contact_interp_debug,1,4.990856,floor,,floor,618.000,844.000
38,1.233333,-0.694301,0.675062,4.984491,1.000000,0.000000,0.000000,0.000000,0.120000,gvhmr_incam,653.152,838.345,653.152,838.345,869.237,869.237,653.152,838.345,869.237,4.984491,0.098543,1,0,generic_anchor_depth_raw_contact_interp_debug,1,4.984491,floor,,floor,618.000,844.000
39,1.266667,-0.691264,0.673169,4.973414,1.000000,0.000000,0.000000,0.000000,0.120000,gvhmr_incam,653.814,838.171,653.814,838.171,869.088,869.088,653.814,838.171,869.088,4.973414,0.027629,1,0,generic_anchor_depth_raw_contact_interp_debug,1,4.973414,floor,,floor,618.000,847.000
40,1.300000,-0.689834,0.671085,4.957736,1.000000,0.000000,0.000000,0.000000,0.120000,gvhmr_incam,653.481,838.188,653.481,838.188,869.104,869.104,653.481,838.188,869.104,4.957736,0.017574,0,0,generic_anchor_depth_raw_contact_interp_debug,1,4.957736,none,left,none,616.000,845.000
41,1.333333,-0.687730,0.669012,4.942424,1.000000,0.000000,0.000000,0.000000,0.120000,gvhmr_incam,653.469,838.188,653.469,838.188,869.062,869.062,653.469,838.188,869.062,4.942424,0.021087,0,0,generic_anchor_depth_raw_contact_interp_debug,1,4.942424,none,left,none,618.000,843.000
42,1.366667,-0.684881,0.666349,4.923183,1.000000,0.000000,0.000000,0.000000,0.120000,gvhmr_incam,653.546,838.162,653.546,838.162,869.034,869.034,653.546,838.162,869.034,4.923183,0.015268,0,0,generic_anchor_depth_raw_contact_interp_debug,1,4.923183,none,left,none,618.000,846.000
43,1.400000,-0.683821,0.665523,4.918103,1.000000,0.000000,0.000000,0.000000,0.120000,gvhmr_incam,653.704,838.100,653.704,838.100,868.956,868.956,653.704,838.100,868.956,4.918103,-0.006599,1,0,generic_anchor_depth_raw_contact_interp_debug,1,4.918103,floor,,floor,619.000,854.000
44,1.433333,-0.682215,0.664092,4.907543,1.000000,0.000000,0.000000,0.000000,0.120000,gvhmr_incam,653.766,838.099,653.766,838.099,868.935,868.935,653.766,838.099,868.935,4.907543,-0.000058,1,0,generic_anchor_depth_raw_contact_interp_debug,1,4.907543,floor,,floor,619.000,854.000
45,1.466667,-0.678404,0.660626,4.879600,1.000000,0.000000,0.000000,0.000000,0.120000,gvhmr_incam,653.733,838.241,653.733,838.241,869.047,869.047,653.733,838.241,869.047,4.879600,0.000693,1,0,generic_anchor_depth_raw_contact_interp_debug,1,4.879600,floor,,floor,619.000,854.000
46,1.500000,-0.675267,0.657635,4.858893,1.000000,0.000000,0.000000,0.000000,0.120000,gvhmr_incam,653.850,838.156,653.850,838.156,868.971,868.971,653.850,838.156,868.971,4.858893,0.017407,1,0,generic_anchor_depth_raw_contact_interp_debug,1,4.858893,floor,,floor,619.000,854.000
47,1.533333,-0.675252,0.657375,4.857152,1.000000,0.000000,0.000000,0.000000,0.120000,gvhmr_incam,653.747,838.145,653.747,838.145,868.913,868.913,653.747,838.145,868.913,4.857152,-0.021845,1,0,generic_anchor_depth_raw_contact_interp_debug,1,4.857152,floor,,floor,619.000,854.000
48,1.566667,-0.671677,0.654336,4.834893,1.000000,0.000000,0.000000,0.000000,0.120000,gvhmr_incam,653.966,838.133,653.966,838.133,868.853,868.853,653.966,838.133,868.853,4.834893,-0.043465,1,0,generic_anchor_depth_raw_contact_interp_debug,1,4.834893,floor,,floor,619.000,854.000
49,1.600000,-0.690879,0.672975,4.973053,1.000000,0.000000,0.000000,0.000000,0.120000,gvhmr_incam,653.962,838.107,653.962,838.107,868.740,868.740,653.962,838.107,868.740,4.973053,0.000840,1,0,generic_anchor_depth_raw_contact_interp_debug,1,4.973053,floor,,floor,620.000,854.000
50,1.633333,-0.708697,0.690514,5.103855,1.000000,0.000000,0.000000,0.000000,0.120000,gvhmr_incam,654.115,838.037,654.115,838.037,868.726,868.726,654.115,838.037,868.726,5.103855,0.057731,1,0,generic_anchor_depth_raw_contact_interp_debug,1,5.103855,foot,left,foot,619.000,854.000
51,1.666667,-0.748071,0.728542,5.383040,1.000000,0.000000,0.000000,0.000000,0.120000,gvhmr_incam,653.866,838.142,653.866,838.142,868.663,868.663,653.866,838.142,868.663,5.383040,-0.033990,1,0,generic_anchor_depth_raw_contact_interp_debug,1,5.383040,foot,left,foot,620.000,854.000
52,1.700000,-0.692475,0.618591,5.501188,1.000000,0.000000,0.000000,0.000000,0.120000,gvhmr_incam,682.704,787.710,682.704,787.710,831.368,831.368,682.704,787.710,831.368,5.501188,1.512038,1,0,generic_anchor_depth_raw_contact_interp_debug,1,5.501188,foot,right,foot,660.000,813.000
53,1.733333,-0.712023,0.635738,5.648315,1.000000,0.000000,0.000000,0.000000,0.120000,gvhmr_incam,682.303,787.945,682.303,787.945,827.908,827.908,682.303,787.945,827.908,5.648315,0.833151,1,0,generic_anchor_depth_raw_contact_interp_debug,1,5.648315,foot,right,foot,662.000,813.000
54,1.766667,-0.666527,0.439800,5.664925,1.000000,0.000000,0.000000,0.000000,0.120000,gvhmr_incam,700.809,711.024,700.809,711.024,755.812,755.812,700.809,711.024,755.812,5.664925,4.770869,0,0,generic_anchor_depth_raw_contact_interp_debug,1,5.664925,none,right,none,693.000,746.000
55,1.800000,-0.662997,0.243118,5.874301,1.000000,0.000000,0.000000,0.000000,0.120000,gvhmr_incam,711.371,631.171,711.371,631.171,678.308,678.308,711.371,631.171,678.308,5.874301,30.919140,0,0,generic_anchor_depth_raw_contact_interp_debug,1,5.874301,none,right,none,717.000,673.000
56,1.833333,-0.654703,0.099068,5.928452,1.000000,0.000000,0.000000,0.000000,0.120000,gvhmr_incam,716.724,576.812,716.724,576.812,619.487,619.487,716.724,576.812,619.487,5.928452,0.107748,0,0,generic_anchor_depth_raw_contact_interp_debug,1,5.928452,none,right,none,709.000,622.000
57,1.866667,-0.637478,-0.043830,5.973300,1.000000,0.000000,0.000000,0.000000,0.120000,gvhmr_incam,724.903,523.836,724.903,523.836,567.924,567.924,724.903,523.836,567.924,5.973300,-0.936571,0,0,generic_anchor_depth_raw_contact_interp_debug,1,5.973300,none,right,none,723.000,572.000
58,1.900000,-0.607893,-0.178626,5.885127,1.000000,0.000000,0.000000,0.000000,0.120000,gvhmr_incam,732.455,473.137,732.455,473.137,518.021,518.021,732.455,473.137,518.021,5.885127,-0.139657,0,0,generic_anchor_depth_raw_contact_interp_debug,1,5.885127,none,right,none,716.000,518.000
59,1.933333,-0.618306,-0.186468,6.023747,1.000000,0.000000,0.000000,0.000000,0.120000,gvhmr_incam,733.883,471.808,733.883,471.808,517.926,517.926,733.883,471.808,517.926,6.023747,-0.213584,0,0,generic_anchor_depth_raw_contact_interp_debug,1,6.023747,none,right,none,717.000,517.000
60,1.966667,-0.620507,-0.310873,6.123530,1.000000,0.000000,0.000000,0.000000,0.120000,gvhmr_incam,736.776,428.165,736.776,428.165,477.392,477.392,736.776,428.165,477.392,6.123530,30.348254,0,0,generic_anchor_depth_raw_contact_interp_debug,1,6.123530,none,right,none,720.000,475.000
61,2.000000,-0.633349,-0.427968,6.337594,1.000000,0.000000,0.000000,0.000000,0.120000,gvhmr_incam,739.852,391.241,739.852,391.241,442.517,442.517,739.852,391.241,442.517,6.337594,30.329569,0,0,generic_anchor_depth_raw_contact_interp_debug,1,6.337594,none,right,none,722.000,440.000
62,2.033333,-0.638010,-0.527325,6.364119,1.000000,0.000000,0.000000,0.000000,0.120000,gvhmr_incam,739.156,357.469,739.156,357.469,408.154,408.154,739.156,357.469,408.154,6.364119,30.137806,0,0,generic_anchor_depth_raw_contact_interp_debug,1,6.364119,none,right,none,728.000,409.000
63,2.066667,-0.629476,-0.598246,6.324986,1.000000,0.000000,0.000000,0.000000,0.120000,gvhmr_incam,740.762,331.639,740.762,331.639,381.913,381.913,740.762,331.639,381.913,6.324986,0.093261,0,0,generic_anchor_depth_raw_contact_interp_debug,1,6.324986,none,left,none,725.000,380.000
64,2.100000,-0.629516,-0.599406,6.321988,1.000000,0.000000,0.000000,0.000000,0.120000,gvhmr_incam,740.644,331.136,740.644,331.136,381.493,381.493,740.644,331.136,381.493,6.321988,0.083061,0,0,generic_anchor_depth_raw_contact_interp_debug,1,6.321988,none,left,none,726.000,380.000
65,2.133333,-0.633657,-0.625056,6.316236,1.000000,0.000000,0.000000,0.000000,0.120000,gvhmr_incam,739.000,322.000,739.000,322.000,360.000,360.000,739.000,322.000,360.000,6.316236,30.078560,0,0,generic_anchor_depth_raw_contact_interp_debug,1,6.316236,none,left,none,727.000,359.000
66,2.166667,-0.625674,-0.684723,6.305417,1.000000,0.000000,0.000000,0.000000,0.120000,gvhmr_incam,741.410,300.780,741.410,300.780,345.177,345.177,741.410,300.780,345.177,6.305417,30.118991,0,0,generic_anchor_depth_raw_contact_interp_debug,1,6.305417,none,left,none,731.000,343.000
67,2.200000,-0.619723,-0.714221,6.287615,1.000000,0.000000,0.000000,0.000000,0.120000,gvhmr_incam,742.876,289.768,742.876,289.768,335.170,335.170,742.876,289.768,335.170,6.287615,-0.094519,0,0,generic_anchor_depth_raw_contact_interp_debug,1,6.287615,none,left,none,733.000,334.000
68,2.233333,-0.617987,-0.712037,6.280913,1.000000,0.000000,0.000000,0.000000,0.120000,gvhmr_incam,743.253,290.267,743.253,290.267,334.558,334.558,743.253,290.267,334.558,6.280913,-0.021926,0,0,generic_anchor_depth_raw_contact_interp_debug,1,6.280913,none,left,none,731.000,334.000
69,2.266667,-0.616058,-0.719909,6.277381,1.000000,0.000000,0.000000,0.000000,0.120000,gvhmr_incam,743.808,287.364,743.808,287.364,330.774,330.774,743.808,287.364,330.774,6.277381,30.176993,0,0,generic_anchor_depth_raw_contact_interp_debug,1,6.277381,none,left,none,734.000,328.000
70,2.300000,-0.619488,-0.720718,6.341159,1.000000,0.000000,0.000000,0.000000,0.120000,gvhmr_incam,744.791,289.624,744.791,289.624,331.125,331.125,744.791,289.624,331.125,6.341159,30.163286,0,0,generic_anchor_depth_raw_contact_interp_debug,1,6.341159,none,left,none,737.000,330.000
71,2.333333,-0.624175,-0.714433,6.376399,1.000000,0.000000,0.000000,0.000000,0.120000,gvhmr_incam,744.361,293.179,744.361,293.179,334.620,334.620,744.361,293.179,334.620,6.376399,0.081958,0,0,generic_anchor_depth_raw_contact_interp_debug,1,6.376399,none,left,none,735.000,334.000
72,2.366667,-0.620806,-0.689199,6.405460,1.000000,0.000000,0.000000,0.000000,0.120000,gvhmr_incam,746.498,302.977,746.498,302.977,342.550,342.550,746.498,302.977,342.550,6.405460,0.015348,0,0,generic_anchor_depth_raw_contact_interp_debug,1,6.405460,none,left,none,745.000,344.000
73,2.400000,-0.616628,-0.641770,6.411961,1.000000,0.000000,0.000000,0.000000,0.120000,gvhmr_incam,748.150,319.512,748.150,319.512,358.111,358.111,748.150,319.512,358.111,6.411961,30.136493,0,0,generic_anchor_depth_raw_contact_interp_debug,1,6.411961,none,left,none,731.000,356.000
74,2.433333,-0.617514,-0.640819,6.435059,1.000000,0.000000,0.000000,0.000000,0.120000,gvhmr_incam,748.607,320.629,748.607,320.629,359.538,359.538,748.607,320.629,359.538,6.435059,30.139490,0,0,generic_anchor_depth_raw_contact_interp_debug,1,6.435059,none,left,none,735.000,356.000
75,2.466667,-0.620006,-0.596780,6.497846,1.000000,0.000000,0.000000,0.000000,0.120000,gvhmr_incam,749.805,337.679,749.805,337.679,375.198,375.198,749.805,337.679,375.198,6.497846,0.055558,0,0,generic_anchor_depth_raw_contact_interp_debug,1,6.497846,none,left,none,738.000,375.000
76,2.500000,-0.625251,-0.535230,6.574814,1.000000,0.000000,0.000000,0.000000,0.120000,gvhmr_incam,750.508,360.670,750.508,360.670,397.087,397.087,750.508,360.670,397.087,6.574814,30.078836,0,0,generic_anchor_depth_raw_contact_interp_debug,1,6.574814,none,left,none,731.000,397.000
77,2.533333,-0.625818,-0.446169,6.578950,1.000000,0.000000,0.000000,0.000000,0.120000,gvhmr_incam,750.450,390.604,750.450,390.604,425.772,425.772,750.450,390.604,425.772,6.578950,30.025350,0,0,generic_anchor_depth_raw_contact_interp_debug,1,6.578950,none,left,none,740.000,427.000
78,2.566667,-0.621016,-0.356730,6.604329,1.000000,0.000000,0.000000,0.000000,0.120000,gvhmr_incam,752.857,421.011,752.857,421.011,456.012,456.012,752.857,421.011,456.012,6.604329,29.798911,0,0,generic_anchor_depth_raw_contact_interp_debug,1,6.604329,none,left,none,735.000,457.000
79,2.600000,-0.624226,-0.354243,6.643725,1.000000,0.000000,0.000000,0.000000,0.120000,gvhmr_incam,753.021,422.541,753.021,422.541,457.485,457.485,753.021,422.541,457.485,6.643725,29.686597,0,0,generic_anchor_depth_raw_contact_interp_debug,1,6.643725,none,left,none,735.000,457.000
80,2.633333,-0.628148,-0.246756,6.659312,1.000000,0.000000,0.000000,0.000000,0.120000,gvhmr_incam,752.208,458.373,752.208,458.373,493.337,493.337,752.208,458.373,493.337,6.659312,29.914649,0,0,generic_anchor_depth_raw_contact_interp_debug,1,6.659312,none,left,none,739.000,495.000
81,2.666667,-0.644283,-0.134895,6.755815,1.000000,0.000000,0.000000,0.000000,0.120000,gvhmr_incam,749.915,496.014,749.915,496.014,530.909,530.909,749.915,496.014,530.909,6.755815,0.041857,0,0,generic_anchor_depth_raw_contact_interp_debug,1,6.755815,none,left,none,738.000,533.000
82,2.700000,-0.675199,0.003813,7.076999,1.000000,0.000000,0.000000,0.000000,0.120000,gvhmr_incam,749.826,541.187,749.826,541.187,576.652,576.652,749.826,541.187,576.652,7.076999,29.915344,0,0,generic_anchor_depth_raw_contact_interp_debug,1,7.076999,none,left,none,744.000,582.000
83,2.733333,-0.680488,0.010789,7.137017,1.000000,0.000000,0.000000,0.000000,0.120000,gvhmr_incam,749.961,543.330,749.961,543.330,576.855,576.855,749.961,543.330,576.855,7.137017,0.019233,0,0,generic_anchor_depth_raw_contact_interp_debug,1,7.137017,none,left,none,744.000,582.000
84,2.766667,-0.671419,0.167945,7.050629,1.000000,0.000000,0.000000,0.000000,0.120000,gvhmr_incam,750.221,592.473,750.221,592.473,624.744,624.744,750.221,592.473,624.744,7.050629,0.355920,0,0,generic_anchor_depth_raw_contact_interp_debug,1,7.050629,none,left,none,739.000,630.000
85,2.800000,-0.734573,0.374572,7.720958,1.000000,0.000000,0.000000,0.000000,0.120000,gvhmr_incam,750.415,646.871,750.415,646.871,670.248,670.248,750.415,646.871,670.248,7.720958,2.080746,0,0,generic_anchor_depth_raw_contact_interp_debug,1,7.720958,none,left,none,752.000,677.000
86,2.833333,-0.800494,0.628139,8.384837,1.000000,0.000000,0.000000,0.000000,0.120000,gvhmr_incam,749.690,705.028,749.690,705.028,724.768,724.768,749.690,705.028,724.768,8.384837,0.564015,1,0,generic_anchor_depth_raw_contact_interp_debug,1,8.384837,foot,left,foot,767.000,735.000
87,2.866667,-0.892027,0.814642,9.318961,1.000000,0.000000,0.000000,0.000000,0.120000,gvhmr_incam,749.134,732.573,749.134,732.573,754.253,754.253,749.134,732.573,754.253,9.318961,-1.860545,1,0,generic_anchor_depth_raw_contact_interp_debug,1,9.318961,foot,left,foot,768.000,756.000
88,2.900000,-0.903941,0.688736,9.456565,1.000000,0.000000,0.000000,0.000000,0.120000,gvhmr_incam,749.427,700.441,749.427,700.441,725.835,725.835,749.427,700.441,725.835,9.456565,7.542696,1,0,generic_anchor_depth_raw_contact_interp_debug,1,9.456565,foot,left,foot,761.000,731.000
89,2.933333,-0.892615,0.672779,9.348825,1.000000,0.000000,0.000000,0.000000,0.120000,gvhmr_incam,749.669,698.530,749.669,698.530,722.383,722.383,749.669,698.530,722.383,9.348825,6.433900,1,0,generic_anchor_depth_raw_contact_interp_debug,1,9.348825,foot,left,foot,755.000,732.000
90,2.966667,-0.910852,0.585692,9.427063,1.000000,0.000000,0.000000,0.000000,0.120000,gvhmr_incam,747.153,676.864,747.153,676.864,701.953,701.953,747.153,676.864,701.953,9.427063,19.809847,0,0,generic_anchor_depth_raw_contact_interp_debug,1,9.427063,none,left,none,755.000,710.000
91,3.000000,-0.953638,0.494686,9.720680,1.000000,0.000000,0.000000,0.000000,0.120000,gvhmr_incam,743.886,652.106,743.886,652.106,670.463,670.463,743.886,652.106,670.463,9.720680,0.355986,0,0,generic_anchor_depth_raw_contact_interp_debug,1,9.720680,none,left,none,736.000,678.000
92,3.033333,-0.891486,0.386350,9.082698,1.000000,0.000000,0.000000,0.000000,0.120000,gvhmr_incam,743.780,633.705,743.780,633.705,655.052,655.052,743.780,633.705,655.052,9.082698,0.581684,0,0,generic_anchor_depth_raw_contact_interp_debug,1,9.082698,none,left,none,745.000,667.000
93,3.066667,-0.822422,0.312910,8.314876,1.000000,0.000000,0.000000,0.000000,0.120000,gvhmr_incam,742.111,622.901,742.111,622.901,643.047,643.047,742.111,622.901,643.047,8.314876,28.632013,0,0,generic_anchor_depth_raw_contact_interp_debug,1,8.314876,none,left,none,745.000,663.000
94,3.100000,-0.727661,0.273845,7.346638,1.000000,0.000000,0.000000,0.000000,0.120000,gvhmr_incam,741.809,622.113,741.809,622.113,643.787,643.787,741.809,622.113,643.787,7.346638,28.650083,0,0,generic_anchor_depth_raw_contact_interp_debug,1,7.346638,none,left,none,745.000,663.000
95,3.133333,-0.704586,0.254849,7.090821,1.000000,0.000000,0.000000,0.000000,0.120000,gvhmr_incam,741.106,619.174,741.106,619.174,640.775,640.775,741.106,619.174,640.775,7.090821,28.658214,0,0,generic_anchor_depth_raw_contact_interp_debug,1,7.090821,none,left,none,747.000,659.000
96,3.166667,-0.680151,0.251645,6.878216,1.000000,0.000000,0.000000,0.000000,0.120000,gvhmr_incam,742.166,620.595,742.166,620.595,642.234,642.234,742.166,620.595,642.234,6.878216,-2.013974,0,0,generic_anchor_depth_raw_contact_interp_debug,1,6.878216,none,left,none,738.000,659.000
97,3.200000,-0.682724,0.269046,6.851834,1.000000,0.000000,0.000000,0.000000,0.120000,gvhmr_incam,740.500,626.500,740.500,626.500,667.000,667.000,740.500,626.500,667.000,6.851834,-1.445097,0,0,generic_anchor_depth_raw_contact_interp_debug,1,6.851834,none,left,none,732.000,665.000
98,3.233333,-0.687535,0.272754,6.911266,1.000000,0.000000,0.000000,0.000000,0.120000,gvhmr_incam,740.854,626.938,740.854,626.938,667.570,667.570,740.854,626.938,667.570,6.911266,-0.929429,0,0,generic_anchor_depth_raw_contact_interp_debug,1,6.911266,none,left,none,738.000,667.000
99,3.266667,-0.700566,0.287393,7.078101,1.000000,0.000000,0.000000,0.000000,0.120000,gvhmr_incam,741.964,629.445,741.964,629.445,669.424,669.424,741.964,629.445,669.424,7.078101,-0.167794,0,0,generic_anchor_depth_raw_contact_interp_debug,1,7.078101,none,left,none,726.000,671.000
100,3.300000,-0.689784,0.335685,6.974419,1.000000,0.000000,0.000000,0.000000,0.120000,gvhmr_incam,742.128,646.028,742.128,646.028,674.672,674.672,742.128,646.028,674.672,6.974419,6.101841,0,0,generic_anchor_depth_raw_contact_interp_debug,1,6.974419,none,left,none,730.000,691.000
101,3.333333,-0.668595,0.410522,6.801412,1.000000,0.000000,0.000000,0.000000,0.120000,gvhmr_incam,743.449,672.964,743.449,672.964,682.748,682.748,743.449,672.964,682.748,6.801412,28.923151,0,0,generic_anchor_depth_raw_contact_interp_debug,1,6.801412,none,right,none,722.000,719.000
102,3.366667,-0.674727,0.504397,6.863670,1.000000,0.000000,0.000000,0.000000,0.120000,gvhmr_incam,743.445,701.887,743.445,701.887,684.382,684.382,743.445,701.887,684.382,6.863670,6.249532,0,0,generic_anchor_depth_raw_contact_interp_debug,1,6.863670,none,right,none,716.000,743.000
103,3.400000,-0.677590,0.586806,6.861424,1.000000,0.000000,0.000000,0.000000,0.120000,gvhmr_incam,742.455,728.398,742.455,728.398,678.658,678.658,742.455,728.398,678.658,6.861424,-1.876007,1,0,generic_anchor_depth_raw_contact_interp_debug,1,6.861424,foot,right,foot,722.000,776.000
104,3.433333,-0.678299,0.589577,6.863082,1.000000,0.000000,0.000000,0.000000,0.120000,gvhmr_incam,742.280,729.242,742.280,729.242,678.246,678.246,742.280,729.242,678.246,6.863082,-1.881291,1,0,generic_anchor_depth_raw_contact_interp_debug,1,6.863082,foot,right,foot,726.000,777.000
105,3.466667,-0.669212,0.496905,6.729346,1.000000,0.000000,0.000000,0.000000,0.120000,gvhmr_incam,740.928,702.666,740.928,702.666,680.290,680.290,740.928,702.666,680.290,6.729346,6.128179,0,0,generic_anchor_depth_raw_contact_interp_debug,1,6.729346,none,right,none,728.000,744.000
106,3.500000,-0.669249,0.411394,6.641232,1.000000,0.000000,0.000000,0.000000,0.120000,gvhmr_incam,738.009,676.460,738.009,676.460,680.673,680.673,738.009,676.460,680.673,6.641232,26.799161,0,0,generic_anchor_depth_raw_contact_interp_debug,1,6.641232,none,right,none,731.000,718.000
107,3.533333,-0.697719,0.345953,6.844631,1.000000,0.000000,0.000000,0.000000,0.120000,gvhmr_incam,735.443,651.343,735.443,651.343,673.236,673.236,735.443,651.343,673.236,6.844631,29.674421,0,0,generic_anchor_depth_raw_contact_interp_debug,1,6.844631,none,right,none,724.000,695.000
108,3.566667,-0.710305,0.298194,6.878750,1.000000,0.000000,0.000000,0.000000,0.120000,gvhmr_incam,732.526,635.496,732.526,635.496,667.695,667.695,732.526,635.496,667.695,6.878750,29.799957,0,0,generic_anchor_depth_raw_contact_interp_debug,1,6.878750,none,left,none,714.000,670.000
109,3.600000,-0.688373,0.281208,6.645810,1.000000,0.000000,0.000000,0.000000,0.120000,gvhmr_incam,731.823,633.213,731.823,633.213,666.564,666.564,731.823,633.213,666.564,6.645810,30.494171,0,0,generic_anchor_depth_raw_contact_interp_debug,1,6.645810,none,left,none,715.000,671.000
110,3.633333,-0.635911,0.229378,6.404218,1.000000,0.000000,0.000000,0.000000,0.120000,gvhmr_incam,741.261,618.901,741.261,618.901,663.125,663.125,741.261,618.901,663.125,6.404218,30.168844,0,0,generic_anchor_depth_raw_contact_interp_debug,1,6.404218,none,left,none,717.000,660.000
111,3.666667,-0.623062,0.206944,6.045319,1.000000,0.000000,0.000000,0.000000,0.120000,gvhmr_incam,732.957,615.410,732.957,615.410,659.611,659.611,732.957,615.410,659.611,6.045319,-0.960427,0,0,generic_anchor_depth_raw_contact_interp_debug,1,6.045319,none,left,none,715.000,651.000
112,3.700000,-0.602078,0.185817,5.767591,1.000000,0.000000,0.000000,0.000000,0.120000,gvhmr_incam,730.039,610.972,730.039,610.972,658.982,658.982,730.039,610.972,658.982,5.767591,-1.001949,0,0,generic_anchor_depth_raw_contact_interp_debug,1,5.767591,none,left,none,709.000,647.000
113,3.733333,-0.588609,0.180559,5.621728,1.000000,0.000000,0.000000,0.000000,0.120000,gvhmr_incam,729.350,610.753,729.350,610.753,658.828,658.828,729.350,610.753,658.828,5.621728,-0.925954,0,0,generic_anchor_depth_raw_contact_interp_debug,1,5.621728,none,left,none,712.000,647.000
114,3.766667,-0.592283,0.186078,5.615329,1.000000,0.000000,0.000000,0.000000,0.120000,gvhmr_incam,727.646,612.999,727.646,612.999,660.081,660.081,727.646,612.999,660.081,5.615329,-0.812673,0,0,generic_anchor_depth_raw_contact_interp_debug,1,5.615329,none,left,none,710.000,649.000
115,3.800000,-0.605355,0.208233,5.723596,1.000000,0.000000,0.000000,0.000000,0.120000,gvhmr_incam,727.010,620.145,727.010,620.145,662.877,662.877,727.010,620.145,662.877,5.723596,-0.688110,0,0,generic_anchor_depth_raw_contact_interp_debug,1,5.723596,none,left,none,715.000,655.000
116,3.833333,-0.626514,0.225840,5.865699,1.000000,0.000000,0.000000,0.000000,0.120000,gvhmr_incam,724.708,624.816,724.708,624.816,664.117,664.117,724.708,624.816,664.117,5.865699,0.010354,0,0,generic_anchor_depth_raw_contact_interp_debug,1,5.865699,none,left,none,721.000,667.000
117,3.866667,-0.667871,0.249312,6.227227,1.000000,0.000000,0.000000,0.000000,0.120000,gvhmr_incam,723.738,628.195,723.738,628.195,664.576,664.576,723.738,628.195,664.576,6.227227,0.063189,0,0,generic_anchor_depth_raw_contact_interp_debug,1,6.227227,none,left,none,722.000,667.000
118,3.900000,-0.678703,0.288950,6.308093,1.000000,0.000000,0.000000,0.000000,0.120000,gvhmr_incam,722.984,640.907,722.984,640.907,667.720,667.720,722.984,640.907,667.720,6.308093,30.221325,0,0,generic_anchor_depth_raw_contact_interp_debug,1,6.308093,none,left,none,701.000,685.000
119,3.933333,-0.705982,0.316248,6.544710,1.000000,0.000000,0.000000,0.000000,0.120000,gvhmr_incam,722.371,646.447,722.371,646.447,668.560,668.560,722.371,646.447,668.560,6.544710,30.250908,0,0,generic_anchor_depth_raw_contact_interp_debug,1,6.544710,none,left,none,703.000,686.000
120,3.966667,-0.715250,0.377490,6.533734,1.000000,0.000000,0.000000,0.000000,0.120000,gvhmr_incam,718.847,667.274,718.847,667.274,671.812,671.812,718.847,667.274,671.812,6.533734,28.565803,0,0,generic_anchor_depth_raw_contact_interp_debug,1,6.533734,none,left,none,700.000,702.000
121,4.000000,-0.719139,0.454509,6.491701,1.000000,0.000000,0.000000,0.000000,0.120000,gvhmr_incam,715.966,694.234,715.966,694.234,672.840,672.840,715.966,694.234,672.840,6.491701,28.866682,0,0,generic_anchor_depth_raw_contact_interp_debug,1,6.491701,none,left,none,696.000,731.000
122,4.033333,-0.703210,0.526139,6.287419,1.000000,0.000000,0.000000,0.000000,0.120000,gvhmr_incam,713.618,724.342,713.618,724.342,672.270,672.270,713.618,724.342,672.270,6.287419,3.918080,0,0,generic_anchor_depth_raw_contact_interp_debug,1,6.287419,none,left,none,686.000,765.000
123,4.066667,-0.715963,0.624247,6.224154,1.000000,0.000000,0.000000,0.000000,0.120000,gvhmr_incam,706.600,760.939,706.600,760.939,671.180,671.180,706.600,760.939,671.180,6.224154,0.204630,0,0,generic_anchor_depth_raw_contact_interp_debug,1,6.224154,none,left,none,696.000,805.000
124,4.100000,-1.044548,0.904565,9.087590,1.000000,0.000000,0.000000,0.000000,0.120000,gvhmr_incam,706.793,759.274,706.793,759.274,670.788,670.788,706.793,759.274,670.788,9.087590,-0.012718,0,0,generic_anchor_depth_raw_contact_interp_debug,1,9.087590,none,right,none,677.000,799.000
125,4.133333,-1.412846,1.205428,12.226992,1.000000,0.000000,0.000000,0.000000,0.120000,gvhmr_incam,705.451,757.179,705.451,757.179,671.391,671.391,705.451,757.179,671.391,12.226992,-1.659613,1,0,generic_anchor_depth_raw_contact_interp_debug,1,12.226992,foot,right,foot,685.000,803.000
126,4.166667,-1.342920,0.963841,12.129263,1.000000,0.000000,0.000000,0.000000,0.120000,gvhmr_incam,716.100,715.052,716.100,715.052,670.341,670.341,716.100,715.052,670.341,12.129263,0.715549,0,0,generic_anchor_depth_raw_contact_interp_debug,1,12.129263,none,right,none,693.000,765.000
127,4.200000,-1.358021,0.852923,12.288330,1.000000,0.000000,0.000000,0.000000,0.120000,gvhmr_incam,716.550,692.902,716.550,692.902,669.511,669.511,716.550,692.902,669.511,12.288330,28.464436,0,0,generic_anchor_depth_raw_contact_interp_debug,1,12.288330,none,right,none,689.000,728.000
128,4.233333,-1.361996,0.847951,12.262645,1.000000,0.000000,0.000000,0.000000,0.120000,gvhmr_incam,715.326,692.329,715.326,692.329,670.310,670.310,715.326,692.329,670.310,12.262645,27.556088,0,0,generic_anchor_depth_raw_contact_interp_debug,1,12.262645,none,left,none,697.000,729.000
129,4.266667,-1.371688,0.716637,12.333475,1.000000,0.000000,0.000000,0.000000,0.120000,gvhmr_incam,715.000,668.000,715.000,668.000,705.000,705.000,715.000,668.000,705.000,12.333475,28.935915,0,0,generic_anchor_depth_raw_contact_interp_debug,1,12.333475,none,left,none,716.000,704.000
130,4.300000,-1.368214,0.661200,12.294057,1.000000,0.000000,0.000000,0.000000,0.120000,gvhmr_incam,714.837,658.477,714.837,658.477,685.455,685.455,714.837,658.477,685.455,12.294057,30.456283,0,0,generic_anchor_depth_raw_contact_interp_debug,1,12.294057,none,left,none,717.000,681.000
131,4.333333,-0.997398,0.322306,9.107496,1.000000,0.000000,0.000000,0.000000,0.120000,gvhmr_incam,718.751,617.959,718.751,617.959,669.469,669.469,718.751,617.959,669.469,9.107496,30.460349,0,0,generic_anchor_depth_raw_contact_interp_debug,1,9.107496,none,left,none,715.000,663.000
132,4.366667,-0.640578,0.159238,5.927939,1.000000,0.000000,0.000000,0.000000,0.120000,gvhmr_incam,721.952,599.175,721.952,599.175,650.743,650.743,721.952,599.175,650.743,5.927939,-0.582209,0,0,generic_anchor_depth_raw_contact_interp_debug,1,5.927939,none,left,none,722.000,657.000
133,4.400000,-0.621552,0.132580,5.799031,1.000000,0.000000,0.000000,0.000000,0.120000,gvhmr_incam,723.888,590.364,723.888,590.364,641.888,641.888,723.888,590.364,641.888,5.799031,-0.158123,0,0,generic_anchor_depth_raw_contact_interp_debug,1,5.799031,none,left,none,727.000,649.000
134,4.433333,-0.591913,0.128348,5.566805,1.000000,0.000000,0.000000,0.000000,0.120000,gvhmr_incam,725.767,590.790,725.767,590.790,638.747,638.747,725.767,590.790,638.747,5.566805,-0.067678,0,0,generic_anchor_depth_raw_contact_interp_debug,1,5.566805,none,left,none,728.000,650.000
135,4.466667,-0.579122,0.126631,5.540657,1.000000,0.000000,0.000000,0.000000,0.120000,gvhmr_incam,729.747,590.347,729.747,590.347,636.320,636.320,729.747,590.347,636.320,5.540657,0.014408,0,0,generic_anchor_depth_raw_contact_interp_debug,1,5.540657,none,left,none,729.000,650.000
136,4.500000,-0.579004,0.138452,5.634523,1.000000,0.000000,0.000000,0.000000,0.120000,gvhmr_incam,733.629,594.130,733.629,594.130,639.675,639.675,733.629,594.130,639.675,5.634523,-0.026358,0,0,generic_anchor_depth_raw_contact_interp_debug,1,5.634523,none,left,none,726.000,653.000
137,4.533333,-0.594112,0.172216,5.870524,1.000000,0.000000,0.000000,0.000000,0.120000,gvhmr_incam,737.060,604.624,737.060,604.624,646.241,646.241,737.060,604.624,646.241,5.870524,0.039384,0,0,generic_anchor_depth_raw_contact_interp_debug,1,5.870524,none,left,none,726.000,657.000
138,4.566667,-0.640917,0.252940,6.517982,1.000000,0.000000,0.000000,0.000000,0.120000,gvhmr_incam,743.387,625.487,743.387,625.487,661.618,661.618,743.387,625.487,661.618,6.517982,30.697706,0,0,generic_anchor_depth_raw_contact_interp_debug,1,6.517982,none,left,none,729.000,670.000
139,4.600000,-0.732218,0.287153,7.427777,1.000000,0.000000,0.000000,0.000000,0.120000,gvhmr_incam,742.841,625.163,742.841,625.163,662.279,662.279,742.841,625.163,662.279,7.427777,0.056777,0,0,generic_anchor_depth_raw_contact_interp_debug,1,7.427777,none,left,none,725.000,669.000
140,4.633333,-0.813484,0.386713,8.334327,1.000000,0.000000,0.000000,0.000000,0.120000,gvhmr_incam,744.982,642.215,744.982,642.215,677.976,677.976,744.982,642.215,677.976,8.334327,30.597696,0,0,generic_anchor_depth_raw_contact_interp_debug,1,8.334327,none,left,none,723.000,685.000
141,4.666667,-0.829485,0.498703,8.589422,1.000000,0.000000,0.000000,0.000000,0.120000,gvhmr_incam,747.264,667.901,747.264,667.901,700.286,700.286,747.264,667.901,700.286,8.589422,12.651392,0,0,generic_anchor_depth_raw_contact_interp_debug,1,8.589422,none,left,none,728.000,704.000
142,4.700000,-0.810345,0.608869,8.460421,1.000000,0.000000,0.000000,0.000000,0.120000,gvhmr_incam,749.004,698.536,749.004,698.536,730.475,730.475,749.004,698.536,730.475,8.460421,23.342454,0,0,generic_anchor_depth_raw_contact_interp_debug,1,8.460421,none,left,none,733.000,738.000
143,4.733333,-0.791291,0.599067,8.281388,1.000000,0.000000,0.000000,0.000000,0.120000,gvhmr_incam,749.511,699.356,749.511,699.356,733.326,733.326,749.511,699.356,733.326,8.281388,21.154296,0,0,generic_anchor_depth_raw_contact_interp_debug,1,8.281388,none,left,none,736.000,739.000
144,4.766667,-0.753906,0.685529,7.981629,1.000000,0.000000,0.000000,0.000000,0.120000,gvhmr_incam,751.924,729.204,751.924,729.204,761.465,761.465,751.924,729.204,761.465,7.981629,0.761299,0,0,generic_anchor_depth_raw_contact_interp_debug,1,7.981629,none,left,none,744.000,770.000
145,4.800000,-0.710264,0.762516,7.583805,1.000000,0.000000,0.000000,0.000000,0.120000,gvhmr_incam,753.686,761.492,753.686,761.492,792.964,792.964,753.686,761.492,792.964,7.583805,-2.225793,1,0,generic_anchor_depth_raw_contact_interp_debug,1,7.583805,foot,left,foot,746.000,804.000
146,4.833333,-0.643327,0.753806,6.917950,1.000000,0.000000,0.000000,0.000000,0.120000,gvhmr_incam,755.143,780.037,755.143,780.037,809.402,809.402,755.143,780.037,809.402,6.917950,-2.745536,1,0,generic_anchor_depth_raw_contact_interp_debug,1,6.917950,foot,left,foot,754.000,811.000
147,4.866667,-0.660719,0.674105,7.061264,1.000000,0.000000,0.000000,0.000000,0.120000,gvhmr_incam,753.875,750.301,753.875,750.301,781.670,781.670,753.875,750.301,781.670,7.061264,-2.488870,1,0,generic_anchor_depth_raw_contact_interp_debug,1,7.061264,foot,left,foot,756.000,787.000
148,4.900000,-0.663539,0.555443,7.078870,1.000000,0.000000,0.000000,0.000000,0.120000,gvhmr_incam,753.510,712.851,753.510,712.851,744.477,744.477,753.510,712.851,744.477,7.078870,4.167901,0,0,generic_anchor_depth_raw_contact_interp_debug,1,7.078870,none,left,none,753.000,754.000
149,4.933333,-0.709947,0.591352,7.572168,1.000000,0.000000,0.000000,0.000000,0.120000,gvhmr_incam,753.461,712.037,753.461,712.037,742.868,742.868,753.461,712.037,742.868,7.572168,4.219884,0,0,generic_anchor_depth_raw_contact_interp_debug,1,7.572168,none,left,none,748.000,755.000
150,4.966667,-0.752728,0.500548,7.975553,1.000000,0.000000,0.000000,0.000000,0.120000,gvhmr_incam,752.091,678.255,752.091,678.255,711.917,711.917,752.091,678.255,711.917,7.975553,16.870442,0,0,generic_anchor_depth_raw_contact_interp_debug,1,7.975553,none,left,none,752.000,721.000
151,5.000000,-0.783276,0.421669,8.324576,1.000000,0.000000,0.000000,0.000000,0.120000,gvhmr_incam,752.724,651.585,752.724,651.585,689.225,689.225,752.724,651.585,689.225,8.324576,29.067992,0,0,generic_anchor_depth_raw_contact_interp_debug,1,8.324576,none,left,none,753.000,693.000
152,5.033333,-0.765316,0.336246,8.231024,1.000000,0.000000,0.000000,0.000000,0.120000,gvhmr_incam,755.175,629.991,755.175,629.991,668.974,668.974,755.175,629.991,668.974,8.231024,29.218198,0,0,generic_anchor_depth_raw_contact_interp_debug,1,8.231024,none,left,none,750.000,673.000
153,5.066667,-0.745072,0.262556,8.116124,1.000000,0.000000,0.000000,0.000000,0.120000,gvhmr_incam,757.770,611.264,757.770,611.264,654.815,654.815,757.770,611.264,654.815,8.116124,29.115954,0,0,generic_anchor_depth_raw_contact_interp_debug,1,8.116124,none,left,none,741.000,655.000
154,5.100000,-0.658469,0.229077,7.154005,1.000000,0.000000,0.000000,0.000000,0.120000,gvhmr_incam,757.240,610.539,757.240,610.539,654.199,654.199,757.240,610.539,654.199,7.154005,29.069241,0,0,generic_anchor_depth_raw_contact_interp_debug,1,7.154005,none,left,none,750.000,655.000
155,5.133333,-0.640515,0.185160,6.935955,1.000000,0.000000,0.000000,0.000000,0.120000,gvhmr_incam,756.568,598.808,756.568,598.808,646.787,646.787,756.568,598.808,646.787,6.935955,-0.465440,0,0,generic_anchor_depth_raw_contact_interp_debug,1,6.935955,none,left,none,741.000,646.000
156,5.166667,-0.615057,0.153875,6.620698,1.000000,0.000000,0.000000,0.000000,0.120000,gvhmr_incam,755.352,591.199,755.352,591.199,642.918,642.918,755.352,591.199,642.918,6.620698,-0.338027,0,0,generic_anchor_depth_raw_contact_interp_debug,1,6.620698,none,left,none,738.000,640.000
157,5.200000,-0.596986,0.144512,6.393776,1.000000,0.000000,0.000000,0.000000,0.120000,gvhmr_incam,754.315,589.790,754.315,589.790,643.350,643.350,754.315,589.790,643.350,6.393776,-0.569346,0,0,generic_anchor_depth_raw_contact_interp_debug,1,6.393776,none,left,none,738.000,639.000
158,5.233333,-0.587654,0.142140,6.272213,1.000000,0.000000,0.000000,0.000000,0.120000,gvhmr_incam,753.606,589.922,753.606,589.922,643.965,643.965,753.606,589.922,643.965,6.272213,-0.296326,0,0,generic_anchor_depth_raw_contact_interp_debug,1,6.272213,none,left,none,738.000,639.000
159,5.266667,-0.581425,0.156057,6.152751,1.000000,0.000000,0.000000,0.000000,0.120000,gvhmr_incam,751.829,595.874,751.829,595.874,648.499,648.499,751.829,595.874,648.499,6.152751,-0.179418,0,0,generic_anchor_depth_raw_contact_interp_debug,1,6.152751,none,left,none,738.000,644.000
160,5.300000,-0.665497,0.213588,6.965632,1.000000,0.000000,0.000000,0.000000,0.120000,gvhmr_incam,749.534,607.548,749.534,607.548,656.592,656.592,749.534,607.548,656.592,6.965632,-0.619611,0,0,generic_anchor_depth_raw_contact_interp_debug,1,6.965632,none,left,none,735.000,651.000
161,5.333333,-0.746598,0.327862,7.850535,1.000000,0.000000,0.000000,0.000000,0.120000,gvhmr_incam,750.500,632.000,750.500,632.000,670.000,670.000,750.500,632.000,670.000,7.850535,-0.299551,0,0,generic_anchor_depth_raw_contact_interp_debug,1,7.850535,none,left,none,747.000,669.000
162,5.366667,-0.750140,0.411586,7.907327,1.000000,0.000000,0.000000,0.000000,0.120000,gvhmr_incam,751.018,654.664,751.018,654.664,670.989,670.989,751.018,654.664,670.989,7.907327,-1.019574,0,0,generic_anchor_depth_raw_contact_interp_debug,1,7.907327,none,left,none,746.000,692.000
163,5.400000,-0.741080,0.488086,7.705925,1.000000,0.000000,0.000000,0.000000,0.120000,gvhmr_incam,748.146,679.530,748.146,679.530,670.879,670.879,748.146,679.530,670.879,7.705925,26.667603,0,0,generic_anchor_depth_raw_contact_interp_debug,1,7.705925,none,left,none,730.000,724.000
164,5.433333,-0.732845,0.493798,7.657702,1.000000,0.000000,0.000000,0.000000,0.120000,gvhmr_incam,749.181,682.052,749.181,682.052,669.219,669.219,749.181,682.052,669.219,7.657702,26.893683,0,0,generic_anchor_depth_raw_contact_interp_debug,1,7.657702,none,left,none,732.000,724.000
165,5.466667,-0.733541,0.607861,7.637512,1.000000,0.000000,0.000000,0.000000,0.120000,gvhmr_incam,748.423,715.327,748.423,715.327,669.816,669.816,748.423,715.327,669.816,7.637512,27.847059,0,0,generic_anchor_depth_raw_contact_interp_debug,1,7.637512,none,left,none,740.000,762.000
166,5.500000,-0.739774,0.454222,7.742856,1.000000,0.000000,0.000000,0.000000,0.120000,gvhmr_incam,749.528,669.230,749.528,669.230,670.091,670.091,749.528,669.230,670.091,7.742856,-1.801245,1,0,generic_anchor_depth_raw_contact_interp_debug,1,7.742856,foot,right,foot,722.000,800.000
167,5.533333,-0.670711,0.377905,7.123639,1.000000,0.000000,0.000000,0.000000,0.120000,gvhmr_incam,752.590,656.863,752.590,656.863,669.872,669.872,752.590,656.863,669.872,7.123639,2.328455,0,0,generic_anchor_depth_raw_contact_interp_debug,1,7.123639,none,right,none,735.000,775.000
168,5.566667,-0.565490,0.451753,6.242280,1.000000,0.000000,0.000000,0.000000,0.120000,gvhmr_incam,760.438,699.424,760.438,699.424,669.041,669.041,760.438,699.424,669.041,6.242280,23.917826,0,0,generic_anchor_depth_raw_contact_interp_debug,1,6.242280,none,right,none,747.000,742.000
169,5.600000,-0.555659,0.436385,6.116324,1.000000,0.000000,0.000000,0.000000,0.120000,gvhmr_incam,759.869,697.172,759.869,697.172,669.591,669.591,759.869,697.172,669.591,6.116324,23.570671,0,0,generic_anchor_depth_raw_contact_interp_debug,1,6.116324,none,right,none,751.000,743.000
170,5.633333,-0.539978,0.375938,6.229359,1.000000,0.000000,0.000000,0.000000,0.120000,gvhmr_incam,769.046,672.944,769.046,672.944,669.522,669.522,769.046,672.944,669.522,6.229359,27.768708,0,0,generic_anchor_depth_raw_contact_interp_debug,1,6.229359,none,right,none,767.000,714.000
171,5.666667,-0.514918,0.317128,6.265172,1.000000,0.000000,0.000000,0.000000,0.120000,gvhmr_incam,778.949,651.506,778.949,651.506,670.840,670.840,778.949,651.506,670.840,6.265172,30.255559,0,0,generic_anchor_depth_raw_contact_interp_debug,1,6.265172,none,right,none,764.000,691.000
172,5.700000,-0.489330,0.263248,6.139155,1.000000,0.000000,0.000000,0.000000,0.120000,gvhmr_incam,784.414,634.461,784.414,634.461,672.176,672.176,784.414,634.461,672.176,6.139155,-0.327976,0,0,generic_anchor_depth_raw_contact_interp_debug,1,6.139155,none,right,none,775.000,672.000
173,5.733333,-0.473773,0.250986,5.977805,1.000000,0.000000,0.000000,0.000000,0.120000,gvhmr_incam,785.408,632.492,785.408,632.492,672.111,672.111,785.408,632.492,672.111,5.977805,-0.171909,0,0,generic_anchor_depth_raw_contact_interp_debug,1,5.977805,none,right,none,778.000,673.000
174,5.766667,-0.429306,0.224357,5.661815,1.000000,0.000000,0.000000,0.000000,0.120000,gvhmr_incam,792.965,627.293,792.965,627.293,671.780,671.780,792.965,627.293,671.780,5.661815,-0.041975,0,0,generic_anchor_depth_raw_contact_interp_debug,1,5.661815,none,right,none,783.000,670.000
175,5.800000,-0.413411,0.212861,5.589344,1.000000,0.000000,0.000000,0.000000,0.120000,gvhmr_incam,797.064,623.894,797.064,623.894,671.293,671.293,797.064,623.894,671.293,5.589344,-0.140345,0,0,generic_anchor_depth_raw_contact_interp_debug,1,5.589344,none,right,none,788.000,670.000
176,5.833333,-0.400009,0.225180,5.584954,1.000000,0.000000,0.000000,0.000000,0.120000,gvhmr_incam,802.222,628.819,802.222,628.819,670.488,670.488,802.222,628.819,670.488,5.584954,-0.114250,0,0,generic_anchor_depth_raw_contact_interp_debug,1,5.584954,none,right,none,791.000,674.000
177,5.866667,-0.395417,0.227150,5.523366,1.000000,0.000000,0.000000,0.000000,0.120000,gvhmr_incam,802.294,630.595,802.294,630.595,669.167,669.167,802.294,630.595,669.167,5.523366,0.016847,1,0,generic_anchor_depth_raw_contact_interp_debug,1,5.523366,foot,right,foot,795.000,674.000
178,5.900000,-0.384575,0.106009,5.436940,1.000000,0.000000,0.000000,0.000000,0.120000,gvhmr_incam,804.180,582.952,804.180,582.952,668.130,668.130,804.180,582.952,668.130,5.436940,0.093502,0,0,generic_anchor_depth_raw_contact_interp_debug,1,5.436940,none,right,none,799.000,623.000
179,5.933333,-0.392933,0.101359,5.496644,1.000000,0.000000,0.000000,0.000000,0.120000,gvhmr_incam,802.523,580.622,802.523,580.622,668.501,668.501,802.523,580.622,668.501,5.496644,0.071606,0,0,generic_anchor_depth_raw_contact_interp_debug,1,5.496644,none,right,none,797.000,623.000
180,5.966667,-0.401586,-0.014136,5.574680,1.000000,0.000000,0.000000,0.000000,0.120000,gvhmr_incam,801.308,534.414,801.308,534.414,668.443,668.443,801.308,534.414,668.443,5.574680,-0.182029,0,0,generic_anchor_depth_raw_contact_interp_debug,1,5.574680,none,right,none,797.000,583.000
181,6.000000,-0.414476,-0.121914,5.626163,1.000000,0.000000,0.000000,0.000000,0.120000,gvhmr_incam,797.713,492.265,797.713,492.265,669.540,669.540,797.713,492.265,669.540,5.626163,-0.092548,0,0,generic_anchor_depth_raw_contact_interp_debug,1,5.626163,none,right,none,797.000,537.000
182,6.033333,-0.411495,-0.205803,5.684896,1.000000,0.000000,0.000000,0.000000,0.120000,gvhmr_incam,800.545,460.251,800.545,460.251,670.280,670.280,800.545,460.251,670.280,5.684896,30.855041,0,0,generic_anchor_depth_raw_contact_interp_debug,1,5.684896,none,right,none,788.000,501.000
183,6.066667,-0.410584,-0.277170,5.723247,1.000000,0.000000,0.000000,0.000000,0.120000,gvhmr_incam,801.964,433.316,801.964,433.316,670.599,670.599,801.964,433.316,670.599,5.723247,30.741381,0,0,generic_anchor_depth_raw_contact_interp_debug,1,5.723247,none,right,none,792.000,475.000
184,6.100000,-0.422711,-0.289526,5.860389,1.000000,0.000000,0.000000,0.000000,0.120000,gvhmr_incam,801.104,431.168,801.104,431.168,670.659,670.659,801.104,431.168,670.659,5.860389,30.685682,0,0,generic_anchor_depth_raw_contact_interp_debug,1,5.860389,none,right,none,791.000,475.000
185,6.133333,-0.430854,-0.360320,5.996460,1.000000,0.000000,0.000000,0.000000,0.120000,gvhmr_incam,801.718,407.630,801.718,407.630,670.804,670.804,801.718,407.630,670.804,5.996460,30.585159,0,0,generic_anchor_depth_raw_contact_interp_debug,1,5.996460,none,right,none,788.000,453.000
186,6.166667,-0.434821,-0.409033,6.058983,1.000000,0.000000,0.000000,0.000000,0.120000,gvhmr_incam,801.909,391.285,801.909,391.285,670.611,670.611,801.909,391.285,670.611,6.058983,30.626762,0,0,generic_anchor_depth_raw_contact_interp_debug,1,6.058983,none,right,none,785.000,432.000
187,6.200000,-0.436415,-0.438150,6.127738,1.000000,0.000000,0.000000,0.000000,0.120000,gvhmr_incam,803.110,382.486,803.110,382.486,670.727,670.727,803.110,382.486,670.727,6.127738,30.491531,0,0,generic_anchor_depth_raw_contact_interp_debug,1,6.127738,none,left,none,796.000,424.000
188,6.233333,-0.442878,-0.444064,6.208436,1.000000,0.000000,0.000000,0.000000,0.120000,gvhmr_incam,802.856,382.435,802.856,382.435,670.848,670.848,802.856,382.435,670.848,6.208436,30.438942,0,0,generic_anchor_depth_raw_contact_interp_debug,1,6.208436,none,left,none,794.000,424.000
189,6.266667,-0.443743,-0.459430,6.217518,1.000000,0.000000,0.000000,0.000000,0.120000,gvhmr_incam,802.779,377.221,802.779,377.221,671.227,671.227,802.779,377.221,671.227,6.217518,30.241360,0,0,generic_anchor_depth_raw_contact_interp_debug,1,6.217518,none,left,none,794.000,420.000
190,6.300000,-0.451438,-0.470400,6.290614,1.000000,0.000000,0.000000,0.000000,0.120000,gvhmr_incam,801.911,375.271,801.911,375.271,671.135,671.135,801.911,375.271,671.135,6.290614,30.194412,0,0,generic_anchor_depth_raw_contact_interp_debug,1,6.290614,none,left,none,795.000,422.000
191,6.333333,-0.466574,-0.449518,6.323170,1.000000,0.000000,0.000000,0.000000,0.120000,gvhmr_incam,797.452,383.394,797.452,383.394,670.965,670.965,797.452,383.394,670.965,6.323170,30.123059,0,0,generic_anchor_depth_raw_contact_interp_debug,1,6.323170,none,left,none,781.000,427.000
192,6.366667,-0.467128,-0.406776,6.353631,1.000000,0.000000,0.000000,0.000000,0.120000,gvhmr_incam,798.039,398.964,798.039,398.964,670.935,670.935,798.039,398.964,670.935,6.353631,30.299396,0,0,generic_anchor_depth_raw_contact_interp_debug,1,6.353631,none,left,none,790.000,440.000
193,6.400000,-0.467241,-0.352962,6.373303,1.000000,0.000000,0.000000,0.000000,0.120000,gvhmr_incam,798.500,418.000,798.500,418.000,459.000,459.000,798.500,418.000,459.000,6.373303,30.218858,0,0,generic_anchor_depth_raw_contact_interp_debug,1,6.373303,none,left,none,790.000,458.000
194,6.433333,-0.470419,-0.354152,6.438545,1.000000,0.000000,0.000000,0.000000,0.120000,gvhmr_incam,799.049,418.829,799.049,418.829,459.875,459.875,799.049,418.829,459.875,6.438545,30.183841,0,0,generic_anchor_depth_raw_contact_interp_debug,1,6.438545,none,left,none,789.000,458.000
195,6.466667,-0.476434,-0.356518,6.505986,1.000000,0.000000,0.000000,0.000000,0.120000,gvhmr_incam,798.681,419.284,798.681,419.284,460.170,460.170,798.681,419.284,460.170,6.505986,30.183417,0,0,generic_anchor_depth_raw_contact_interp_debug,1,6.505986,none,left,none,788.000,458.000
196,6.500000,-0.482083,-0.285129,6.626504,1.000000,0.000000,0.000000,0.000000,0.120000,gvhmr_incam,799.737,445.212,799.737,445.212,483.736,483.736,799.737,445.212,483.736,6.626504,30.049298,0,0,generic_anchor_depth_raw_contact_interp_debug,1,6.626504,none,left,none,789.000,483.000
197,6.533333,-0.503394,-0.208492,6.886520,1.000000,0.000000,0.000000,0.000000,0.120000,gvhmr_incam,798.971,473.306,798.971,473.306,513.180,513.180,798.971,473.306,513.180,6.886520,29.865474,0,0,generic_anchor_depth_raw_contact_interp_debug,1,6.886520,none,left,none,786.000,512.000
198,6.566667,-0.555028,-0.111237,7.553112,1.000000,0.000000,0.000000,0.000000,0.120000,gvhmr_incam,798.123,507.557,798.123,507.557,548.878,548.878,798.123,507.557,548.878,7.553112,29.722783,0,0,generic_anchor_depth_raw_contact_interp_debug,1,7.553112,none,left,none,788.000,549.000
199,6.600000,-0.626342,-0.111401,8.594465,1.000000,0.000000,0.000000,0.000000,0.120000,gvhmr_incam,799.458,511.446,799.458,511.446,549.510,549.510,799.458,511.446,549.510,8.594465,29.654746,0,0,generic_anchor_depth_raw_contact_interp_debug,1,8.594465,none,left,none,789.000,549.000
200,6.633333,-0.695523,0.046265,9.605734,1.000000,0.000000,0.000000,0.000000,0.120000,gvhmr_incam,800.494,550.610,800.494,550.610,587.599,587.599,800.494,550.610,587.599,9.605734,29.627955,0,0,generic_anchor_depth_raw_contact_interp_debug,1,9.605734,none,left,none,784.000,589.000
201,6.666667,-0.700054,0.259122,9.820075,1.000000,0.000000,0.000000,0.000000,0.120000,gvhmr_incam,802.959,598.128,802.959,598.128,629.911,629.911,802.959,598.128,629.911,9.820075,29.615899,0,0,generic_anchor_depth_raw_contact_interp_debug,1,9.820075,none,left,none,780.000,632.000
202,6.700000,-0.703136,0.504882,9.764264,1.000000,0.000000,0.000000,0.000000,0.120000,gvhmr_incam,801.366,653.906,801.366,653.906,684.597,684.597,801.366,653.906,684.597,9.764264,29.610474,0,0,generic_anchor_depth_raw_contact_interp_debug,1,9.764264,none,left,none,788.000,681.000
203,6.733333,-0.678682,0.496462,9.409366,1.000000,0.000000,0.000000,0.000000,0.120000,gvhmr_incam,801.108,656.231,801.108,656.231,690.929,690.929,801.108,656.231,690.929,9.409366,29.608032,0,0,generic_anchor_depth_raw_contact_interp_debug,1,9.409366,none,left,none,793.000,683.000
204,6.766667,-0.637618,0.712443,8.909407,1.000000,0.000000,0.000000,0.000000,0.120000,gvhmr_incam,802.345,716.156,802.345,716.156,748.639,748.639,802.345,716.156,748.639,8.909407,25.133022,0,0,generic_anchor_depth_raw_contact_interp_debug,1,8.909407,none,left,none,775.000,744.000
205,6.800000,-0.589832,0.905012,8.069170,1.000000,0.000000,0.000000,0.000000,0.120000,gvhmr_incam,798.974,787.071,798.974,787.071,816.260,816.260,798.974,787.071,816.260,8.069170,0.059081,0,0,generic_anchor_depth_raw_contact_interp_debug,1,8.069170,none,left,none,768.000,807.000
206,6.833333,-0.499827,0.970792,6.857957,1.000000,0.000000,0.000000,0.000000,0.120000,gvhmr_incam,799.446,851.837,799.446,851.837,880.904,880.904,799.446,851.837,880.904,6.857957,-0.790454,1,0,generic_anchor_depth_raw_contact_interp_debug,1,6.857957,floor,,floor,759.000,851.000
207,6.866667,-0.422505,0.757488,5.649538,1.000000,0.000000,0.000000,0.000000,0.120000,gvhmr_incam,795.254,835.365,795.254,835.365,868.745,868.745,795.254,835.365,868.745,5.649538,-0.740207,0,0,generic_anchor_depth_raw_contact_interp_debug,1,5.649538,none,left,none,756.000,845.000
208,6.900000,-0.403028,0.646684,5.238505,1.000000,0.000000,0.000000,0.000000,0.120000,gvhmr_incam,790.518,811.945,790.518,811.945,844.849,844.849,790.518,811.945,844.849,5.238505,0.287368,0,0,generic_anchor_depth_raw_contact_interp_debug,1,5.238505,none,left,none,755.000,828.000
209,6.933333,-0.395179,0.625661,5.099126,1.000000,0.000000,0.000000,0.000000,0.120000,gvhmr_incam,789.276,810.296,789.276,810.296,844.463,844.463,789.276,810.296,844.463,5.099126,0.445859,0,0,generic_anchor_depth_raw_contact_interp_debug,1,5.099126,none,left,none,754.000,827.000
210,6.966667,-0.423353,0.609365,5.284646,1.000000,0.000000,0.000000,0.000000,0.120000,gvhmr_incam,783.525,794.014,783.525,794.014,828.678,828.678,783.525,794.014,828.678,5.284646,0.946141,0,0,generic_anchor_depth_raw_contact_interp_debug,1,5.284646,none,left,none,752.000,814.000
211,7.000000,-0.448981,0.597856,5.434021,1.000000,0.000000,0.000000,0.000000,0.120000,gvhmr_incam,777.987,782.366,777.987,782.366,819.977,819.977,777.987,782.366,819.977,5.434021,0.894881,0,0,generic_anchor_depth_raw_contact_interp_debug,1,5.434021,none,left,none,749.000,811.000
212,7.033333,-0.466887,0.602366,5.484994,1.000000,0.000000,0.000000,0.000000,0.120000,gvhmr_incam,772.487,781.925,772.487,781.925,820.294,820.294,772.487,781.925,820.294,5.484994,0.813120,0,0,generic_anchor_depth_raw_contact_interp_debug,1,5.484994,none,left,none,745.000,812.000
213,7.066667,-0.472373,0.609873,5.444006,1.000000,0.000000,0.000000,0.000000,0.120000,gvhmr_incam,768.855,786.784,768.855,786.784,823.837,823.837,768.855,786.784,823.837,5.444006,0.767764,0,0,generic_anchor_depth_raw_contact_interp_debug,1,5.444006,none,left,none,735.000,809.000
214,7.100000,-0.464814,0.600351,5.352412,1.000000,0.000000,0.000000,0.000000,0.120000,gvhmr_incam,768.695,787.088,768.695,787.088,824.201,824.201,768.695,787.088,824.201,5.352412,0.842481,0,0,generic_anchor_depth_raw_contact_interp_debug,1,5.352412,none,left,none,737.000,813.000
215,7.133333,-0.465708,0.608635,5.227177,1.000000,0.000000,0.000000,0.000000,0.120000,gvhmr_incam,763.735,796.499,763.735,796.499,832.608,832.608,763.735,796.499,832.608,5.227177,0.407120,0,0,generic_anchor_depth_raw_contact_interp_debug,1,5.227177,none,left,none,733.000,824.000
216,7.166667,-0.473132,0.635939,5.080800,1.000000,0.000000,0.000000,0.000000,0.120000,gvhmr_incam,754.862,815.727,754.862,815.727,852.003,852.003,754.862,815.727,852.003,5.080800,0.027575,0,0,generic_anchor_depth_raw_contact_interp_debug,1,5.080800,none,left,none,720.000,841.000
217,7.200000,-0.470852,0.664726,4.932063,1.000000,0.000000,0.000000,0.000000,0.120000,gvhmr_incam,749.694,836.900,749.694,836.900,871.397,871.397,749.694,836.900,871.397,4.932063,-0.127794,0,0,generic_anchor_depth_raw_contact_interp_debug,1,4.932063,none,left,none,716.000,852.000
218,7.233333,-0.460884,0.649257,4.807927,1.000000,0.000000,0.000000,0.000000,0.120000,gvhmr_incam,748.831,837.478,748.831,837.478,871.049,871.049,748.831,837.478,871.049,4.807927,0.006219,0,0,generic_anchor_depth_raw_contact_interp_debug,1,4.807927,none,left,none,715.000,849.000
219,7.266667,-0.458908,0.646073,4.725194,1.000000,0.000000,0.000000,0.000000,0.120000,gvhmr_incam,746.055,841.202,746.055,841.202,873.451,873.451,746.055,841.202,873.451,4.725194,0.003770,1,0,generic_anchor_depth_raw_contact_interp_debug,1,4.725194,floor,,floor,710.000,854.000
220,7.300000,-0.466930,0.628813,4.707829,1.000000,0.000000,0.000000,0.000000,0.120000,gvhmr_incam,741.512,834.237,741.512,834.237,867.970,867.970,741.512,834.237,867.970,4.707829,0.092609,0,0,generic_anchor_depth_raw_contact_interp_debug,1,4.707829,none,left,none,705.000,846.000
221,7.333333,-0.480783,0.620406,4.734425,1.000000,0.000000,0.000000,0.000000,0.120000,gvhmr_incam,736.294,828.672,736.294,828.672,861.410,861.410,736.294,828.672,861.410,4.734425,0.208312,0,0,generic_anchor_depth_raw_contact_interp_debug,1,4.734425,none,left,none,703.000,844.000
222,7.366667,-0.489896,0.620453,4.729100,1.000000,0.000000,0.000000,0.000000,0.120000,gvhmr_incam,731.797,829.019,731.797,829.019,860.639,860.639,731.797,829.019,860.639,4.729100,0.109216,0,0,generic_anchor_depth_raw_contact_interp_debug,1,4.729100,none,left,none,701.000,845.000
223,7.400000,-0.491944,0.638059,4.734391,1.000000,0.000000,0.000000,0.000000,0.120000,gvhmr_incam,731.099,836.888,731.099,836.888,867.611,867.611,731.099,836.888,867.611,4.734391,-0.010606,0,0,generic_anchor_depth_raw_contact_interp_debug,1,4.734391,none,left,none,696.000,853.000
224,7.433333,-0.498937,0.633832,4.713234,1.000000,0.000000,0.000000,0.000000,0.120000,gvhmr_incam,726.803,836.245,726.803,836.245,867.973,867.973,726.803,836.245,867.973,4.713234,0.098844,0,0,generic_anchor_depth_raw_contact_interp_debug,1,4.713234,none,left,none,695.000,851.000
225,7.466667,-0.496993,0.635517,4.658852,1.000000,0.000000,0.000000,0.000000,0.120000,gvhmr_incam,725.000,840.500,725.000,840.500,876.000,876.000,725.000,840.500,876.000,4.658852,-0.000544,0,0,generic_anchor_depth_raw_contact_interp_debug,1,4.658852,none,left,none,689.000,856.000
226,7.500000,-0.496574,0.615008,4.594761,1.000000,0.000000,0.000000,0.000000,0.120000,gvhmr_incam,721.923,834.859,721.923,834.859,875.704,875.704,721.923,834.859,875.704,4.594761,0.069516,1,0,generic_anchor_depth_raw_contact_interp_debug,1,4.594761,floor,,floor,684.000,858.000
227,7.533333,-0.504606,0.594732,4.565341,1.000000,0.000000,0.000000,0.000000,0.120000,gvhmr_incam,716.513,826.975,716.513,826.975,875.780,875.780,716.513,826.975,875.780,4.565341,0.029646,0,0,generic_anchor_depth_raw_contact_interp_debug,1,4.565341,none,left,none,684.000,860.000
228,7.566667,-0.510758,0.586557,4.543835,1.000000,0.000000,0.000000,0.000000,0.120000,gvhmr_incam,712.378,824.370,712.378,824.370,876.402,876.402,712.378,824.370,876.402,4.543835,0.027690,0,0,generic_anchor_depth_raw_contact_interp_debug,1,4.543835,none,left,none,681.000,860.000
229,7.600000,-0.515029,0.586667,4.550547,1.000000,0.000000,0.000000,0.000000,0.120000,gvhmr_incam,710.676,824.004,710.676,824.004,876.613,876.613,710.676,824.004,876.613,4.550547,0.048554,0,0,generic_anchor_depth_raw_contact_interp_debug,1,4.550547,none,left,none,679.000,859.000
230,7.633333,-0.521105,0.592966,4.551677,1.000000,0.000000,0.000000,0.000000,0.120000,gvhmr_incam,707.797,826.982,707.797,826.982,877.654,877.654,707.797,826.982,877.654,4.551677,0.076900,1,0,generic_anchor_depth_raw_contact_interp_debug,1,4.551677,floor,,floor,675.000,862.000
231,7.666667,-0.527255,0.594203,4.553649,1.000000,0.000000,0.000000,0.000000,0.120000,gvhmr_incam,704.931,827.456,704.931,827.456,877.362,877.362,704.931,827.456,877.362,4.553649,0.051913,1,0,generic_anchor_depth_raw_contact_interp_debug,1,4.553649,floor,,floor,667.000,864.000
232,7.700000,-0.538006,0.593958,4.565717,1.000000,0.000000,0.000000,0.000000,0.120000,gvhmr_incam,700.418,826.578,700.418,826.578,876.595,876.595,700.418,826.578,876.595,4.565717,-0.053914,0,0,generic_anchor_depth_raw_contact_interp_debug,1,4.565717,none,left,none,681.000,874.000
233,7.733333,-0.544412,0.595629,4.576324,1.000000,0.000000,0.000000,0.000000,0.120000,gvhmr_incam,697.936,826.718,697.936,826.718,876.419,876.419,697.936,826.718,876.419,4.576324,-0.058513,0,0,generic_anchor_depth_raw_contact_interp_debug,1,4.576324,none,left,none,678.000,874.000
234,7.766667,-0.553700,0.596738,4.581426,1.000000,0.000000,0.000000,0.000000,0.120000,gvhmr_incam,693.762,826.932,693.762,826.932,876.194,876.194,693.762,826.932,876.194,4.581426,-0.077555,1,0,generic_anchor_depth_raw_contact_interp_debug,1,4.581426,floor,,floor,682.000,874.000
235,7.800000,-0.561224,0.595825,4.579859,1.000000,0.000000,0.000000,0.000000,0.120000,gvhmr_incam,690.052,826.591,690.052,826.591,875.934,875.934,690.052,826.591,875.934,4.579859,-0.096893,1,0,generic_anchor_depth_raw_contact_interp_debug,1,4.579859,floor,,floor,679.000,874.000
236,7.833333,-0.568408,0.596645,4.582583,1.000000,0.000000,0.000000,0.000000,0.120000,gvhmr_incam,686.759,826.815,686.759,826.815,875.771,875.771,686.759,826.815,875.771,4.582583,-0.095375,1,0,generic_anchor_depth_raw_contact_interp_debug,1,4.582583,floor,,floor,678.000,874.000
237,7.866667,-0.574271,0.596585,4.583717,1.000000,0.000000,0.000000,0.000000,0.120000,gvhmr_incam,684.009,826.715,684.009,826.715,875.782,875.782,684.009,826.715,875.782,4.583717,-0.079817,1,0,generic_anchor_depth_raw_contact_interp_debug,1,4.583717,floor,,floor,676.000,874.000
238,7.900000,-0.579820,0.599438,4.589140,1.000000,0.000000,0.000000,0.000000,0.120000,gvhmr_incam,681.671,827.746,681.671,827.746,876.302,876.302,681.671,827.746,876.302,4.589140,-0.079616,1,0,generic_anchor_depth_raw_contact_interp_debug,1,4.589140,floor,,floor,681.000,875.000
239,7.933333,-0.582530,0.601350,4.592780,1.000000,0.000000,0.000000,0.000000,0.120000,gvhmr_incam,680.592,828.435,680.592,828.435,876.548,876.548,680.592,828.435,876.548,4.592780,-0.075924,1,0,generic_anchor_depth_raw_contact_interp_debug,1,4.592780,floor,,floor,678.000,875.000
240,7.966667,-0.588777,0.605271,4.596467,1.000000,0.000000,0.000000,0.000000,0.120000,gvhmr_incam,677.822,830.083,677.822,830.083,877.432,877.432,677.822,830.083,877.432,4.596467,-0.072969,1,0,generic_anchor_depth_raw_contact_interp_debug,1,4.596467,floor,,floor,674.000,874.000
241,8.000000,-0.594158,0.608209,4.598660,1.000000,0.000000,0.000000,0.000000,0.120000,gvhmr_incam,675.379,831.352,675.379,831.352,877.879,877.879,675.379,831.352,877.879,4.598660,-0.054251,1,0,generic_anchor_depth_raw_contact_interp_debug,1,4.598660,floor,,floor,675.000,875.000
242,8.033333,-0.600578,0.609418,4.600646,1.000000,0.000000,0.000000,0.000000,0.120000,gvhmr_incam,672.428,831.805,672.428,831.805,878.255,878.255,672.428,831.805,878.255,4.600646,-0.059130,1,0,generic_anchor_depth_raw_contact_interp_debug,1,4.600646,floor,,floor,676.000,875.000
