frame,time,tx,ty,tz,qw,qx,qy,qz,radius_m,coord_frame,u_obs,v_obs,radius_obs_px,u_proj,v_proj,radius_proj_px,bottom_proj_v,floor_v,support_type,support_source,support_confidence,residual_px,contact_frame,audio_contact_frame,human_contact_event,floor_contact_event,human_contact_state,floor_contact_state,contact_part,contact_side,contact_label,active_part,active_part_y,active_part_z,global_z_ref,contact_depth_gap,audio_support,audio_anchor,audio_event_type
1,0.000000,-0.363934,0.097806,3.816987,1.000000,0.000000,0.000000,0.000000,0.120000,gvhmr_incam,514.076,390.355,46.265,514.076,390.355,46.283,436.638,668.476,floor,ball_contact_events,0.617236,0.000000,0,0,0,0,0,0,hand,right,right_hand,right_hand,-0.053659,3.667256,3.785491,0.140424,0.000000,0,
2,0.041667,-0.358907,0.056636,3.745388,1.000000,0.000000,0.000000,0.000000,0.120000,gvhmr_incam,513.419,378.239,46.539,513.419,378.239,47.193,425.432,668.476,floor,ball_contact_events,0.617236,0.000000,0,0,0,0,1,0,hand,right,right_hand,right_hand,-0.054241,3.663545,3.778696,0.070756,0.000000,0,
3,0.083333,-0.349072,0.033956,3.674748,1.000000,0.000000,0.000000,0.000000,0.120000,gvhmr_incam,514.522,375.839,46.553,514.522,375.839,48.145,423.984,668.476,floor,ball_contact_events,0.617236,0.000000,1,0,1,0,1,0,hand,right,right_hand,right_hand,-0.050013,3.660486,3.771901,0.000000,0.000000,0,
4,0.125000,-0.345812,0.017116,3.701584,1.000000,0.000000,0.000000,0.000000,0.120000,gvhmr_incam,516.141,378.446,45.554,516.141,378.446,47.856,426.302,668.476,floor,ball_contact_events,0.617236,0.000000,0,0,0,0,1,0,hand,right,right_hand,right_hand,-0.037309,3.669440,3.765106,0.013132,0.000000,0,
5,0.166667,-0.338151,0.025739,3.727141,1.000000,0.000000,0.000000,0.000000,0.120000,gvhmr_incam,519.269,393.824,47.204,519.269,393.824,47.604,441.428,668.476,floor,ball_contact_events,0.617236,0.000000,0,0,0,0,1,0,hand,right,right_hand,right_hand,-0.009671,3.685719,3.758312,0.016303,0.000000,0,
6,0.208333,-0.331686,0.058139,3.749849,1.000000,0.000000,0.000000,0.000000,0.120000,gvhmr_incam,521.670,420.095,48.281,521.670,420.095,47.402,467.497,668.476,floor,ball_contact_events,0.617236,0.000000,0,0,0,0,1,0,hand,right,right_hand,right_hand,0.032352,3.706092,3.751517,0.011725,0.000000,0,
7,0.250000,-0.327536,0.130485,3.769017,1.000000,0.000000,0.000000,0.000000,0.120000,gvhmr_incam,522.923,462.126,51.399,522.923,462.126,47.247,509.373,668.476,floor,ball_contact_events,0.617236,0.000000,0,0,0,0,0,0,hand,right,right_hand,right_hand,0.089653,3.749129,3.744722,-0.019092,0.000000,0,
8,0.291667,-0.320696,0.233434,3.784422,1.000000,0.000000,0.000000,0.000000,0.120000,gvhmr_incam,524.976,514.434,45.820,524.976,514.434,47.128,561.562,668.476,floor,ball_contact_events,0.617236,0.000000,0,0,0,0,0,0,hand,right,right_hand,right_hand,0.131219,3.786225,3.737927,-0.046798,0.474190,0,
9,0.333333,-0.307239,0.389156,3.791240,1.000000,0.000000,0.000000,0.000000,0.120000,gvhmr_incam,529.148,583.961,45.684,529.148,583.961,47.092,631.053,668.476,floor,ball_contact_events,0.617236,0.000000,0,0,0,0,0,0,hand,right,right_hand,right_hand,0.158073,3.815989,3.731133,-0.073685,0.711285,0,
10,0.375000,-0.304546,0.424827,3.785370,1.000000,0.000000,0.000000,0.000000,0.120000,gvhmr_incam,528.421,601.546,46.220,528.421,601.546,47.177,648.723,668.476,floor,ball_contact_events,0.617236,0.000000,0,1,0,0,0,0,hand,right,right_hand,right_hand,0.168980,3.840481,3.724338,-0.104889,0.948379,0,bounce
11,0.416667,-0.300832,0.319251,3.769467,1.000000,0.000000,0.000000,0.000000,0.120000,gvhmr_incam,527.462,557.767,44.654,527.462,557.767,47.344,605.111,668.476,floor,ball_contact_events,0.617236,0.000000,0,0,0,0,0,0,hand,right,right_hand,right_hand,0.165606,3.852963,3.717543,-0.130593,0.711285,0,
12,0.458333,-0.290170,0.237254,3.757012,1.000000,0.000000,0.000000,0.000000,0.120000,gvhmr_incam,529.070,517.332,45.213,529.070,517.332,47.429,564.761,668.476,floor,ball_contact_events,0.617236,0.000000,0,0,0,0,0,0,hand,right,right_hand,right_hand,0.148050,3.847499,3.710748,-0.131825,0.474190,0,
13,0.500000,-0.291510,0.187030,3.746221,1.000000,0.000000,0.000000,0.000000,0.120000,gvhmr_incam,525.838,485.698,45.350,525.838,485.698,47.468,533.166,668.476,floor,ball_contact_events,0.617236,0.000000,0,0,0,0,0,0,hand,right,right_hand,right_hand,0.114402,3.813038,3.703954,-0.100402,0.000000,0,
14,0.541667,-0.283651,0.154422,3.736132,1.000000,0.000000,0.000000,0.000000,0.120000,gvhmr_incam,526.331,459.700,45.746,526.331,459.700,47.490,507.190,668.476,floor,ball_contact_events,0.617236,0.000000,0,0,0,0,0,0,hand,right,right_hand,right_hand,0.071484,3.785596,3.697159,-0.074617,0.000000,0,
15,0.583333,-0.274386,0.132517,3.728264,1.000000,0.000000,0.000000,0.000000,0.120000,gvhmr_incam,527.823,438.871,45.256,527.823,438.871,47.490,486.361,668.476,floor,ball_contact_events,0.617236,0.000000,0,0,0,0,0,0,hand,right,right_hand,right_hand,0.038150,3.755041,3.690364,-0.044138,0.000000,0,
16,0.625000,-0.272298,0.116183,3.723845,1.000000,0.000000,0.000000,0.000000,0.120000,gvhmr_incam,527.348,423.359,46.477,527.348,423.359,47.472,470.831,668.476,floor,ball_contact_events,0.617236,0.000000,0,0,0,0,0,0,hand,right,right_hand,right_hand,0.020730,3.729562,3.683569,-0.017226,0.000000,0,
17,0.666667,-0.267275,0.108873,3.723462,1.000000,0.000000,0.000000,0.000000,0.120000,gvhmr_incam,529.287,416.293,46.884,529.287,416.293,47.441,463.734,668.476,floor,ball_contact_events,0.617236,0.000000,1,0,1,0,1,0,hand,right,right_hand,right_hand,0.020257,3.714808,3.676775,0.000000,0.000000,0,
18,0.708333,-0.265634,0.107791,3.706698,1.000000,0.000000,0.000000,0.000000,0.120000,gvhmr_incam,530.680,417.553,45.717,530.680,417.553,47.663,465.216,668.476,floor,ball_contact_events,0.617236,0.000000,0,0,0,0,1,0,hand,right,right_hand,right_hand,0.043412,3.699178,3.669980,-0.001695,0.000000,0,
19,0.750000,-0.263287,0.132298,3.693632,1.000000,0.000000,0.000000,0.000000,0.120000,gvhmr_incam,533.560,433.814,46.570,533.560,433.814,47.877,481.691,668.476,floor,ball_contact_events,0.617236,0.000000,0,0,0,0,1,0,hand,right,right_hand,right_hand,0.088233,3.699030,3.663185,-0.018113,0.000000,0,
20,0.791667,-0.268645,0.231123,3.683320,1.000000,0.000000,0.000000,0.000000,0.120000,gvhmr_incam,534.040,482.778,45.025,534.040,482.778,48.081,530.859,668.476,floor,ball_contact_events,0.617236,0.000000,0,0,0,0,0,0,hand,right,right_hand,right_hand,0.150929,3.711479,3.656390,-0.046148,0.000000,0,
21,0.833333,-0.272255,0.351198,3.674209,1.000000,0.000000,0.000000,0.000000,0.120000,gvhmr_incam,535.175,540.956,45.027,535.175,540.956,48.275,589.231,668.476,floor,ball_contact_events,0.617236,0.000000,0,0,0,0,0,0,hand,right,right_hand,right_hand,0.199159,3.735127,3.649596,-0.084527,0.500000,0,
22,0.875000,-0.267195,0.488654,3.666335,1.000000,0.000000,0.000000,0.000000,0.120000,gvhmr_incam,539.066,604.311,44.511,539.066,604.311,48.441,652.752,668.476,floor,ball_contact_events,0.617236,0.000000,0,0,0,0,0,0,hand,right,right_hand,right_hand,0.231528,3.730947,3.642801,-0.092876,0.750000,0,
23,0.916667,-0.270689,0.470701,3.660185,1.000000,0.000000,0.000000,0.000000,0.120000,gvhmr_incam,538.213,600.868,43.369,538.213,600.868,48.559,649.427,668.476,floor,ball_contact_events,0.617236,0.000000,0,1,0,0,0,0,hand,right,right_hand,right_hand,0.243225,3.729294,3.636006,-0.100084,1.000000,0,bounce
24,0.958333,-0.279249,0.337050,3.656863,1.000000,0.000000,0.000000,0.000000,0.120000,gvhmr_incam,533.800,545.411,45.441,533.800,545.411,48.609,594.020,668.476,floor,ball_contact_events,0.617236,0.000000,0,0,0,0,0,0,hand,right,right_hand,right_hand,0.234850,3.714227,3.629212,-0.088722,0.750000,0,
25,1.000000,-0.285193,0.252865,3.649926,1.000000,0.000000,0.000000,0.000000,0.120000,gvhmr_incam,528.938,505.726,48.130,528.938,505.726,48.679,554.405,668.476,floor,ball_contact_events,0.617236,0.000000,0,0,0,0,0,0,hand,right,right_hand,right_hand,0.207546,3.668438,3.622417,-0.048174,0.500000,0,
26,1.041667,-0.286477,0.197634,3.641098,1.000000,0.000000,0.000000,0.000000,0.120000,gvhmr_incam,524.993,474.955,46.376,524.993,474.955,48.757,523.712,668.476,floor,ball_contact_events,0.617236,0.000000,0,0,0,0,1,0,hand,right,right_hand,right_hand,0.160121,3.641512,3.615622,-0.026967,0.000000,0,
27,1.083333,-0.287426,0.165514,3.631469,1.000000,0.000000,0.000000,0.000000,0.120000,gvhmr_incam,520.833,452.553,46.099,520.833,452.553,48.835,501.388,668.476,floor,ball_contact_events,0.617236,0.000000,0,0,0,0,1,0,hand,right,right_hand,right_hand,0.107274,3.619800,3.608827,-0.011075,0.000000,0,
28,1.125000,-0.281348,0.147307,3.621622,1.000000,0.000000,0.000000,0.000000,0.120000,gvhmr_incam,519.796,436.642,46.719,519.796,436.642,48.915,485.557,668.476,floor,ball_contact_events,0.617236,0.000000,0,0,0,0,1,0,hand,right,right_hand,right_hand,0.065614,3.608790,3.602033,-0.005943,0.000000,0,
29,1.166667,-0.272894,0.141335,3.611958,1.000000,0.000000,0.000000,0.000000,0.120000,gvhmr_incam,520.589,428.366,46.909,520.589,428.366,48.995,477.361,668.476,floor,ball_contact_events,0.617236,0.000000,0,0,0,0,1,0,hand,right,right_hand,right_hand,0.040879,3.600039,3.595238,-0.003091,0.000000,0,
30,1.208333,-0.270418,0.136316,3.602723,1.000000,0.000000,0.000000,0.000000,0.120000,gvhmr_incam,520.286,424.626,48.050,520.286,424.626,49.075,473.701,668.476,floor,ball_contact_events,0.617236,0.000000,1,0,1,0,1,0,hand,right,right_hand,right_hand,0.033650,3.591058,3.588443,0.000000,0.000000,0,
31,1.250000,-0.269808,0.135877,3.604667,1.000000,0.000000,0.000000,0.000000,0.120000,gvhmr_incam,521.106,427.299,47.877,521.106,427.299,49.010,476.309,668.476,floor,ball_contact_events,0.617236,0.000000,0,0,0,0,1,0,hand,right,right_hand,right_hand,0.052545,3.585791,3.581648,0.010050,0.000000,0,
32,1.291667,-0.270499,0.164076,3.608129,1.000000,0.000000,0.000000,0.000000,0.120000,gvhmr_incam,522.738,445.650,49.416,522.738,445.650,48.931,494.581,668.476,floor,ball_contact_events,0.617236,0.000000,0,0,0,0,1,0,hand,right,right_hand,right_hand,0.104748,3.585649,3.574854,0.016016,0.000000,0,
33,1.333333,-0.254591,0.212306,3.613800,1.000000,0.000000,0.000000,0.000000,0.120000,gvhmr_incam,531.951,474.335,50.384,531.951,474.335,48.827,523.162,668.476,floor,ball_contact_events,0.617236,0.000000,0,0,0,0,1,0,hand,right,right_hand,right_hand,0.168942,3.592409,3.568059,0.016884,0.000000,0,
34,1.375000,-0.271775,0.333108,3.621914,1.000000,0.000000,0.000000,0.000000,0.120000,gvhmr_incam,527.866,532.374,46.859,527.866,532.374,48.697,581.071,668.476,floor,ball_contact_events,0.617236,0.000000,0,0,0,0,0,0,hand,right,right_hand,right_hand,0.236420,3.618556,3.561264,0.000406,0.455753,0,
35,1.416667,-0.267133,0.473364,3.633712,1.000000,0.000000,0.000000,0.000000,0.120000,gvhmr_incam,532.221,595.727,46.079,532.221,595.727,48.525,644.252,668.476,floor,ball_contact_events,0.617236,0.000000,0,0,0,0,0,0,hand,right,right_hand,right_hand,0.282803,3.658267,3.554469,-0.026465,0.683630,0,
36,1.458333,-0.268152,0.525970,3.645293,1.000000,0.000000,0.000000,0.000000,0.120000,gvhmr_incam,533.267,619.694,45.488,533.267,619.694,48.366,668.060,668.476,floor,ball_contact_events,0.617236,0.000000,0,1,0,1,0,1,floor,,floor,right_hand,0.302807,3.678698,3.547675,-0.034943,0.911507,0,placement
37,1.500000,-0.284023,0.412760,3.643383,1.000000,0.000000,0.000000,0.000000,0.120000,gvhmr_incam,526.743,573.378,44.797,526.743,573.378,48.396,621.774,668.476,floor,ball_contact_events,0.617236,0.000000,0,0,0,0,0,0,hand,right,right_hand,right_hand,0.299944,3.688451,3.565231,-0.046974,0.683630,0,
38,1.541667,-0.291339,0.319515,3.636202,1.000000,0.000000,0.000000,0.000000,0.120000,gvhmr_incam,522.439,531.462,48.341,522.439,531.462,48.505,579.967,668.476,floor,ball_contact_events,0.617236,0.000000,0,0,0,0,0,0,hand,right,right_hand,right_hand,0.271927,3.671550,3.572248,-0.038270,0.455753,0,
39,1.583333,-0.287834,0.248717,3.629454,1.000000,0.000000,0.000000,0.000000,0.120000,gvhmr_incam,521.798,495.812,47.358,521.798,495.812,48.615,544.427,668.476,floor,ball_contact_events,0.617236,0.000000,0,0,0,0,1,0,hand,right,right_hand,right_hand,0.214660,3.640499,3.579264,-0.015430,0.000000,0,
40,1.625000,-0.292430,0.201816,3.624375,1.000000,0.000000,0.000000,0.000000,0.120000,gvhmr_incam,517.592,468.415,46.615,517.592,468.415,48.706,517.121,668.476,floor,ball_contact_events,0.617236,0.000000,0,0,0,0,1,0,hand,right,right_hand,right_hand,0.150207,3.621206,3.586280,-0.002916,0.000000,0,
41,1.666667,-0.300568,0.172147,3.621369,1.000000,0.000000,0.000000,0.000000,0.120000,gvhmr_incam,512.037,447.883,47.267,512.037,447.883,48.771,496.654,668.476,floor,ball_contact_events,0.617236,0.000000,0,0,0,0,1,0,hand,right,right_hand,right_hand,0.088314,3.614303,3.593297,-0.000823,0.000000,0,
42,1.708333,-0.300404,0.157373,3.620285,1.000000,0.000000,0.000000,0.000000,0.120000,gvhmr_incam,510.336,434.589,47.230,510.336,434.589,48.810,483.399,668.476,floor,ball_contact_events,0.617236,0.000000,0,0,0,0,1,0,hand,right,right_hand,right_hand,0.047908,3.603596,3.600313,0.006959,0.000000,0,
43,1.750000,-0.304054,0.150910,3.620623,1.000000,0.000000,0.000000,0.000000,0.120000,gvhmr_incam,508.005,427.318,47.605,508.005,427.318,48.831,476.149,668.476,floor,ball_contact_events,0.617236,0.000000,0,0,0,0,1,0,hand,right,right_hand,right_hand,0.023571,3.605705,3.607330,0.003326,0.000000,0,
44,1.791667,-0.301179,0.145800,3.621695,1.000000,0.000000,0.000000,0.000000,0.120000,gvhmr_incam,509.638,424.541,47.556,509.638,424.541,48.842,473.383,668.476,floor,ball_contact_events,0.617236,0.000000,1,0,1,0,1,0,hand,right,right_hand,right_hand,0.024516,3.608222,3.614346,0.000000,0.000000,0,
45,1.833333,-0.292030,0.153032,3.629266,1.000000,0.000000,0.000000,0.000000,0.120000,gvhmr_incam,515.492,431.106,47.982,515.492,431.106,48.765,479.871,668.476,floor,ball_contact_events,0.617236,0.000000,0,0,0,0,1,0,hand,right,right_hand,right_hand,0.052561,3.600945,3.621363,0.012958,0.000000,0,
46,1.875000,-0.286459,0.182636,3.635965,1.000000,0.000000,0.000000,0.000000,0.120000,gvhmr_incam,521.052,450.454,49.025,521.052,450.454,48.700,499.154,668.476,floor,ball_contact_events,0.617236,0.000000,0,0,0,0,1,0,hand,right,right_hand,right_hand,0.103709,3.601496,3.628379,0.017244,0.000000,0,
47,1.916667,-0.279115,0.245931,3.640991,1.000000,0.000000,0.000000,0.000000,0.120000,gvhmr_incam,527.895,485.366,48.391,527.895,485.366,48.656,534.022,668.476,floor,ball_contact_events,0.617236,0.000000,0,0,0,0,1,0,hand,right,right_hand,right_hand,0.177883,3.610142,3.635396,0.011892,0.000000,0,
48,1.958333,-0.266141,0.345947,3.643631,1.000000,0.000000,0.000000,0.000000,0.120000,gvhmr_incam,536.808,534.688,49.885,536.808,534.688,48.639,583.327,668.476,floor,ball_contact_events,0.617236,0.000000,0,0,0,0,0,0,hand,right,right_hand,right_hand,0.249242,3.635264,3.642412,-0.011989,0.000000,0,
49,2.000000,-0.242846,0.474753,3.643355,1.000000,0.000000,0.000000,0.000000,0.120000,gvhmr_incam,548.897,592.756,48.185,548.897,592.756,48.653,641.409,668.476,floor,ball_contact_events,0.617236,0.000000,0,0,0,0,0,0,hand,right,right_hand,right_hand,0.291609,3.665288,3.649428,-0.043071,0.492841,0,
50,2.041667,-0.228871,0.550360,3.633786,1.000000,0.000000,0.000000,0.000000,0.120000,gvhmr_incam,555.445,624.880,44.702,555.445,624.880,48.781,673.661,668.476,floor,ball_contact_events,0.617236,0.000000,0,1,0,1,0,1,floor,,floor,right_hand,0.309879,3.677545,3.656445,-0.064834,0.739261,0,
51,2.083333,-0.210442,0.451737,3.601191,1.000000,0.000000,0.000000,0.000000,0.120000,gvhmr_incam,561.590,581.902,46.237,561.590,581.902,49.214,631.116,668.476,floor,ball_contact_events,0.617236,0.000000,0,0,0,0,0,0,hand,right,right_hand,right_hand,0.308704,3.679149,3.536022,-0.098186,0.985681,0,bounce
52,2.125000,-0.198640,0.372403,3.597722,1.000000,0.000000,0.000000,0.000000,0.120000,gvhmr_incam,564.316,540.207,47.868,564.316,540.207,49.246,589.453,668.476,floor,ball_contact_events,0.617236,0.000000,0,0,0,0,0,0,hand,right,right_hand,right_hand,0.282445,3.660059,3.545285,-0.081442,0.739261,0,
53,2.166667,-0.174297,0.315922,3.604290,1.000000,0.000000,0.000000,0.000000,0.120000,gvhmr_incam,571.752,505.622,44.883,571.752,505.622,49.148,554.770,668.476,floor,ball_contact_events,0.617236,0.000000,0,0,0,0,0,0,hand,right,right_hand,right_hand,0.229896,3.629781,3.554548,-0.044047,0.492841,0,
54,2.208333,-0.150242,0.276480,3.614667,1.000000,0.000000,0.000000,0.000000,0.120000,gvhmr_incam,579.247,478.847,46.847,579.247,478.847,49.018,527.865,668.476,floor,ball_contact_events,0.617236,0.000000,1,0,1,0,1,0,hand,right,right_hand,right_hand,0.168322,3.595288,3.563810,0.000000,0.000000,0,
55,2.250000,-0.136843,0.246721,3.604590,1.000000,0.000000,0.000000,0.000000,0.120000,gvhmr_incam,582.655,459.220,46.945,582.655,459.220,49.188,508.408,668.476,floor,ball_contact_events,0.617236,0.000000,0,0,0,0,0,0,hand,right,right_hand,right_hand,0.108950,3.578041,3.573073,0.004781,0.000000,0,
56,2.291667,-0.115778,0.221702,3.594751,1.000000,0.000000,0.000000,0.000000,0.120000,gvhmr_incam,590.001,444.529,47.220,590.001,444.529,49.367,493.896,668.476,floor,ball_contact_events,0.617236,0.000000,0,0,0,0,0,0,hand,right,right_hand,right_hand,0.068091,3.565777,3.582336,0.004064,0.000000,0,
57,2.333333,-0.101453,0.209762,3.582531,1.000000,0.000000,0.000000,0.000000,0.120000,gvhmr_incam,595.282,438.518,46.387,595.282,438.518,49.564,488.082,668.476,floor,ball_contact_events,0.617236,0.000000,0,0,0,0,0,0,hand,right,right_hand,right_hand,0.041986,3.554058,3.591599,0.001580,0.000000,0,
58,2.375000,-0.085057,0.201101,3.564915,1.000000,0.000000,0.000000,0.000000,0.120000,gvhmr_incam,602.024,437.688,47.670,602.024,437.688,49.787,487.475,668.476,floor,ball_contact_events,0.617236,0.000000,0,0,0,0,0,0,hand,right,right_hand,right_hand,0.046884,3.539736,3.600862,0.000017,0.000000,0,
59,2.416667,-0.074869,0.205983,3.540062,1.000000,0.000000,0.000000,0.000000,0.120000,gvhmr_incam,606.735,446.864,47.035,606.735,446.864,50.032,496.896,668.476,floor,ball_contact_events,0.617236,0.000000,1,0,1,0,1,0,hand,right,right_hand,right_hand,0.082655,3.522427,3.610125,0.000000,0.000000,0,
60,2.458333,-0.060102,0.242271,3.568775,1.000000,0.000000,0.000000,0.000000,0.120000,gvhmr_incam,614.211,471.285,46.761,614.211,471.285,49.440,520.725,668.476,floor,ball_contact_events,0.617236,0.000000,0,0,0,0,1,0,hand,right,right_hand,right_hand,0.149066,3.515331,3.619388,0.049223,0.000000,0,
61,2.500000,-0.053776,0.326486,3.593437,1.000000,0.000000,0.000000,0.000000,0.120000,gvhmr_incam,618.083,516.286,46.388,618.083,516.286,48.876,565.162,668.476,floor,ball_contact_events,0.617236,0.000000,0,0,0,0,0,0,hand,right,right_hand,right_hand,0.233198,3.529446,3.628651,0.076278,0.000000,0,
62,2.541667,-0.052197,0.456303,3.619135,1.000000,0.000000,0.000000,0.000000,0.120000,gvhmr_incam,619.454,576.719,46.101,619.454,576.719,48.335,625.054,668.476,floor,ball_contact_events,0.617236,0.000000,0,0,0,0,0,0,hand,right,right_hand,right_hand,0.296407,3.565840,3.637914,0.080216,0.478126,0,
63,2.583333,-0.047840,0.565025,3.650589,1.000000,0.000000,0.000000,0.000000,0.120000,gvhmr_incam,620.935,622.173,46.303,620.935,622.173,47.819,669.992,668.476,floor,ball_contact_events,0.617236,0.000000,0,1,0,1,0,1,floor,,floor,right_hand,0.319635,3.588305,3.647177,0.097084,0.717189,0,
64,2.625000,-0.064014,0.483708,3.692823,1.000000,0.000000,0.000000,0.000000,0.120000,gvhmr_incam,613.193,584.890,47.080,613.193,584.890,47.293,632.183,668.476,floor,ball_contact_events,0.617236,0.000000,0,0,0,0,0,0,hand,right,right_hand,right_hand,0.318141,3.595595,3.700752,0.130821,0.956252,0,bounce
65,2.666667,-0.054222,0.376390,3.635303,1.000000,0.000000,0.000000,0.000000,0.120000,gvhmr_incam,614.194,537.831,46.239,614.194,537.831,48.153,585.984,668.476,floor,ball_contact_events,0.617236,0.000000,0,0,0,0,0,0,hand,right,right_hand,right_hand,0.288897,3.568808,3.685093,0.091004,0.717189,0,
66,2.708333,-0.054343,0.315561,3.568891,1.000000,0.000000,0.000000,0.000000,0.120000,gvhmr_incam,610.860,505.848,47.271,610.860,505.848,49.226,555.074,668.476,floor,ball_contact_events,0.617236,0.000000,0,0,0,0,1,0,hand,right,right_hand,right_hand,0.231314,3.524351,3.669433,0.055723,0.478126,0,
67,2.750000,-0.063756,0.271469,3.497716,1.000000,0.000000,0.000000,0.000000,0.120000,gvhmr_incam,603.875,480.160,47.448,603.875,480.160,50.421,530.581,668.476,floor,ball_contact_events,0.617236,0.000000,1,0,1,0,1,0,hand,right,right_hand,right_hand,0.166336,3.495199,3.653773,0.000000,0.000000,0,
68,2.791667,-0.070538,0.246220,3.520733,1.000000,0.000000,0.000000,0.000000,0.120000,gvhmr_incam,599.698,461.189,46.503,599.698,461.189,50.257,511.446,668.476,floor,ball_contact_events,0.617236,0.000000,0,0,0,0,0,0,hand,right,right_hand,right_hand,0.110082,3.479692,3.638113,0.026919,0.000000,0,
69,2.833333,-0.076869,0.231052,3.536490,1.000000,0.000000,0.000000,0.000000,0.120000,gvhmr_incam,596.625,449.974,46.322,596.625,449.974,50.157,500.131,668.476,floor,ball_contact_events,0.617236,0.000000,0,0,0,0,0,0,hand,right,right_hand,right_hand,0.072233,3.477928,3.622454,0.035724,0.000000,0,
70,2.875000,-0.087962,0.222624,3.543292,1.000000,0.000000,0.000000,0.000000,0.120000,gvhmr_incam,592.364,445.020,47.024,592.364,445.020,50.144,495.164,668.476,floor,ball_contact_events,0.617236,0.000000,0,0,0,0,0,0,hand,right,right_hand,right_hand,0.053759,3.486533,3.606794,0.027983,0.000000,0,
71,2.916667,-0.097851,0.220839,3.541615,1.000000,0.000000,0.000000,0.000000,0.120000,gvhmr_incam,589.351,446.269,47.364,589.351,446.269,50.216,496.485,668.476,floor,ball_contact_events,0.617236,0.000000,0,0,0,0,0,0,hand,right,right_hand,right_hand,0.067951,3.492919,3.591134,0.016606,0.000000,0,
72,2.958333,-0.119091,0.241852,3.533538,1.000000,0.000000,0.000000,0.000000,0.120000,gvhmr_incam,582.337,460.624,47.866,582.337,460.624,50.341,510.965,668.476,floor,ball_contact_events,0.617236,0.000000,1,0,1,0,1,0,hand,right,right_hand,right_hand,0.116445,3.500810,3.575475,0.000000,0.000000,0,
73,3.000000,-0.141136,0.295777,3.544818,1.000000,0.000000,0.000000,0.000000,0.120000,gvhmr_incam,576.040,491.129,47.130,576.040,491.129,50.151,541.280,668.476,floor,ball_contact_events,0.617236,0.000000,0,0,0,0,1,0,hand,right,right_hand,right_hand,0.194940,3.519376,3.559815,-0.005334,0.000000,0,
74,3.041667,-0.168219,0.386027,3.553295,1.000000,0.000000,0.000000,0.000000,0.120000,gvhmr_incam,567.917,538.055,47.730,567.917,538.055,49.974,588.029,668.476,floor,ball_contact_events,0.617236,0.000000,0,0,0,0,0,0,hand,right,right_hand,right_hand,0.272274,3.555856,3.544155,-0.029376,0.377395,0,
75,3.083333,-0.195043,0.521695,3.558967,1.000000,0.000000,0.000000,0.000000,0.120000,gvhmr_incam,559.457,602.595,45.833,559.457,602.595,49.823,652.418,668.476,floor,ball_contact_events,0.617236,0.000000,0,0,0,0,0,0,hand,right,right_hand,right_hand,0.318453,3.603198,3.528495,-0.066053,0.566093,0,
76,3.125000,-0.225741,0.547128,3.563324,1.000000,0.000000,0.000000,0.000000,0.120000,gvhmr_incam,548.267,617.725,46.876,548.267,617.725,49.691,667.416,668.476,floor,ball_contact_events,0.617236,0.000000,0,1,0,1,0,1,floor,,floor,right_hand,0.327131,3.616008,3.512836,-0.069460,0.754791,0,bounce
77,3.166667,-0.257061,0.439511,3.568971,1.000000,0.000000,0.000000,0.000000,0.120000,gvhmr_incam,535.419,573.049,45.140,535.419,573.049,49.550,622.599,668.476,floor,ball_contact_events,0.617236,0.000000,0,0,0,0,0,0,hand,right,right_hand,right_hand,0.310595,3.619903,3.581081,-0.063222,0.566093,0,
78,3.208333,-0.277547,0.347938,3.573642,1.000000,0.000000,0.000000,0.000000,0.120000,gvhmr_incam,525.723,531.022,47.813,525.723,531.022,49.434,580.456,668.476,floor,ball_contact_events,0.617236,0.000000,0,0,0,0,0,0,hand,right,right_hand,right_hand,0.275279,3.598507,3.576561,-0.033475,0.377395,0,
79,3.250000,-0.288002,0.281643,3.578659,1.000000,0.000000,0.000000,0.000000,0.120000,gvhmr_incam,519.381,497.002,45.989,519.381,497.002,49.327,546.329,668.476,floor,ball_contact_events,0.617236,0.000000,0,0,0,0,0,0,hand,right,right_hand,right_hand,0.207503,3.581648,3.572040,-0.008875,0.000000,0,
80,3.291667,-0.297553,0.238732,3.585139,1.000000,0.000000,0.000000,0.000000,0.120000,gvhmr_incam,513.327,472.308,46.626,513.327,472.308,49.219,521.527,668.476,floor,ball_contact_events,0.617236,0.000000,0,0,0,0,1,0,hand,right,right_hand,right_hand,0.151812,3.581093,3.567519,-0.000492,0.000000,0,
81,3.333333,-0.313878,0.208603,3.594189,1.000000,0.000000,0.000000,0.000000,0.120000,gvhmr_incam,505.081,454.618,46.860,505.081,454.618,49.106,503.724,668.476,floor,ball_contact_events,0.617236,0.000000,0,0,0,0,1,0,hand,right,right_hand,right_hand,0.095124,3.589117,3.562999,-0.000289,0.000000,0,
82,3.375000,-0.315427,0.195653,3.606705,1.000000,0.000000,0.000000,0.000000,0.120000,gvhmr_incam,503.947,447.231,47.602,503.947,447.231,48.987,496.218,668.476,floor,ball_contact_events,0.617236,0.000000,1,0,1,0,1,0,hand,right,right_hand,right_hand,0.072121,3.597507,3.558478,0.000000,0.000000,0,
83,3.416667,-0.318514,0.194415,3.597181,1.000000,0.000000,0.000000,0.000000,0.120000,gvhmr_incam,502.438,449.081,47.278,502.438,449.081,49.216,498.297,668.476,floor,ball_contact_events,0.617236,0.000000,0,0,0,0,1,0,hand,right,right_hand,right_hand,0.082185,3.606063,3.553957,-0.025256,0.000000,0,
84,3.458333,-0.328088,0.216635,3.591128,1.000000,0.000000,0.000000,0.000000,0.120000,gvhmr_incam,499.349,463.893,46.704,499.349,463.893,49.437,513.330,668.476,floor,ball_contact_events,0.617236,0.000000,0,0,0,0,1,0,hand,right,right_hand,right_hand,0.130208,3.621037,3.549437,-0.056225,0.000000,0,
85,3.500000,-0.348548,0.276143,3.587319,1.000000,0.000000,0.000000,0.000000,0.120000,gvhmr_incam,492.456,496.093,47.806,492.456,496.093,49.647,545.740,668.476,floor,ball_contact_events,0.617236,0.000000,0,0,0,0,1,0,hand,right,right_hand,right_hand,0.201958,3.642444,3.544916,-0.092745,0.000000,0,
86,3.541667,-0.343190,0.379369,3.583708,1.000000,0.000000,0.000000,0.000000,0.120000,gvhmr_incam,496.503,546.665,46.902,496.503,546.665,49.849,596.514,668.476,floor,ball_contact_events,0.617236,0.000000,0,0,0,0,0,0,hand,right,right_hand,right_hand,0.267343,3.675064,3.540395,-0.139718,0.397873,0,
87,3.583333,-0.355203,0.515216,3.578951,1.000000,0.000000,0.000000,0.000000,0.120000,gvhmr_incam,493.254,609.215,45.560,493.254,609.215,50.031,659.246,668.476,floor,ball_contact_events,0.617236,0.000000,0,0,0,0,0,0,hand,right,right_hand,right_hand,0.296462,3.686438,3.535875,-0.163948,0.596809,0,
88,3.625000,-0.357327,0.497082,3.572454,1.000000,0.000000,0.000000,0.000000,0.120000,gvhmr_incam,493.822,604.176,44.967,493.822,604.176,50.177,654.353,668.476,floor,ball_contact_events,0.617236,0.000000,0,1,0,0,0,0,hand,right,right_hand,right_hand,0.303466,3.689379,3.531354,-0.177130,0.795746,0,bounce
89,3.666667,-0.360698,0.387426,3.574596,1.000000,0.000000,0.000000,0.000000,0.120000,gvhmr_incam,493.930,555.947,48.395,493.930,555.947,50.128,606.075,668.476,floor,ball_contact_events,0.617236,0.000000,0,0,0,0,0,0,hand,right,right_hand,right_hand,0.289295,3.683690,3.526833,-0.168029,0.596809,0,
90,3.708333,-0.361730,0.307391,3.579182,1.000000,0.000000,0.000000,0.000000,0.120000,gvhmr_incam,494.840,516.461,47.846,494.840,516.461,49.984,566.445,668.476,floor,ball_contact_events,0.617236,0.000000,0,0,0,0,1,0,hand,right,right_hand,right_hand,0.253998,3.661640,3.522313,-0.135873,0.397873,0,
91,3.750000,-0.359320,0.256287,3.586494,1.000000,0.000000,0.000000,0.000000,0.120000,gvhmr_incam,497.092,487.136,47.747,497.092,487.136,49.770,536.906,668.476,floor,ball_contact_events,0.617236,0.000000,0,0,0,0,1,0,hand,right,right_hand,right_hand,0.197660,3.637493,3.517792,-0.096580,0.000000,0,
92,3.791667,-0.360837,0.222057,3.596541,1.000000,0.000000,0.000000,0.000000,0.120000,gvhmr_incam,497.702,464.992,48.546,497.702,464.992,49.524,514.516,668.476,floor,ball_contact_events,0.617236,0.000000,0,0,0,0,1,0,hand,right,right_hand,right_hand,0.138146,3.617464,3.513271,-0.058910,0.000000,0,
93,3.833333,-0.360889,0.206022,3.612149,1.000000,0.000000,0.000000,0.000000,0.120000,gvhmr_incam,499.072,452.431,46.812,499.072,452.431,49.242,501.673,668.476,floor,ball_contact_events,0.617236,0.000000,0,0,0,0,1,0,hand,right,right_hand,right_hand,0.088362,3.605041,3.508751,-0.026131,0.000000,0,
94,3.875000,-0.356995,0.192109,3.634709,1.000000,0.000000,0.000000,0.000000,0.120000,gvhmr_incam,502.272,444.268,47.409,502.272,444.268,48.936,493.204,668.476,floor,ball_contact_events,0.617236,0.000000,1,0,1,0,1,0,hand,right,right_hand,right_hand,0.066610,3.601308,3.504230,0.000000,0.000000,0,
95,3.916667,-0.352645,0.185468,3.603596,1.000000,0.000000,0.000000,0.000000,0.120000,gvhmr_incam,503.570,444.514,47.162,503.570,444.514,49.443,493.957,668.476,floor,ball_contact_events,0.617236,0.000000,0,0,0,0,1,0,hand,right,right_hand,right_hand,0.075411,3.592922,3.499709,-0.028552,0.000000,0,
96,3.958333,-0.340866,0.191762,3.578642,1.000000,0.000000,0.000000,0.000000,0.120000,gvhmr_incam,508.172,453.557,50.747,508.172,453.557,49.939,503.496,668.476,floor,ball_contact_events,0.617236,0.000000,0,0,0,0,1,0,hand,right,right_hand,right_hand,0.121068,3.594339,3.495189,-0.065403,0.000000,0,
97,4.000000,-0.337966,0.251986,3.557464,1.000000,0.000000,0.000000,0.000000,0.120000,gvhmr_incam,509.149,487.203,49.251,509.149,487.203,50.421,537.624,668.476,floor,ball_contact_events,0.617236,0.000000,0,0,0,0,1,0,hand,right,right_hand,right_hand,0.195531,3.596504,3.490668,-0.101259,0.000000,0,
98,4.041667,-0.308458,0.370572,3.535929,1.000000,0.000000,0.000000,0.000000,0.120000,gvhmr_incam,521.117,545.771,45.926,521.117,545.771,50.892,596.663,668.476,floor,ball_contact_events,0.617236,0.000000,0,0,0,0,0,0,hand,right,right_hand,right_hand,0.261406,3.611172,3.486147,-0.148297,0.422569,0,
99,4.083333,-0.271262,0.516726,3.511121,1.000000,0.000000,0.000000,0.000000,0.120000,gvhmr_incam,535.908,614.311,45.857,535.908,614.311,51.336,665.647,668.476,floor,ball_contact_events,0.617236,0.000000,0,0,0,1,0,1,floor,,floor,right_hand,0.300663,3.627808,3.481627,-0.194885,0.633854,0,
100,4.125000,-0.246695,0.506937,3.483311,1.000000,0.000000,0.000000,0.000000,0.120000,gvhmr_incam,544.560,611.858,45.464,544.560,611.858,51.703,663.561,668.476,floor,ball_contact_events,0.617236,0.000000,0,1,0,0,0,0,hand,right,right_hand,right_hand,0.311513,3.633972,3.386573,-0.225403,0.845138,0,bounce
101,4.166667,-0.226168,0.429960,3.515722,1.000000,0.000000,0.000000,0.000000,0.120000,gvhmr_incam,552.230,571.178,45.627,552.230,571.178,51.037,622.215,668.476,floor,ball_contact_events,0.617236,0.000000,0,0,0,0,0,0,hand,right,right_hand,right_hand,0.301263,3.638488,3.412568,-0.185472,0.633854,0,
102,4.208333,-0.215960,0.369578,3.558897,1.000000,0.000000,0.000000,0.000000,0.120000,gvhmr_incam,555.017,534.601,51.464,555.017,534.601,50.162,584.763,668.476,floor,ball_contact_events,0.617236,0.000000,0,0,0,0,0,0,hand,right,right_hand,right_hand,0.269416,3.606374,3.438563,-0.093135,0.422569,0,
103,4.250000,-0.196960,0.328937,3.607769,1.000000,0.000000,0.000000,0.000000,0.120000,gvhmr_incam,561.283,506.441,47.812,561.283,506.441,49.243,555.684,668.476,floor,ball_contact_events,0.617236,0.000000,1,0,1,0,1,0,hand,right,right_hand,right_hand,0.212002,3.578824,3.464558,0.000000,0.000000,0,
104,4.291667,-0.181254,0.296410,3.583563,1.000000,0.000000,0.000000,0.000000,0.120000,gvhmr_incam,564.695,486.443,46.684,564.695,486.443,49.408,535.851,668.476,floor,ball_contact_events,0.617236,0.000000,0,0,0,0,0,0,hand,right,right_hand,right_hand,0.155793,3.562798,3.490553,0.004059,0.000000,0,
105,4.333333,-0.163289,0.268588,3.566427,1.000000,0.000000,0.000000,0.000000,0.120000,gvhmr_incam,569.602,470.216,47.149,569.602,470.216,49.555,519.771,668.476,floor,ball_contact_events,0.617236,0.000000,0,0,0,0,0,0,hand,right,right_hand,right_hand,0.105362,3.555878,3.516547,0.000408,0.000000,0,
106,4.375000,-0.149147,0.252819,3.555104,1.000000,0.000000,0.000000,0.000000,0.120000,gvhmr_incam,573.518,460.789,47.074,573.518,460.789,49.685,510.474,668.476,floor,ball_contact_events,0.617236,0.000000,0,0,0,0,0,0,hand,right,right_hand,right_hand,0.070598,3.545976,3.542542,0.001032,0.000000,0,
107,4.416667,-0.139071,0.249663,3.546913,1.000000,0.000000,0.000000,0.000000,0.120000,gvhmr_incam,576.370,458.333,47.171,576.370,458.333,49.809,508.142,668.476,floor,ball_contact_events,0.617236,0.000000,0,0,0,0,0,0,hand,right,right_hand,right_hand,0.062987,3.538234,3.568537,-0.000086,0.000000,0,
108,4.458333,-0.125310,0.260854,3.539614,1.000000,0.000000,0.000000,0.000000,0.120000,gvhmr_incam,581.543,463.863,47.265,581.543,463.863,49.942,513.805,668.476,floor,ball_contact_events,0.617236,0.000000,0,0,0,0,0,0,hand,right,right_hand,right_hand,0.090063,3.522838,3.594532,0.005902,0.000000,0,
109,4.500000,-0.113000,0.304109,3.532239,1.000000,0.000000,0.000000,0.000000,0.120000,gvhmr_incam,587.105,485.174,46.510,587.105,485.174,50.089,535.263,668.476,floor,ball_contact_events,0.617236,0.000000,1,0,1,0,1,0,hand,right,right_hand,right_hand,0.151488,3.518413,3.620527,0.000000,0.000000,0,
110,4.541667,-0.102863,0.392350,3.548699,1.000000,0.000000,0.000000,0.000000,0.120000,gvhmr_incam,593.026,526.415,48.138,593.026,526.415,49.904,576.319,668.476,floor,ball_contact_events,0.617236,0.000000,0,0,0,0,0,0,hand,right,right_hand,right_hand,0.228070,3.526213,3.646522,0.005186,0.000000,0,
111,4.583333,-0.091936,0.506899,3.561608,1.000000,0.000000,0.000000,0.000000,0.120000,gvhmr_incam,599.609,579.179,46.120,599.609,579.179,49.773,628.952,668.476,floor,ball_contact_events,0.617236,0.000000,0,0,0,0,0,0,hand,right,right_hand,right_hand,0.281268,3.561336,3.672516,-0.020607,0.446322,0,
112,4.625000,-0.088508,0.609237,3.557521,1.000000,0.000000,0.000000,0.000000,0.120000,gvhmr_incam,602.478,626.350,47.087,602.478,626.350,49.875,676.225,668.476,floor,ball_contact_events,0.617236,0.000000,0,0,0,1,0,1,floor,,floor,right_hand,0.305574,3.583770,3.698511,-0.050251,0.669483,0,
113,4.666667,-0.105313,0.532075,3.516734,1.000000,0.000000,0.000000,0.000000,0.120000,gvhmr_incam,595.327,597.840,46.575,595.327,597.840,50.489,648.329,668.476,floor,ball_contact_events,0.617236,0.000000,0,1,0,0,0,0,hand,right,right_hand,right_hand,0.304793,3.589733,3.357636,-0.099196,0.892643,0,bounce
114,4.708333,-0.110090,0.434783,3.516246,1.000000,0.000000,0.000000,0.000000,0.120000,gvhmr_incam,592.297,553.520,44.775,592.297,553.520,50.513,604.033,668.476,floor,ball_contact_events,0.617236,0.000000,0,0,0,0,0,0,hand,right,right_hand,right_hand,0.280514,3.575964,3.386317,-0.087119,0.669483,0,
115,4.750000,-0.116643,0.361834,3.535908,1.000000,0.000000,0.000000,0.000000,0.120000,gvhmr_incam,587.918,515.617,47.740,587.918,515.617,50.240,565.857,668.476,floor,ball_contact_events,0.617236,0.000000,0,0,0,0,1,0,hand,right,right_hand,right_hand,0.234896,3.545532,3.414999,-0.037690,0.446322,0,
116,4.791667,-0.120889,0.314995,3.562350,1.000000,0.000000,0.000000,0.000000,0.120000,gvhmr_incam,584.592,488.236,46.952,584.592,488.236,49.875,538.111,668.476,floor,ball_contact_events,0.617236,0.000000,1,0,1,0,1,0,hand,right,right_hand,right_hand,0.170473,3.533486,3.443681,0.000000,0.000000,0,
117,4.833333,-0.126981,0.278649,3.560497,1.000000,0.000000,0.000000,0.000000,0.120000,gvhmr_incam,580.695,467.961,46.812,580.695,467.961,49.919,517.880,668.476,floor,ball_contact_events,0.617236,0.000000,0,0,0,0,0,0,hand,right,right_hand,right_hand,0.113080,3.531963,3.472362,-0.001616,0.000000,0,
118,4.875000,-0.131446,0.256045,3.559807,1.000000,0.000000,0.000000,0.000000,0.120000,gvhmr_incam,578.361,455.950,46.150,578.361,455.950,49.948,505.898,668.476,floor,ball_contact_events,0.617236,0.000000,0,0,0,0,0,0,hand,right,right_hand,right_hand,0.073705,3.532654,3.501044,-0.004360,0.000000,0,
119,4.916667,-0.134786,0.239909,3.558905,1.000000,0.000000,0.000000,0.000000,0.120000,gvhmr_incam,577.277,449.699,46.405,577.277,449.699,49.963,499.662,668.476,floor,ball_contact_events,0.617236,0.000000,0,0,0,0,0,0,hand,right,right_hand,right_hand,0.054494,3.535997,3.529726,-0.008721,0.000000,0,
120,4.958333,-0.134175,0.225160,3.555298,1.000000,0.000000,0.000000,0.000000,0.120000,gvhmr_incam,578.407,447.631,46.422,578.407,447.631,49.971,497.602,668.476,floor,ball_contact_events,0.617236,0.000000,0,0,0,0,0,0,hand,right,right_hand,right_hand,0.057048,3.534489,3.558407,-0.007779,0.000000,0,
121,5.000000,-0.133957,0.218982,3.546885,1.000000,0.000000,0.000000,0.000000,0.120000,gvhmr_incam,579.776,453.166,46.908,579.776,453.166,49.980,503.146,668.476,floor,ball_contact_events,0.617236,0.000000,1,0,1,0,1,0,hand,right,right_hand,right_hand,0.088278,3.526059,3.587089,0.000000,0.000000,0,
122,5.041667,-0.136005,0.251711,3.568519,1.000000,0.000000,0.000000,0.000000,0.120000,gvhmr_incam,581.042,477.177,49.009,581.042,477.177,49.502,526.679,668.476,floor,ball_contact_events,0.617236,0.000000,0,0,0,0,1,0,hand,right,right_hand,right_hand,0.148603,3.525429,3.615771,0.034707,0.000000,0,
123,5.083333,-0.141447,0.328864,3.585633,1.000000,0.000000,0.000000,0.000000,0.120000,gvhmr_incam,580.891,519.951,47.011,580.891,519.951,49.063,569.014,668.476,floor,ball_contact_events,0.617236,0.000000,0,0,0,0,0,0,hand,right,right_hand,right_hand,0.228817,3.536223,3.644452,0.055728,0.000000,0,
124,5.125000,-0.150279,0.447942,3.601232,1.000000,0.000000,0.000000,0.000000,0.120000,gvhmr_incam,579.022,576.362,45.296,579.022,576.362,48.679,625.041,668.476,floor,ball_contact_events,0.617236,0.000000,0,0,0,0,0,0,hand,right,right_hand,right_hand,0.282169,3.566493,3.673134,0.053839,0.436065,0,
125,5.166667,-0.157558,0.564389,3.611404,1.000000,0.000000,0.000000,0.000000,0.120000,gvhmr_incam,576.998,625.456,47.889,576.998,625.456,48.449,673.905,668.476,floor,ball_contact_events,0.617236,0.000000,0,1,0,1,0,1,floor,,floor,right_hand,0.310418,3.587387,3.701816,0.050073,0.654098,0,
126,5.208333,-0.181715,0.506689,3.606367,1.000000,0.000000,0.000000,0.000000,0.120000,gvhmr_incam,566.935,598.351,44.323,566.935,598.351,48.521,646.872,668.476,floor,ball_contact_events,0.617236,0.000000,0,0,0,0,0,0,hand,right,right_hand,right_hand,0.311649,3.593975,3.554479,0.038147,0.872131,0,bounce
127,5.250000,-0.198394,0.413092,3.574059,1.000000,0.000000,0.000000,0.000000,0.120000,gvhmr_incam,558.272,553.177,47.318,558.272,553.177,49.035,602.212,668.476,floor,ball_contact_events,0.617236,0.000000,0,0,0,0,0,0,hand,right,right_hand,right_hand,0.286362,3.581856,3.556927,0.012183,0.654098,0,
128,5.291667,-0.222644,0.344245,3.544431,1.000000,0.000000,0.000000,0.000000,0.120000,gvhmr_incam,545.594,515.876,51.457,545.594,515.876,49.549,565.425,668.476,floor,ball_contact_events,0.617236,0.000000,1,0,1,0,1,0,hand,right,right_hand,right_hand,0.222434,3.556758,3.559374,0.000000,0.436065,0,
129,5.333333,-0.234177,0.272834,3.556013,1.000000,0.000000,0.000000,0.000000,0.120000,gvhmr_incam,538.774,477.491,48.480,538.774,477.491,49.477,526.968,668.476,floor,ball_contact_events,0.617236,0.000000,0,0,0,0,0,0,hand,right,right_hand,right_hand,0.149940,3.551454,3.561821,0.010425,0.000000,0,
130,5.375000,-0.243696,0.236420,3.565303,1.000000,0.000000,0.000000,0.000000,0.120000,gvhmr_incam,532.924,457.568,47.394,532.924,457.568,49.406,506.974,668.476,floor,ball_contact_events,0.617236,0.000000,0,0,0,0,0,0,hand,right,right_hand,right_hand,0.097890,3.560961,3.564269,0.006096,0.000000,0,
131,5.416667,-0.253366,0.221284,3.572868,1.000000,0.000000,0.000000,0.000000,0.120000,gvhmr_incam,527.804,450.719,47.342,527.804,450.719,49.332,500.051,668.476,floor,ball_contact_events,0.617236,0.000000,0,0,0,0,0,0,hand,right,right_hand,right_hand,0.080517,3.574131,3.566716,-0.001788,0.000000,0,
132,5.458333,-0.266068,0.212765,3.579779,1.000000,0.000000,0.000000,0.000000,0.120000,gvhmr_incam,522.814,450.563,47.188,522.814,450.563,49.258,499.821,668.476,floor,ball_contact_events,0.617236,0.000000,1,0,1,0,1,0,hand,right,right_hand,right_hand,0.093079,3.577741,3.569164,0.000000,0.000000,0,
133,5.500000,-0.280159,0.219882,3.582005,1.000000,0.000000,0.000000,0.000000,0.120000,gvhmr_incam,518.675,460.238,47.437,518.675,460.238,49.248,509.486,668.476,floor,ball_contact_events,0.617236,0.000000,0,0,0,0,1,0,hand,right,right_hand,right_hand,0.141956,3.580952,3.571611,-0.002505,0.000000,0,
134,5.541667,-0.291712,0.273771,3.584620,1.000000,0.000000,0.000000,0.000000,0.120000,gvhmr_incam,516.800,491.164,48.610,516.800,491.164,49.236,540.400,668.476,floor,ball_contact_events,0.617236,0.000000,0,0,0,0,1,0,hand,right,right_hand,right_hand,0.209415,3.591780,3.574059,-0.012423,0.000000,0,
135,5.583333,-0.310629,0.374104,3.587406,1.000000,0.000000,0.000000,0.000000,0.120000,gvhmr_incam,512.280,541.280,52.033,512.280,541.280,49.220,590.500,668.476,floor,ball_contact_events,0.617236,0.000000,0,0,0,0,0,0,hand,right,right_hand,right_hand,0.264777,3.616047,3.576506,-0.035509,0.420585,0,
136,5.625000,-0.323592,0.512775,3.590279,1.000000,0.000000,0.000000,0.000000,0.120000,gvhmr_incam,509.538,604.936,47.420,509.538,604.936,49.194,654.130,668.476,floor,ball_contact_events,0.617236,0.000000,0,0,0,0,0,0,hand,right,right_hand,right_hand,0.292944,3.622115,3.578953,-0.039690,0.630878,0,
137,5.666667,-0.328359,0.525944,3.592954,1.000000,0.000000,0.000000,0.000000,0.120000,gvhmr_incam,508.614,613.016,45.401,508.614,613.016,49.155,662.171,668.476,floor,ball_contact_events,0.617236,0.000000,0,1,0,0,0,0,hand,right,right_hand,right_hand,0.300466,3.624925,3.581401,-0.039711,0.841171,0,bounce
138,5.708333,-0.317611,0.411104,3.591974,1.000000,0.000000,0.000000,0.000000,0.120000,gvhmr_incam,512.004,564.000,44.101,512.004,564.000,49.149,613.149,668.476,floor,ball_contact_events,0.617236,0.000000,0,0,0,0,0,0,hand,right,right_hand,right_hand,0.288985,3.623855,3.583848,-0.038194,0.630878,0,
139,5.750000,-0.301305,0.325259,3.587501,1.000000,0.000000,0.000000,0.000000,0.120000,gvhmr_incam,515.885,522.839,50.364,515.885,522.839,49.175,572.014,668.476,floor,ball_contact_events,0.617236,0.000000,0,0,0,0,1,0,hand,right,right_hand,right_hand,0.255548,3.605033,3.586296,-0.021243,0.420585,0,
140,5.791667,-0.285825,0.265808,3.580414,1.000000,0.000000,0.000000,0.000000,0.120000,gvhmr_incam,518.398,490.272,48.392,518.398,490.272,49.225,539.497,668.476,floor,ball_contact_events,0.617236,0.000000,0,0,0,0,1,0,hand,right,right_hand,right_hand,0.198866,3.576479,3.588743,0.003629,0.000000,0,
141,5.833333,-0.264813,0.234051,3.572065,1.000000,0.000000,0.000000,0.000000,0.120000,gvhmr_incam,523.141,469.296,47.119,523.141,469.296,49.288,518.584,668.476,floor,ball_contact_events,0.617236,0.000000,0,0,0,0,1,0,hand,right,right_hand,right_hand,0.141231,3.564950,3.591190,0.010624,0.000000,0,
142,5.875000,-0.247105,0.220310,3.562659,1.000000,0.000000,0.000000,0.000000,0.120000,gvhmr_incam,527.441,458.546,47.581,527.441,458.546,49.363,507.909,668.476,floor,ball_contact_events,0.617236,0.000000,0,0,0,0,1,0,hand,right,right_hand,right_hand,0.102959,3.569445,3.593638,0.000669,0.000000,0,
143,5.916667,-0.224407,0.218450,3.552598,1.000000,0.000000,0.000000,0.000000,0.120000,gvhmr_incam,535.452,457.535,47.320,535.452,457.535,49.448,506.983,668.476,floor,ball_contact_events,0.617236,0.000000,1,0,1,0,1,0,hand,right,right_hand,right_hand,0.100190,3.563962,3.596085,0.000000,0.000000,0,
144,5.958333,-0.206250,0.225525,3.557965,1.000000,0.000000,0.000000,0.000000,0.120000,gvhmr_incam,543.944,465.231,47.917,543.944,465.231,49.323,514.554,668.476,floor,ball_contact_events,0.617236,0.000000,0,0,0,0,1,0,hand,right,right_hand,right_hand,0.128230,3.558431,3.598533,0.014611,0.000000,0,
145,6.000000,-0.188805,0.260793,3.562731,1.000000,0.000000,0.000000,0.000000,0.120000,gvhmr_incam,553.616,488.594,47.131,553.616,488.594,49.213,537.807,668.476,floor,ball_contact_events,0.617236,0.000000,0,0,0,0,1,0,hand,right,right_hand,right_hand,0.183170,3.548959,3.600980,0.032076,0.000000,0,
146,6.041667,-0.164630,0.343056,3.566889,1.000000,0.000000,0.000000,0.000000,0.120000,gvhmr_incam,566.654,532.252,45.793,566.654,532.252,49.126,581.378,668.476,floor,ball_contact_events,0.617236,0.000000,0,0,0,0,0,0,hand,right,right_hand,right_hand,0.246982,3.559231,3.603428,0.028123,0.000000,0,
147,6.083333,-0.159606,0.463862,3.571106,1.000000,0.000000,0.000000,0.000000,0.120000,gvhmr_incam,571.467,588.995,44.782,571.467,588.995,49.065,638.060,668.476,floor,ball_contact_events,0.617236,0.000000,0,0,0,0,0,0,hand,right,right_hand,right_hand,0.286694,3.577375,3.605875,0.014426,0.401176,0,
148,6.125000,-0.140572,0.556826,3.573192,1.000000,0.000000,0.000000,0.000000,0.120000,gvhmr_incam,580.796,628.922,45.121,580.796,628.922,49.071,677.993,668.476,floor,ball_contact_events,0.617236,0.000000,0,1,0,1,0,1,floor,,floor,right_hand,0.302706,3.586481,3.608322,0.004881,0.601764,0,
149,6.166667,-0.147390,0.481070,3.569751,1.000000,0.000000,0.000000,0.000000,0.120000,gvhmr_incam,577.982,593.677,45.480,577.982,593.677,49.195,642.872,668.476,floor,ball_contact_events,0.617236,0.000000,0,0,0,0,0,0,hand,right,right_hand,right_hand,0.299793,3.578163,3.544118,0.004193,0.802351,0,bounce
150,6.208333,-0.137602,0.411461,3.552631,1.000000,0.000000,0.000000,0.000000,0.120000,gvhmr_incam,580.528,556.346,45.223,580.528,556.346,49.543,605.889,668.476,floor,ball_contact_events,0.617236,0.000000,0,0,0,0,0,0,hand,right,right_hand,right_hand,0.274298,3.553444,3.555513,0.003739,0.601764,0,
151,6.250000,-0.130708,0.359774,3.532719,1.000000,0.000000,0.000000,0.000000,0.120000,gvhmr_incam,581.267,523.941,46.044,581.267,523.941,49.954,573.895,668.476,floor,ball_contact_events,0.617236,0.000000,0,0,0,0,1,0,hand,right,right_hand,right_hand,0.231363,3.518512,3.566908,0.009372,0.401176,0,
152,6.291667,-0.124221,0.301459,3.510912,1.000000,0.000000,0.000000,0.000000,0.120000,gvhmr_incam,581.900,489.423,46.183,581.900,489.423,50.401,539.824,668.476,floor,ball_contact_events,0.617236,0.000000,1,0,1,0,1,0,hand,right,right_hand,right_hand,0.173222,3.496608,3.578304,0.000000,0.000000,0,
153,6.333333,-0.115586,0.265370,3.522328,1.000000,0.000000,0.000000,0.000000,0.120000,gvhmr_incam,584.520,465.954,46.393,584.520,465.954,50.360,516.314,668.476,floor,ball_contact_events,0.617236,0.000000,0,0,0,0,0,0,hand,right,right_hand,right_hand,0.120117,3.486028,3.589699,0.013451,0.000000,0,
154,6.375000,-0.107699,0.256154,3.529121,1.000000,0.000000,0.000000,0.000000,0.120000,gvhmr_incam,587.446,457.765,46.317,587.446,457.765,50.360,508.125,668.476,floor,ball_contact_events,0.617236,0.000000,0,0,0,0,0,0,hand,right,right_hand,right_hand,0.086978,3.484894,3.601095,0.014566,0.000000,0,
155,6.416667,-0.105885,0.254175,3.529380,1.000000,0.000000,0.000000,0.000000,0.120000,gvhmr_incam,588.420,456.349,46.919,588.420,456.349,50.418,506.767,668.476,floor,ball_contact_events,0.617236,0.000000,0,0,0,0,0,0,hand,right,right_hand,right_hand,0.081291,3.484468,3.612490,0.010959,0.000000,0,
156,6.458333,-0.103005,0.256294,3.523303,1.000000,0.000000,0.000000,0.000000,0.120000,gvhmr_incam,590.390,459.841,47.114,590.390,459.841,50.522,510.363,668.476,floor,ball_contact_events,0.617236,0.000000,1,0,1,0,1,0,hand,right,right_hand,right_hand,0.106679,3.488243,3.623885,0.000000,0.000000,0,
157,6.500000,-0.101930,0.295577,3.544799,1.000000,0.000000,0.000000,0.000000,0.120000,gvhmr_incam,592.505,480.364,49.296,592.505,480.364,50.181,530.545,668.476,floor,ball_contact_events,0.617236,0.000000,0,0,0,0,1,0,hand,right,right_hand,right_hand,0.164413,3.497080,3.635281,0.014878,0.000000,0,
158,6.541667,-0.119369,0.388295,3.559382,1.000000,0.000000,0.000000,0.000000,0.120000,gvhmr_incam,587.083,524.237,48.419,587.083,524.237,49.905,574.142,668.476,floor,ball_contact_events,0.617236,0.000000,0,0,0,0,0,0,hand,right,right_hand,right_hand,0.240643,3.514009,3.646676,0.017367,0.000000,0,
159,6.583333,-0.147001,0.514571,3.566578,1.000000,0.000000,0.000000,0.000000,0.120000,gvhmr_incam,577.278,581.384,55.570,577.278,581.384,49.718,631.102,668.476,floor,ball_contact_events,0.617236,0.000000,0,0,0,0,0,0,hand,right,right_hand,right_hand,0.292450,3.545786,3.658071,-0.001177,0.348749,0,
160,6.625000,-0.167844,0.622420,3.560420,1.000000,0.000000,0.000000,0.000000,0.120000,gvhmr_incam,569.528,629.057,47.167,569.528,629.057,49.726,678.783,668.476,floor,ball_contact_events,0.617236,0.000000,0,0,0,1,0,1,floor,,floor,right_hand,0.318516,3.571079,3.669467,-0.026971,0.523124,0,
161,6.666667,-0.195020,0.549522,3.541513,1.000000,0.000000,0.000000,0.000000,0.120000,gvhmr_incam,557.948,599.012,45.301,557.948,599.012,49.933,648.945,668.476,floor,ball_contact_events,0.617236,0.000000,0,1,0,0,0,0,hand,right,right_hand,right_hand,0.322415,3.576920,3.322862,-0.047553,0.697498,0,bounce
162,6.708333,-0.227237,0.457863,3.543922,1.000000,0.000000,0.000000,0.000000,0.120000,gvhmr_incam,543.797,556.276,46.684,543.797,556.276,49.865,606.141,668.476,floor,ball_contact_events,0.617236,0.000000,0,0,0,0,0,0,hand,right,right_hand,right_hand,0.299212,3.571445,3.336442,-0.037220,0.523124,0,
163,6.750000,-0.254732,0.392390,3.559844,1.000000,0.000000,0.000000,0.000000,0.120000,gvhmr_incam,531.427,522.347,49.412,531.427,522.347,49.622,571.969,668.476,floor,ball_contact_events,0.617236,0.000000,1,0,1,0,1,0,hand,right,right_hand,right_hand,0.249772,3.551474,3.350022,0.000000,0.348749,0,
164,6.791667,-0.269697,0.339266,3.539573,1.000000,0.000000,0.000000,0.000000,0.120000,gvhmr_incam,522.969,495.835,47.419,522.969,495.835,49.893,545.728,668.476,floor,ball_contact_events,0.617236,0.000000,0,0,0,0,0,0,hand,right,right_hand,right_hand,0.181248,3.542422,3.363602,-0.010188,0.000000,0,
165,6.833333,-0.286724,0.299119,3.526324,1.000000,0.000000,0.000000,0.000000,0.120000,gvhmr_incam,513.971,476.173,46.489,513.971,476.173,50.065,526.238,668.476,floor,ball_contact_events,0.617236,0.000000,0,0,0,0,0,0,hand,right,right_hand,right_hand,0.124700,3.545603,3.377182,-0.025513,0.000000,0,
166,6.875000,-0.295886,0.266622,3.524424,1.000000,0.000000,0.000000,0.000000,0.120000,gvhmr_incam,508.962,461.397,46.214,508.962,461.397,50.082,511.479,668.476,floor,ball_contact_events,0.617236,0.000000,0,0,0,0,0,0,hand,right,right_hand,right_hand,0.078231,3.552253,3.390762,-0.033392,0.000000,0,
167,6.916667,-0.305405,0.244167,3.536347,1.000000,0.000000,0.000000,0.000000,0.120000,gvhmr_incam,504.787,452.387,46.340,504.787,452.387,49.930,502.317,668.476,floor,ball_contact_events,0.617236,0.000000,0,0,0,0,0,0,hand,right,right_hand,right_hand,0.053534,3.562151,3.404343,-0.032575,0.000000,0,
168,6.958333,-0.314882,0.229730,3.562699,1.000000,0.000000,0.000000,0.000000,0.120000,gvhmr_incam,501.852,448.395,46.305,501.852,448.395,49.633,498.028,668.476,floor,ball_contact_events,0.617236,0.000000,0,0,0,0,0,0,hand,right,right_hand,right_hand,0.049964,3.570652,3.417922,-0.019907,0.000000,0,
169,7.000000,-0.332047,0.226536,3.601416,1.000000,0.000000,0.000000,0.000000,0.120000,gvhmr_incam,497.099,451.027,46.658,497.099,451.027,49.249,500.276,668.476,floor,ball_contact_events,0.617236,0.000000,1,0,1,0,1,0,hand,right,right_hand,right_hand,0.077196,3.578433,3.431503,0.000000,0.000000,0,
170,7.041667,-0.339077,0.238214,3.571621,1.000000,0.000000,0.000000,0.000000,0.120000,gvhmr_incam,494.618,463.893,47.085,494.618,463.893,49.905,513.798,668.476,floor,ball_contact_events,0.617236,0.000000,0,0,0,0,1,0,hand,right,right_hand,right_hand,0.134595,3.583867,3.445083,-0.052476,0.000000,0,
171,7.083333,-0.346512,0.296437,3.546982,1.000000,0.000000,0.000000,0.000000,0.120000,gvhmr_incam,492.702,498.023,48.554,492.702,498.023,50.563,548.586,668.476,floor,ball_contact_events,0.617236,0.000000,0,0,0,0,1,0,hand,right,right_hand,right_hand,0.214557,3.594238,3.458663,-0.108837,0.000000,0,
172,7.125000,-0.342376,0.398298,3.522246,1.000000,0.000000,0.000000,0.000000,0.120000,gvhmr_incam,495.666,551.355,47.785,495.666,551.355,51.233,602.588,668.476,floor,ball_contact_events,0.617236,0.000000,0,0,0,0,0,0,hand,right,right_hand,right_hand,0.275886,3.613520,3.472243,-0.173693,0.488675,0,
173,7.166667,-0.324406,0.510924,3.488216,1.000000,0.000000,0.000000,0.000000,0.120000,gvhmr_incam,503.524,608.459,46.131,503.524,608.459,51.964,660.423,668.476,floor,ball_contact_events,0.617236,0.000000,0,0,0,1,0,1,floor,,floor,right_hand,0.304163,3.618149,3.485823,-0.226744,0.733013,0,
174,7.208333,-0.318943,0.477977,3.424923,1.000000,0.000000,0.000000,0.000000,0.120000,gvhmr_incam,503.426,600.048,45.804,503.426,600.048,53.000,653.048,668.476,floor,ball_contact_events,0.617236,0.000000,0,1,0,0,0,0,hand,right,right_hand,right_hand,0.310996,3.611835,3.326896,-0.286666,0.977351,0,bounce
175,7.250000,-0.315430,0.387391,3.449970,1.000000,0.000000,0.000000,0.000000,0.120000,gvhmr_incam,504.331,553.959,45.984,504.331,553.959,52.447,606.406,668.476,floor,ball_contact_events,0.617236,0.000000,0,0,0,0,0,0,hand,right,right_hand,right_hand,0.296529,3.601409,3.341771,-0.241182,0.733013,0,
176,7.291667,-0.298909,0.334175,3.484986,1.000000,0.000000,0.000000,0.000000,0.120000,gvhmr_incam,509.804,519.860,48.559,509.804,519.860,51.605,571.465,668.476,floor,ball_contact_events,0.617236,0.000000,0,0,0,0,0,0,hand,right,right_hand,right_hand,0.252026,3.576999,3.356646,-0.161966,0.488675,0,
177,7.333333,-0.278611,0.285311,3.525878,1.000000,0.000000,0.000000,0.000000,0.120000,gvhmr_incam,516.214,486.243,49.584,516.214,486.243,50.656,536.899,668.476,floor,ball_contact_events,0.617236,0.000000,0,0,0,0,1,0,hand,right,right_hand,right_hand,0.185227,3.552021,3.371521,-0.072996,0.000000,0,
178,7.375000,-0.259635,0.259358,3.572265,1.000000,0.000000,0.000000,0.000000,0.120000,gvhmr_incam,522.095,463.304,47.709,522.095,463.304,49.709,513.013,668.476,floor,ball_contact_events,0.617236,0.000000,1,0,1,0,1,0,hand,right,right_hand,right_hand,0.121254,3.545268,3.386397,0.000000,0.000000,0,
179,7.416667,-0.232340,0.245163,3.541219,1.000000,0.000000,0.000000,0.000000,0.120000,gvhmr_incam,529.419,449.649,47.751,529.419,449.649,49.966,499.615,668.476,floor,ball_contact_events,0.617236,0.000000,0,0,0,0,0,0,hand,right,right_hand,right_hand,0.073585,3.541598,3.401272,-0.014581,0.000000,0,
180,7.458333,-0.208519,0.242988,3.520662,1.000000,0.000000,0.000000,0.000000,0.120000,gvhmr_incam,536.751,443.446,46.803,536.751,443.446,50.182,493.628,668.476,floor,ball_contact_events,0.617236,0.000000,0,0,0,0,0,0,hand,right,right_hand,right_hand,0.052615,3.529539,3.416147,-0.017653,0.000000,0,
181,7.500000,-0.188968,0.250255,3.509320,1.000000,0.000000,0.000000,0.000000,0.120000,gvhmr_incam,544.016,444.508,46.742,544.016,444.508,50.344,494.852,668.476,floor,ball_contact_events,0.617236,0.000000,0,0,0,0,0,0,hand,right,right_hand,right_hand,0.053679,3.513624,3.431022,-0.013090,0.000000,0,
182,7.541667,-0.168152,0.269199,3.503630,1.000000,0.000000,0.000000,0.000000,0.120000,gvhmr_incam,553.655,454.480,48.602,553.655,454.480,50.471,504.951,668.476,floor,ball_contact_events,0.617236,0.000000,1,0,1,0,1,0,hand,right,right_hand,right_hand,0.084572,3.491754,3.445898,0.000000,0.000000,0,
183,7.583333,-0.148764,0.294147,3.496562,1.000000,0.000000,0.000000,0.000000,0.120000,gvhmr_incam,564.328,471.180,46.773,564.328,471.180,50.638,521.818,668.476,floor,ball_contact_events,0.617236,0.000000,0,0,0,0,1,0,hand,right,right_hand,right_hand,0.145040,3.475730,3.460773,0.004490,0.000000,0,
184,7.625000,-0.135025,0.347542,3.489731,1.000000,0.000000,0.000000,0.000000,0.120000,gvhmr_incam,573.786,503.060,49.509,573.786,503.060,50.809,553.869,668.476,floor,ball_contact_events,0.617236,0.000000,0,0,0,0,1,0,hand,right,right_hand,right_hand,0.219923,3.481670,3.475648,-0.013110,0.000000,0,
185,7.666667,-0.126082,0.434665,3.481917,1.000000,0.000000,0.000000,0.000000,0.120000,gvhmr_incam,581.332,550.507,54.028,581.332,550.507,50.989,601.496,668.476,floor,ball_contact_events,0.617236,0.000000,0,0,0,0,0,0,hand,right,right_hand,right_hand,0.272814,3.505936,3.490524,-0.049673,0.416986,0,
186,7.708333,-0.107042,0.548099,3.470136,1.000000,0.000000,0.000000,0.000000,0.120000,gvhmr_incam,591.976,608.264,46.689,591.976,608.264,51.215,659.479,668.476,floor,ball_contact_events,0.617236,0.000000,0,0,0,1,0,1,floor,,floor,right_hand,0.309166,3.534578,3.505399,-0.093570,0.625479,0,
187,7.750000,-0.111687,0.530053,3.451767,1.000000,0.000000,0.000000,0.000000,0.120000,gvhmr_incam,590.151,607.027,45.398,590.151,607.027,51.519,658.546,668.476,floor,ball_contact_events,0.617236,0.000000,0,1,0,0,0,1,hand,right,right_hand,right_hand,0.316233,3.546353,3.350040,-0.125617,0.833972,0,bounce
188,7.791667,-0.136707,0.441118,3.462773,1.000000,0.000000,0.000000,0.000000,0.120000,gvhmr_incam,577.279,568.848,47.308,577.279,568.848,51.355,620.203,668.476,floor,ball_contact_events,0.617236,0.000000,0,0,0,0,0,0,hand,right,right_hand,right_hand,0.305689,3.550982,3.395802,-0.119356,0.625479,0,
189,7.833333,-0.146600,0.360572,3.479660,1.000000,0.000000,0.000000,0.000000,0.120000,gvhmr_incam,568.766,530.343,46.624,568.766,530.343,51.083,581.426,668.476,floor,ball_contact_events,0.617236,0.000000,0,0,0,0,0,0,hand,right,right_hand,right_hand,0.272713,3.528339,3.441563,-0.078425,0.416986,0,
190,7.875000,-0.160346,0.311095,3.497183,1.000000,0.000000,0.000000,0.000000,0.120000,gvhmr_incam,557.527,503.132,45.635,557.527,503.132,50.792,553.924,668.476,floor,ball_contact_events,0.617236,0.000000,0,0,0,0,0,0,hand,right,right_hand,right_hand,0.215407,3.515495,3.487324,-0.045782,0.000000,0,
191,7.916667,-0.172287,0.275111,3.514373,1.000000,0.000000,0.000000,0.000000,0.120000,gvhmr_incam,547.221,481.470,47.144,547.221,481.470,50.506,531.976,668.476,floor,ball_contact_events,0.617236,0.000000,0,0,0,0,1,0,hand,right,right_hand,right_hand,0.165416,3.506035,3.533086,-0.016696,0.000000,0,
192,7.958333,-0.175467,0.256934,3.531434,1.000000,0.000000,0.000000,0.000000,0.120000,gvhmr_incam,541.717,468.395,46.508,541.717,468.395,50.231,518.626,668.476,floor,ball_contact_events,0.617236,0.000000,1,0,1,0,1,0,hand,right,right_hand,right_hand,0.138906,3.508450,3.578847,0.000000,0.000000,0,
