frame,u_obs,v_obs,u_reproj,v_reproj,error_u,error_v,error_px
1,653.510,838.933,653.510,838.933,0.000149,0.000023,0.000150
2,653.954,839.422,653.954,839.422,-0.000158,-0.000027,0.000161
3,653.955,839.539,653.955,839.539,-0.000007,-0.000015,0.000017
4,653.746,839.389,653.746,839.389,0.000022,0.000032,0.000039
5,653.732,839.443,653.732,839.443,-0.000002,-0.000020,0.000020
6,653.787,839.393,653.787,839.393,-0.000004,0.000013,0.000013
7,653.824,839.419,653.824,839.419,0.000002,-0.000008,0.000008
8,653.853,839.390,653.853,839.390,-0.000002,0.000003,0.000004
9,653.844,839.363,653.844,839.363,0.000003,-0.000005,0.000006
10,653.825,839.322,653.825,839.322,-0.000002,0.000009,0.000009
11,653.760,839.377,653.760,839.377,-0.000007,-0.000006,0.000009
12,653.663,839.412,653.663,839.412,0.000016,0.000004,0.000016
13,653.722,839.454,653.722,839.454,-0.000012,-0.000005,0.000013
14,653.728,839.442,653.728,839.442,0.000004,0.000004,0.000006
15,653.770,839.452,653.770,839.452,-0.000002,-0.000003,0.000003
16,653.824,839.455,653.824,839.455,0.000001,0.000003,0.000003
17,653.904,839.497,653.904,839.497,0.000005,-0.000002,0.000006
18,654.002,839.544,654.002,839.544,-0.000018,0.000004,0.000018
19,653.970,839.612,653.970,839.612,0.000025,0.000001,0.000026
20,654.114,839.630,654.114,839.630,-0.000018,-0.000011,0.000020
21,654.090,839.506,654.090,839.506,-0.000003,0.000001,0.000004
22,653.996,839.419,653.996,839.419,0.000014,0.000022,0.000025
23,654.012,839.519,654.012,839.519,-0.000010,-0.000029,0.000031
24,653.968,839.407,653.968,839.407,0.000004,0.000020,0.000021
25,653.952,839.429,653.952,839.429,0.000001,-0.000008,0.000008
26,653.933,839.409,653.933,839.409,-0.000006,-0.000002,0.000006
27,653.857,839.384,653.857,839.384,-0.000002,0.000012,0.000012
28,653.816,839.443,653.816,839.443,0.000019,-0.000019,0.000027
29,653.949,839.360,653.949,839.360,-0.000024,0.000017,0.000029
30,653.898,839.418,653.898,839.418,0.000007,-0.000003,0.000007
31,653.920,839.466,653.920,839.466,0.000054,-0.000001,0.000054
32,654.097,839.425,654.097,839.425,-0.000149,-0.000029,0.000152
33,653.089,839.240,653.089,839.240,0.000164,0.000060,0.000175
34,653.490,839.634,653.490,839.634,-0.000076,-0.000034,0.000083
35,653.550,839.735,653.550,839.735,0.000005,-0.000011,0.000012
36,653.527,839.571,653.527,839.571,0.000010,0.000008,0.000012
37,653.535,839.466,653.535,839.466,-0.000019,0.000018,0.000027
38,653.422,839.547,653.422,839.547,0.000024,-0.000043,0.000049
39,653.553,839.445,653.546,839.452,-0.007475,0.007392,0.010513
40,653.601,839.444,653.623,839.993,0.022373,0.548803,0.549259
41,653.599,839.405,653.591,839.412,-0.007626,0.007483,0.010684
42,653.674,839.353,653.677,839.351,0.002519,-0.002468,0.003526
43,653.826,839.249,653.826,839.249,-0.000021,0.000018,0.000027
44,653.807,839.118,653.807,839.118,-0.000019,0.000021,0.000028
45,653.760,839.197,653.760,839.197,-0.000018,0.000016,0.000024
46,653.783,839.209,653.783,839.209,-0.000019,0.000019,0.000027
47,653.819,839.281,653.819,839.281,-0.000017,0.000016,0.000023
48,653.919,839.236,653.919,839.236,-0.000020,0.000341,0.000341
49,653.792,839.312,653.792,839.311,-0.000018,-0.001267,0.001267
50,653.587,839.092,653.587,763.605,-0.000141,-75.486693,75.486693
51,653.481,838.618,653.481,838.616,0.000357,-0.001909,0.001942
52,682.704,787.710,682.704,787.711,-0.000471,0.001309,0.001391
53,682.303,787.945,682.303,787.944,0.000304,-0.000845,0.000898
54,700.809,711.024,700.809,711.024,-0.000139,0.000203,0.000247
55,711.371,631.171,711.371,631.171,-0.000036,0.000227,0.000230
56,716.724,576.812,716.724,576.812,0.000036,-0.000104,0.000110
57,724.903,523.836,724.903,523.836,-0.000003,-0.000196,0.000196
58,732.455,473.137,732.455,473.138,-0.000067,0.000583,0.000587
59,733.883,471.808,733.883,471.807,0.000026,-0.000598,0.000599
60,736.776,428.165,736.776,428.165,0.000000,0.000217,0.000217
61,739.852,391.241,739.852,391.241,-0.000053,-0.000042,0.000068
62,739.156,357.469,739.156,357.469,0.000032,-0.000062,0.000070
63,740.762,331.639,740.762,331.639,-0.000027,0.000204,0.000206
64,740.644,331.136,740.644,331.136,-0.000037,-0.000129,0.000134
65,738.766,322.555,738.766,322.555,0.000040,-0.000132,0.000138
66,741.410,300.780,741.410,300.780,-0.000034,0.000087,0.000094
67,742.876,289.768,742.876,289.768,-0.000014,0.000055,0.000057
68,743.253,290.267,743.253,290.267,-0.000005,-0.000109,0.000110
69,743.808,287.364,743.808,287.364,-0.000000,0.000042,0.000042
70,744.791,289.624,744.791,289.624,-0.000033,-0.000047,0.000058
71,744.361,293.179,744.361,293.179,0.000021,0.000009,0.000023
72,746.498,302.977,746.498,302.977,-0.000018,0.000086,0.000087
73,748.150,319.512,748.150,319.512,-0.000019,-0.000233,0.000234
74,748.607,320.629,748.607,320.629,0.000005,0.000165,0.000165
75,749.805,337.679,749.805,337.679,-0.000012,-0.000054,0.000055
76,750.508,360.670,750.508,360.670,-0.000022,0.000025,0.000033
77,750.450,390.604,750.450,390.604,0.000026,0.000090,0.000094
78,752.857,421.011,752.857,421.011,-0.000032,-0.000391,0.000392
79,753.021,422.541,753.021,422.541,0.000000,0.000396,0.000396
80,752.208,458.373,752.208,458.373,-0.000024,-0.000162,0.000164
81,749.915,496.014,749.915,496.014,0.000017,0.000233,0.000234
82,749.826,541.187,749.826,541.186,-0.000015,-0.000586,0.000587
83,749.961,543.330,749.961,543.331,-0.000006,0.000550,0.000550
84,750.221,592.473,750.221,592.473,-0.000004,-0.000166,0.000166
85,750.415,646.871,750.415,646.871,-0.000014,0.000020,0.000025
86,749.690,705.028,749.690,705.028,-0.000004,0.000461,0.000461
87,749.134,732.573,749.134,761.319,0.000001,28.746418,28.746418
88,749.427,700.441,749.427,700.442,0.000002,0.001064,0.001064
89,749.669,698.530,749.669,698.530,-0.000025,-0.000392,0.000393
90,747.153,676.864,747.153,676.864,-0.000013,0.000034,0.000036
91,743.886,652.106,743.886,652.106,0.000030,0.000037,0.000048
92,743.780,633.705,743.780,633.705,-0.000037,-0.000003,0.000037
93,742.111,622.901,742.111,622.901,0.000014,0.000062,0.000064
94,741.809,622.113,741.809,622.113,-0.000021,-0.000076,0.000078
95,741.106,619.174,741.106,619.174,0.000019,0.000028,0.000034
96,742.166,620.595,742.166,620.595,-0.000032,0.000042,0.000053
97,741.345,626.537,741.345,626.537,0.000009,-0.000076,0.000077
98,741.616,627.493,741.616,627.493,0.000003,0.000025,0.000025
99,742.617,632.745,742.617,632.745,-0.000027,-0.000006,0.000028
100,742.128,646.028,742.128,646.028,0.000023,0.000073,0.000077
101,743.449,672.964,743.449,672.964,-0.000018,-0.000028,0.000033
102,743.445,701.887,743.445,701.887,-0.000010,-0.000049,0.000050
103,742.455,728.398,742.455,728.398,0.000012,0.000434,0.000434
104,742.280,729.242,742.280,760.748,-0.000010,31.506167,31.506167
105,740.928,702.666,740.928,702.667,-0.000013,0.000633,0.000633
106,738.009,676.460,738.009,676.460,0.000008,-0.000159,0.000159
107,735.443,651.343,735.443,651.343,-0.000016,0.000017,0.000024
108,732.526,635.496,732.526,635.496,0.000016,0.000108,0.000109
109,731.823,633.213,731.823,633.213,-0.000019,-0.000133,0.000134
110,731.323,622.854,731.323,622.854,0.000033,0.000046,0.000056
111,732.957,615.410,732.957,615.410,-0.000058,-0.000004,0.000058
112,730.039,610.972,730.039,610.972,0.000039,0.000013,0.000041
113,729.350,610.753,729.350,610.753,-0.000024,-0.000017,0.000029
114,727.646,612.999,727.646,612.999,0.000018,0.000041,0.000045
115,727.010,620.145,727.010,620.145,-0.000025,-0.000035,0.000043
116,724.708,624.816,724.708,624.816,0.000015,-0.000038,0.000041
117,723.738,628.195,723.738,628.195,-0.000006,0.000112,0.000112
118,722.984,640.907,722.984,640.907,0.000011,-0.000159,0.000159
119,722.371,646.447,722.371,646.447,-0.000028,0.000130,0.000133
120,718.847,667.274,718.847,667.274,0.000014,-0.000025,0.000029
121,715.966,694.234,715.966,694.234,0.000020,-0.000025,0.000032
122,713.618,724.342,713.618,724.342,-0.000070,0.000191,0.000204
123,706.600,760.939,706.600,760.939,0.000084,-0.000316,0.000326
124,706.793,759.274,706.793,760.564,-0.000091,1.289971,1.289971
125,705.451,757.179,705.451,757.179,0.000146,-0.000385,0.000411
126,716.100,715.052,716.100,715.052,-0.000125,0.000233,0.000264
127,716.550,692.902,716.550,692.902,0.000024,0.000193,0.000195
128,715.326,692.329,715.326,692.329,0.000013,-0.000277,0.000278
129,715.176,667.306,715.176,667.306,-0.000005,0.000057,0.000057
130,715.926,639.876,715.926,639.876,0.000013,0.000041,0.000043
131,718.751,617.959,718.751,617.959,0.000001,-0.000038,0.000038
132,721.952,599.175,721.952,599.175,-0.000010,0.000030,0.000032
133,723.888,590.364,723.888,590.364,-0.000002,0.000038,0.000038
134,725.767,590.790,725.767,590.790,0.000019,-0.000062,0.000065
135,729.747,590.347,729.747,590.347,-0.000006,0.000010,0.000012
136,733.629,594.130,733.629,594.130,-0.000013,-0.000005,0.000014
137,737.060,604.624,737.060,604.624,0.000055,0.000142,0.000152
138,743.387,625.487,743.387,625.487,-0.000076,-0.000284,0.000294
139,742.841,625.163,742.841,625.163,0.000051,0.000190,0.000197
140,744.982,642.215,744.982,642.215,-0.000005,-0.000022,0.000022
141,747.264,667.901,747.264,667.901,0.000003,0.000124,0.000124
142,749.004,698.536,749.004,698.536,-0.000013,-0.000380,0.000380
143,749.511,699.356,749.511,699.356,0.000026,0.000342,0.000343
144,751.924,729.204,751.924,729.204,-0.000009,0.000035,0.000036
145,753.686,761.492,753.686,761.492,0.000014,-0.000248,0.000248
146,755.143,780.037,755.143,760.265,-0.000021,-19.771784,19.771784
147,753.875,750.301,753.875,750.301,0.000020,-0.000337,0.000338
148,753.510,712.851,753.510,712.852,0.000008,0.000535,0.000535
149,753.461,712.037,753.461,712.037,-0.000016,-0.000444,0.000444
150,752.091,678.255,752.091,678.255,0.000018,0.000167,0.000168
151,752.724,651.585,752.724,651.585,0.000010,-0.000001,0.000010
152,755.175,629.991,755.175,629.991,0.000011,-0.000071,0.000072
153,757.770,611.264,757.770,611.264,-0.000021,0.000176,0.000177
154,757.240,610.539,757.240,610.539,0.000018,-0.000178,0.000179
155,756.568,598.808,756.568,598.808,0.000000,0.000051,0.000051
156,755.352,591.199,755.352,591.199,0.000007,0.000026,0.000027
157,754.315,589.790,754.315,589.790,0.000011,-0.000037,0.000039
158,753.606,589.922,753.606,589.922,-0.000003,0.000016,0.000017
159,751.829,595.874,751.829,595.874,-0.000008,-0.000036,0.000037
160,749.534,607.548,749.534,607.548,0.000038,0.000109,0.000116
161,750.674,633.529,750.674,633.529,-0.000002,-0.000113,0.000113
162,751.018,654.664,751.018,654.664,-0.000032,0.000135,0.000139
163,748.146,679.530,748.146,679.530,0.000057,-0.000320,0.000325
164,749.181,682.052,749.181,682.052,-0.000017,0.000289,0.000289
165,748.423,715.327,748.423,715.327,-0.000046,0.000248,0.000252
166,745.924,751.210,745.924,759.003,0.000117,7.793415,7.793415
167,754.774,729.139,754.774,729.139,-0.000039,0.000179,0.000183
168,760.438,699.424,760.438,699.424,-0.000069,0.000300,0.000308
169,759.869,697.172,759.869,697.172,0.000106,-0.000300,0.000318
170,769.046,672.944,769.046,672.944,-0.000009,0.000088,0.000088
171,778.949,651.506,778.949,651.506,-0.000014,-0.000040,0.000042
172,784.414,634.461,784.414,634.461,-0.000038,0.000112,0.000118
173,785.408,632.492,785.408,632.492,0.000090,-0.000096,0.000131
174,792.965,627.293,792.965,627.293,-0.000052,-0.000009,0.000052
175,797.064,623.894,797.064,623.894,0.000048,-0.000437,0.000440
176,802.222,628.819,802.222,628.821,-0.000046,0.002154,0.002154
177,802.294,630.595,802.294,758.185,0.000055,127.590182,127.590182
178,804.180,582.952,804.180,582.955,-0.000031,0.002744,0.002744
179,802.523,580.622,802.523,580.621,0.000033,-0.001048,0.001049
180,801.308,534.414,801.308,534.414,-0.000039,0.000166,0.000170
181,797.713,492.265,797.713,492.265,0.000072,0.000046,0.000086
182,800.545,460.251,800.545,460.251,-0.000021,-0.000094,0.000097
183,801.964,433.316,801.964,433.316,-0.000011,0.000264,0.000265
184,801.104,431.168,801.104,431.168,0.000029,-0.000290,0.000291
185,801.718,407.630,801.718,407.630,-0.000006,0.000117,0.000117
186,801.909,391.285,801.909,391.285,0.000022,0.000003,0.000023
187,803.110,382.486,803.110,382.486,-0.000009,0.000067,0.000067
188,802.856,382.435,802.856,382.435,0.000018,-0.000081,0.000082
189,802.779,377.221,802.779,377.221,0.000015,0.000014,0.000020
190,801.911,375.271,801.911,375.271,-0.000037,0.000045,0.000058
191,797.452,383.394,797.452,383.394,0.000061,0.000012,0.000062
192,798.039,398.964,798.039,398.964,-0.000010,0.000080,0.000081
193,798.754,418.180,798.754,418.180,0.000009,-0.000156,0.000157
194,799.366,418.489,799.366,418.489,-0.000005,-0.000022,0.000023
195,799.324,418.737,799.324,418.737,0.000040,0.000192,0.000196
196,801.486,445.011,801.486,445.011,-0.000023,-0.000079,0.000082
197,800.500,475.917,800.500,475.917,0.000010,0.000160,0.000160
198,799.070,511.418,799.070,511.418,0.000022,-0.000447,0.000447
199,799.458,511.446,799.458,511.446,0.000001,0.000414,0.000414
200,800.494,550.610,800.494,550.610,0.000033,-0.000120,0.000125
201,802.959,598.128,802.959,598.128,-0.000034,0.000237,0.000240
202,801.366,653.906,801.366,653.905,0.000029,-0.000680,0.000681
203,801.108,656.231,801.108,656.232,0.000033,0.000608,0.000609
204,802.345,716.156,802.345,716.156,-0.000048,0.000240,0.000245
205,798.974,787.071,798.975,787.068,0.001272,-0.003393,0.003624
206,799.446,851.837,799.442,757.982,-0.003583,-93.854914,93.854914
207,795.254,835.365,795.264,835.342,0.009954,-0.023417,0.025445
208,790.518,811.945,790.515,811.955,-0.002941,0.009618,0.010058
209,789.276,810.296,789.276,810.294,-0.000417,-0.001807,0.001854
210,783.525,794.014,783.525,794.014,0.000158,0.000413,0.000442
211,777.987,782.366,777.987,782.366,-0.000070,0.000419,0.000425
212,772.487,781.925,772.487,781.925,0.000004,0.000142,0.000142
213,768.855,786.784,768.855,786.783,0.000336,-0.000799,0.000867
214,768.695,787.088,768.695,787.088,-0.000315,0.000444,0.000544
215,763.735,796.499,763.735,796.499,-0.000240,0.000305,0.000388
216,754.862,815.727,754.862,815.728,0.000241,0.000530,0.000582
217,749.694,836.900,749.694,836.898,0.000241,-0.001581,0.001599
218,748.831,837.478,748.831,837.479,-0.000245,0.001138,0.001164
219,746.055,841.202,746.055,839.596,-0.000053,-1.605692,1.605692
220,741.512,834.237,741.512,834.237,0.000075,-0.000074,0.000105
221,736.294,828.672,736.294,828.672,0.000034,0.000253,0.000256
222,731.797,829.019,731.797,829.019,-0.000124,0.000463,0.000480
223,727.538,835.803,727.538,835.802,0.000296,-0.000828,0.000879
224,726.803,836.245,726.803,836.246,-0.000160,0.000656,0.000675
225,724.901,840.270,724.901,840.270,0.000112,-0.000196,0.000226
226,721.923,834.859,721.923,839.004,-0.000292,4.144951,4.144951
227,716.513,826.975,716.513,826.976,0.000193,0.000841,0.000863
228,712.378,824.370,712.378,824.370,0.000142,-0.000260,0.000296
229,710.676,824.004,710.676,824.004,-0.000170,0.000246,0.000299
230,707.797,826.982,707.797,826.982,0.000101,-0.000248,0.000267
231,704.931,827.456,704.931,827.456,-0.000189,-0.000043,0.000193
232,700.418,826.578,700.418,826.578,0.000262,0.000117,0.000287
233,697.936,826.718,697.936,826.718,-0.000208,-0.000011,0.000208
234,693.762,826.932,693.762,826.932,0.000078,-0.000062,0.000099
235,690.052,826.591,690.052,826.591,-0.000006,0.000071,0.000071
236,686.759,826.815,686.759,826.815,0.000009,-0.000083,0.000083
237,684.009,826.715,684.009,826.715,-0.000034,0.000103,0.000109
238,681.671,827.746,681.671,827.746,0.000134,-0.000098,0.000166
239,680.592,828.435,680.592,828.435,-0.000175,0.000093,0.000198
240,677.822,830.083,677.822,830.083,0.000100,-0.000032,0.000105
241,675.379,831.352,675.379,831.352,-0.000402,0.000002,0.000402
242,672.428,831.805,672.428,831.805,0.000373,-0.000018,0.000374
