frame,time,active_side,active_object_point_id,active_object_u,active_object_v,min_object_boundary_gap_px,active_part_distance_px,proposal_score,anchor_score,confidence_level,is_candidate,anchor_contact_state
1,0.000000,left,left,548.489,57.283,28.194815,28.194815,0.598591,0.340858,proposal,1,1
2,0.041667,left,left,548.798,57.155,29.687083,29.687083,0.798121,0.380591,proposal,1,1
3,0.083333,left,bottom,583.266,87.942,28.309926,28.309926,0.598591,0.339247,proposal,1,1
4,0.125000,left,bottom,582.106,87.969,26.939792,26.939792,0.399061,0.299174,proposal,1,1
5,0.166667,left,bottom,580.945,92.359,24.384967,24.384967,0.439636,0.351596,proposal,1,1
6,0.208333,left,bottom,580.501,100.364,22.311955,22.311955,0.586182,0.430959,proposal,1,1
7,0.250000,left,bottom,579.563,111.470,19.862519,19.862519,0.439636,0.431085,proposal,1,1
8,0.291667,left,bottom,577.793,126.511,14.041465,14.041465,0.493644,0.493644,soft,1,1
9,0.333333,left,bottom,575.911,145.020,14.566109,14.566109,0.528208,0.528208,soft,1,1
10,0.375000,right,bottom,575.761,160.002,22.455255,22.455255,1.000000,0.450263,soft,1,1
11,0.416667,right,right,605.834,121.958,30.000358,30.000358,1.000000,0.400701,proposal,1,1
12,0.458333,right,right,590.762,102.699,32.260955,32.260955,0.658905,0.308036,proposal,1,1
13,0.500000,right,right,575.339,79.575,36.825935,36.825935,0.749221,0.292602,proposal,1,1
14,0.541667,right,right,567.422,53.832,49.035475,49.035475,0.998961,0.313143,proposal,1,1
15,0.583333,left,right,567.000,27.841,61.909240,61.909240,0.831676,0.250988,proposal,1,1
16,0.625000,left,grid_10_09,551.718,24.230,47.753124,47.753124,0.623757,0.203422,none,1,1
17,0.666667,left,,,,inf,inf,0.415838,0.124751,none,0,0
18,0.708333,left,,,,inf,inf,0.000000,0.000000,none,0,0
19,0.750000,left,,,,inf,inf,0.180873,0.000000,none,0,0
20,0.791667,left,,,,inf,inf,0.000000,0.000000,none,0,0
21,0.833333,left,,,,inf,inf,0.000000,0.000000,none,0,0
22,0.875000,left,,,,inf,inf,0.000000,0.000000,none,0,0
23,0.916667,left,,,,inf,inf,0.000000,0.000000,none,0,0
24,0.958333,left,,,,inf,inf,0.000000,0.000000,none,0,0
25,1.000000,left,,,,inf,inf,0.026647,0.000000,none,0,0
26,1.041667,left,,,,inf,inf,0.352779,0.105834,none,0,0
27,1.083333,left,,,,inf,inf,0.529168,0.158750,none,0,0
28,1.125000,left,grid_10_09,587.243,30.904,118.418358,118.418358,0.705557,0.211667,none,0,0
29,1.166667,left,right,603.434,26.707,129.730150,129.730150,0.917711,0.158750,none,0,0
30,1.208333,left,left,551.888,56.064,102.083635,102.083635,0.352779,0.105834,none,0,0
31,1.250000,left,bottom,584.122,125.914,38.761418,38.761418,0.322565,0.150896,none,1,1
32,1.291667,left,bottom,582.196,165.197,18.429532,18.429532,1.000000,0.475307,soft,1,1
33,1.333333,left,left,555.899,141.191,14.287070,14.287070,1.000000,0.625894,soft,1,1
34,1.375000,left,left,553.054,123.711,19.054820,19.054820,1.000000,0.613413,soft,1,1
35,1.416667,right,bottom,572.295,136.304,23.911442,23.911442,0.748369,0.452108,soft,1,1
36,1.458333,left,bottom,563.846,106.970,28.448330,28.448330,0.595927,0.336524,proposal,1,1
37,1.500000,left,bottom,558.275,76.607,28.953894,28.953894,0.794569,0.389208,proposal,1,1
38,1.541667,left,bottom,554.983,51.898,31.636535,31.636535,0.815935,0.296152,proposal,1,1
39,1.583333,left,bottom,552.072,34.225,33.128870,33.128870,0.397285,0.220296,none,1,1
40,1.625000,left,bottom,549.536,21.082,40.205259,40.205259,0.045394,0.045394,none,0,0
41,1.666667,left,bottom,548.975,10.542,53.860485,53.860485,0.322565,0.103023,none,0,0
42,1.708333,left,bottom,546.937,7.733,65.973293,65.973293,0.483847,0.145820,none,0,0
43,1.750000,left,bottom,545.808,8.190,78.603148,78.603148,0.645129,0.193579,none,0,0
44,1.791667,left,bottom,545.016,12.331,87.941273,87.941273,0.483847,0.145158,none,0,0
45,1.833333,left,bottom,543.137,21.832,92.591226,92.591226,0.322565,0.096770,none,0,0
46,1.875000,left,bottom,540.282,37.988,90.029299,90.029299,0.523099,0.000002,none,0,0
47,1.916667,left,bottom,538.837,59.631,79.247932,79.247932,0.870670,0.085524,none,0,0
48,1.958333,left,bottom,537.717,85.766,59.724631,59.724631,0.499347,0.152041,none,0,0
49,2.000000,left,bottom,538.630,120.926,25.719731,25.719731,1.000000,0.422867,proposal,1,1
50,2.041667,left,bottom,536.019,134.740,10.289416,10.289416,1.000000,0.766705,strong,1,1
51,2.083333,left,bottom,536.568,117.019,25.216660,25.216660,1.000000,0.430860,proposal,1,1
52,2.125000,left,bottom,536.952,95.006,44.862399,44.862399,0.514490,0.178978,none,1,1
53,2.166667,left,bottom,539.853,76.139,63.897680,63.897680,0.342994,0.103907,none,0,0
54,2.208333,left,bottom,542.187,59.750,83.178084,83.178084,0.299515,0.000013,none,0,0
55,2.250000,left,right,575.857,54.010,96.074650,96.074650,0.201008,0.000000,none,0,0
56,2.291667,left,right,577.342,48.372,104.990067,104.990067,0.000000,0.000000,none,0,0
57,2.333333,left,right,579.002,45.554,109.314734,109.314734,0.000000,0.000000,none,0,0
58,2.375000,left,right,580.408,48.535,106.968526,106.968526,0.356719,0.107016,none,0,0
59,2.416667,left,right,581.982,55.380,100.044818,100.044818,0.535079,0.160524,none,0,0
60,2.458333,left,right,582.618,66.855,88.948214,88.948214,0.713439,0.214034,none,0,0
61,2.500000,left,right,583.311,82.558,74.834801,74.834801,0.535079,0.160621,none,0,0
62,2.541667,left,right,584.119,101.083,60.645783,60.645783,0.499109,0.151618,none,0,0
63,2.583333,left,right,585.751,124.667,43.128154,43.128154,0.748664,0.255770,proposal,1,1
64,2.625000,left,right,587.539,147.152,33.732122,33.732122,0.998219,0.394474,proposal,1,1
65,2.666667,left,left,564.551,126.845,32.223382,32.223382,1.000000,0.335378,proposal,1,1
66,2.708333,left,left,562.562,123.655,30.109611,30.109611,1.000000,0.423981,proposal,1,1
67,2.750000,left,left,558.834,103.405,38.045252,38.045252,0.751737,0.275090,proposal,1,1
68,2.791667,left,left,552.391,78.131,42.749567,42.749567,0.480374,0.176887,none,1,1
69,2.833333,left,left,547.618,50.781,49.054731,49.054731,0.156530,0.013415,none,0,0
70,2.875000,left,left,547.119,22.951,60.336413,60.336413,0.865958,0.001997,none,0,0
71,2.916667,left,grid_10_07,549.065,25.797,47.986879,47.986879,0.219491,0.015742,none,0,0
72,2.958333,left,,,,inf,inf,0.000000,0.000000,none,0,0
73,3.000000,left,,,,inf,inf,0.000000,0.000000,none,0,0
74,3.041667,left,,,,inf,inf,0.000000,0.000000,none,0,0
75,3.083333,left,,,,inf,inf,0.000000,0.000000,none,0,0
76,3.125000,left,,,,inf,inf,0.000000,0.000000,none,0,0
77,3.166667,left,,,,inf,inf,0.325115,0.097534,none,0,0
78,3.208333,left,,,,inf,inf,0.487672,0.146302,none,0,0
79,3.250000,left,,,,inf,inf,0.650230,0.195069,none,0,0
80,3.291667,left,,,,inf,inf,0.487672,0.146302,none,0,0
81,3.333333,left,,,,inf,inf,0.325115,0.097534,none,0,0
82,3.375000,left,,,,inf,inf,0.287232,0.086170,none,0,0
83,3.416667,left,,,,inf,inf,0.430848,0.129254,none,0,0
84,3.458333,left,,,,inf,inf,0.574464,0.172339,none,0,0
85,3.500000,left,,,,inf,inf,0.430848,0.129254,none,0,0
86,3.541667,left,,,,inf,inf,0.287232,0.086170,none,0,0
87,3.583333,left,grid_10_05,578.939,21.225,136.882237,136.882237,0.000000,0.000000,none,0,0
88,3.625000,left,left,558.216,22.988,136.865235,136.865235,0.346136,0.000000,none,0,0
89,3.666667,left,bottom,584.276,69.856,93.746038,93.746038,0.319279,0.000001,none,0,0
90,3.708333,left,bottom,583.988,95.620,70.998060,70.998060,0.000230,0.000230,none,0,0
91,3.750000,left,bottom,583.733,121.307,49.408784,49.408784,0.012713,0.012713,none,0,0
92,3.791667,left,bottom,582.701,153.525,23.407701,23.407701,0.236125,0.236125,none,0,0
93,3.833333,left,bottom,584.328,173.894,21.308651,21.308651,1.000000,0.422207,proposal,1,1
94,3.875000,left,left,560.415,152.399,13.633372,13.633372,1.000000,0.636767,soft,1,1
95,3.916667,left,left,557.595,141.578,16.141336,16.141336,1.000000,0.666469,soft,1,1
96,3.958333,left,left,553.753,125.403,18.171944,18.171944,0.746390,0.554322,soft,1,1
97,4.000000,right,bottom,576.137,133.730,23.372973,23.372973,0.497594,0.385996,proposal,1,1
98,4.041667,left,left,543.603,79.986,28.474478,28.474478,0.157384,0.157384,none,0,0
99,4.083333,left,left,540.199,56.489,34.162653,34.162653,0.090818,0.090818,none,0,0
100,4.125000,left,bottom,568.586,64.861,39.196261,39.196261,0.406020,0.051368,none,0,0
101,4.166667,left,bottom,569.309,44.968,45.458178,45.458178,0.375554,0.022668,none,0,0
102,4.208333,left,bottom,569.483,27.887,55.187800,55.187800,0.005002,0.005002,none,0,0
103,4.250000,left,bottom,571.492,16.084,67.535952,67.535952,0.291202,0.087843,none,0,0
104,4.291667,left,grid_11_06,574.270,9.693,80.609937,80.609937,0.436802,0.131065,none,0,0
105,4.333333,left,bottom,584.282,3.814,98.042344,98.042344,0.582403,0.174721,none,0,0
106,4.375000,left,bottom,585.358,4.213,106.563481,106.563481,0.436802,0.131041,none,0,0
107,4.416667,left,bottom,587.185,6.633,114.320007,114.320007,0.291202,0.087360,none,0,0
108,4.458333,left,left,547.534,7.334,119.039840,119.039840,0.000000,0.000000,none,0,0
109,4.500000,left,bottom,589.607,22.927,120.186787,120.186787,0.000000,0.000000,none,0,0
110,4.541667,left,bottom,589.557,38.827,116.355260,116.355260,0.423612,0.000000,none,0,0
111,4.583333,left,bottom,589.634,59.497,107.786457,107.786457,0.586630,0.000000,none,0,0
112,4.625000,right,bottom,590.835,83.793,93.037251,93.037251,0.295562,0.000001,none,0,0
113,4.666667,right,bottom,592.448,110.023,72.632913,72.632913,0.499123,0.149897,none,0,0
114,4.708333,right,bottom,592.797,140.805,43.877952,43.877952,1.000000,0.252791,proposal,1,1
115,4.750000,right,bottom,591.321,169.124,13.719913,13.719913,1.000000,0.710818,strong,1,1
116,4.791667,right,bottom,587.760,161.141,16.113793,16.113793,1.000000,0.597103,soft,1,1
117,4.833333,right,bottom,586.312,140.661,27.970926,27.970926,0.571714,0.335955,proposal,1,1
118,4.875000,right,bottom,585.483,118.028,42.355013,42.355013,0.600589,0.214695,none,1,1
119,4.916667,right,bottom,584.674,98.827,57.302318,57.302318,0.450442,0.138598,none,0,0
120,4.958333,left,bottom,584.534,83.029,70.171499,70.171499,0.450442,0.135408,none,0,0
121,5.000000,left,bottom,583.207,70.726,77.180930,77.180930,0.600589,0.180233,none,0,0
122,5.041667,left,bottom,582.720,62.165,84.315950,84.315950,0.450442,0.135142,none,0,0
123,5.083333,left,bottom,582.391,57.927,87.466345,87.466345,0.300295,0.090092,none,0,0
124,5.125000,left,left,551.596,41.799,101.639655,101.639655,0.000000,0.000000,none,0,0
125,5.166667,left,left,552.259,45.408,99.237563,99.237563,0.300295,0.090088,none,0,0
126,5.208333,left,left,554.308,51.039,95.088268,95.088268,0.450442,0.135133,none,0,0
127,5.250000,left,left,555.750,60.691,86.922106,86.922106,0.600589,0.180181,none,0,0
128,5.291667,left,right,607.498,82.068,80.075728,80.075728,0.450442,0.135160,none,0,0
129,5.333333,left,right,610.107,101.786,67.976928,67.976928,0.495182,0.148995,none,0,0
130,5.375000,right,right,612.207,124.927,44.838262,44.838262,0.893087,0.247545,none,1,1
131,5.416667,right,right,611.291,145.299,24.241725,24.241725,1.000000,0.519188,soft,1,1
132,5.458333,right,right,604.852,137.023,21.673011,21.673011,1.000000,0.489244,soft,1,1
133,5.500000,right,right,591.378,111.081,22.328315,22.328315,0.495440,0.403372,proposal,1,1
134,5.541667,right,right,571.941,82.667,34.727140,34.727140,0.303606,0.176610,none,1,1
135,5.583333,left,right,545.042,59.182,36.539219,36.539219,0.686406,0.206697,none,1,1
136,5.625000,left,right,520.205,37.512,37.770433,37.770433,0.607211,0.243011,none,1,1
137,5.666667,left,right,496.152,20.250,56.345392,56.345392,0.455408,0.140721,none,0,0
138,5.708333,left,,,,inf,inf,0.303606,0.091082,none,0,0
139,5.750000,left,,,,inf,inf,0.000000,0.000000,none,0,0
140,5.791667,left,,,,inf,inf,0.000000,0.000000,none,0,0
141,5.833333,left,,,,inf,inf,0.000000,0.000000,none,0,0
142,5.875000,left,,,,inf,inf,0.000000,0.000000,none,0,0
143,5.916667,left,,,,inf,inf,0.000000,0.000000,none,0,0
144,5.958333,left,,,,inf,inf,0.000000,0.000000,none,0,0
145,6.000000,left,,,,inf,inf,0.000000,0.000000,none,0,0
146,6.041667,left,,,,inf,inf,0.000000,0.000000,none,0,0
147,6.083333,left,,,,inf,inf,0.207510,0.000000,none,0,0
148,6.125000,left,,,,inf,inf,0.670908,0.000000,none,0,0
149,6.166667,left,,,,inf,inf,0.358163,0.000000,none,0,0
150,6.208333,left,,,,inf,inf,0.000000,0.000000,none,0,0
151,6.250000,left,,,,inf,inf,0.000000,0.000000,none,0,0
152,6.291667,left,,,,inf,inf,0.000000,0.000000,none,0,0
153,6.333333,left,,,,inf,inf,0.000000,0.000000,none,0,0
154,6.375000,left,,,,inf,inf,0.000000,0.000000,none,0,0
155,6.416667,left,,,,inf,inf,0.000000,0.000000,none,0,0
156,6.458333,left,,,,inf,inf,0.348026,0.000000,none,0,0
157,6.500000,left,,,,inf,inf,0.505706,0.000000,none,0,0
158,6.541667,left,,,,inf,inf,0.189590,0.000000,none,0,0
159,6.583333,left,,,,inf,inf,0.164834,0.000000,none,0,0
160,6.625000,left,,,,inf,inf,0.499855,0.149956,none,0,0
161,6.666667,left,,,,inf,inf,1.000000,0.224935,none,0,0
162,6.708333,left,,,,inf,inf,1.000000,0.299913,proposal,0,0
163,6.750000,left,,,,inf,inf,1.000000,0.225000,none,0,0
164,6.791667,left,,,,inf,inf,1.000000,0.300000,proposal,0,0
165,6.833333,left,,,,inf,inf,0.999036,0.225000,none,0,0
166,6.875000,left,,,,inf,inf,0.500000,0.150000,none,0,0
167,6.916667,left,,,,inf,inf,0.416370,0.000000,none,0,0
168,6.958333,left,,,,inf,inf,0.112832,0.000000,none,0,0
169,7.000000,left,,,,inf,inf,0.000000,0.000000,none,0,0
170,7.041667,left,,,,inf,inf,0.069644,0.000000,none,0,0
171,7.083333,left,,,,inf,inf,0.050628,0.000000,none,0,0
172,7.125000,left,,,,inf,inf,0.065012,0.000000,none,0,0
173,7.166667,left,,,,inf,inf,0.000000,0.000000,none,0,0
174,7.208333,left,,,,inf,inf,0.000000,0.000000,none,0,0
175,7.250000,left,,,,inf,inf,0.023460,0.000000,none,0,0
176,7.291667,left,,,,inf,inf,0.000000,0.000000,none,0,0
177,7.333333,left,grid_08_05,292.964,77.512,235.646038,235.646038,0.000000,0.000000,none,0,0
178,7.375000,left,grid_05_08,331.037,65.924,202.028976,202.028976,0.031672,0.000000,none,0,0
179,7.416667,left,grid_05_08,362.055,69.274,169.613977,169.613977,0.015195,0.000000,none,0,0
180,7.458333,left,grid_05_08,393.239,75.159,137.577632,137.577632,0.000000,0.000000,none,0,0
181,7.500000,left,grid_05_08,424.840,82.840,104.615752,104.615752,0.000000,0.000000,none,0,0
182,7.541667,left,grid_05_08,456.145,95.073,72.754599,72.754599,0.000156,0.000156,none,0,0
183,7.583333,left,grid_08_07,491.116,121.431,32.656393,32.656393,0.106078,0.106078,none,0,0
184,7.625000,left,bottom,521.294,152.513,5.509942,5.509942,1.000000,0.674707,soft,1,1
185,7.666667,right,bottom,538.050,165.684,15.053398,15.053398,1.000000,0.612516,soft,1,1
186,7.708333,right,bottom,545.486,172.720,11.289968,11.289968,0.999202,0.751550,strong,1,1
187,7.750000,right,bottom,551.624,182.656,8.586329,8.586329,0.749402,0.715674,strong,1,1
188,7.791667,right,bottom,555.559,195.227,7.649757,7.649757,0.668826,0.668826,soft,1,1
189,7.833333,right,bottom,557.674,212.131,6.216720,6.216720,0.629035,0.629035,soft,1,1
190,7.875000,right,bottom,558.262,230.737,6.063404,6.063404,0.519664,0.519664,soft,1,0
191,7.916667,right,bottom,559.188,251.288,8.002010,8.002010,0.498251,0.498251,soft,0,0
192,7.958333,right,bottom,562.335,271.409,7.044806,7.044806,0.509449,0.509449,soft,0,0
193,8.000000,right,bottom,568.654,289.585,8.617723,8.617723,0.490444,0.490444,soft,0,0
194,8.041667,right,bottom,577.975,304.817,10.615185,10.615185,0.462213,0.462213,soft,0,0
195,8.083333,right,bottom,586.530,315.910,14.397319,14.397319,0.399430,0.399430,proposal,0,0
196,8.125000,right,bottom,593.373,324.629,16.900122,16.900122,0.465428,0.465428,soft,1,1
197,8.166667,right,bottom,600.118,330.628,18.367994,18.367994,0.557391,0.493990,soft,1,1
198,8.208333,right,bottom,603.541,333.520,20.765675,20.765675,0.743188,0.505679,soft,1,1
199,8.250000,left,bottom,605.680,334.671,21.478875,21.478875,0.557391,0.437095,proposal,1,1
200,8.291667,left,bottom,605.041,334.332,21.982404,21.982404,0.609366,0.443726,proposal,1,1
201,8.333333,left,bottom,601.635,331.638,22.463881,22.463881,0.457024,0.389547,proposal,1,1
202,8.375000,left,bottom,599.251,329.244,23.886262,23.886262,0.319425,0.319425,proposal,1,1
203,8.416667,left,bottom,595.099,326.284,24.044098,24.044098,0.225374,0.225374,none,0,0
204,8.458333,left,bottom,590.188,322.780,25.075958,25.075958,0.208417,0.208417,none,0,0
205,8.500000,right,bottom,586.163,317.168,28.193636,28.193636,0.161297,0.161297,none,0,0
206,8.541667,right,bottom,581.940,313.074,28.428506,28.428506,0.158021,0.158021,none,0,0
207,8.583333,right,bottom,578.362,308.823,29.398930,29.398930,0.144912,0.144912,none,0,0
208,8.625000,right,bottom,576.026,305.529,30.398884,30.398884,0.132138,0.132138,none,0,0
209,8.666667,right,bottom,573.984,302.739,33.267076,33.267076,0.099689,0.099689,none,0,0
210,8.708333,left,left,533.806,285.487,32.076205,32.076205,0.112408,0.112408,none,0,0
211,8.750000,left,left,531.026,290.024,29.404014,29.404014,0.144845,0.144845,none,0,0
212,8.791667,left,left,527.856,298.503,24.595461,24.595461,0.216237,0.216237,none,0,0
213,8.833333,left,left,524.368,309.769,20.885362,20.885362,0.280556,0.280556,proposal,0,0
214,8.875000,left,left,524.649,318.630,20.796567,20.796567,0.282163,0.282163,proposal,1,0
215,8.916667,left,left,525.098,327.260,22.128341,22.128341,0.258337,0.258337,proposal,0,0
216,8.958333,left,bottom,568.157,330.731,22.189424,22.189424,0.257260,0.257260,proposal,0,0
217,9.000000,left,bottom,567.728,339.337,16.802342,16.802342,0.355755,0.355755,proposal,0,0
218,9.041667,left,bottom,569.925,347.134,13.581950,13.581950,0.413742,0.413742,proposal,0,0
219,9.083333,left,bottom,572.622,355.095,11.493680,11.493680,0.448565,0.448565,proposal,0,0
220,9.125000,left,bottom,575.149,360.656,10.086930,10.086930,0.470080,0.470080,soft,0,0
221,9.166667,left,bottom,575.243,365.434,8.636832,8.636832,0.490195,0.490195,soft,0,0
222,9.208333,left,bottom,572.410,368.226,6.917130,6.917130,0.510852,0.510852,soft,0,0
223,9.250000,left,bottom,565.865,367.483,5.856875,5.856875,0.521642,0.521642,soft,0,0
224,9.291667,left,bottom,556.707,364.462,5.196319,5.196319,0.527553,0.527553,soft,0,0
225,9.333333,left,bottom,543.929,357.994,4.676666,4.676666,0.531746,0.531746,soft,0,0
226,9.375000,left,bottom,528.919,345.840,4.272765,4.272765,0.534721,0.534721,soft,0,0
227,9.416667,left,bottom,511.769,327.207,1.790888,1.790888,0.846113,0.547284,soft,1,1
228,9.458333,left,bottom,496.115,300.484,5.413584,5.413584,0.975512,0.525679,soft,1,1
229,9.500000,left,bottom,484.622,271.043,8.853770,8.853770,0.629866,0.487333,soft,0,0
230,9.541667,left,bottom,480.059,234.259,16.485006,16.485006,0.361601,0.361601,proposal,0,0
231,9.583333,left,bottom,478.742,202.142,23.459931,23.459931,0.382848,0.235235,none,0,0
232,9.625000,left,bottom,478.061,175.021,31.864712,31.864712,0.278651,0.114779,none,0,0
233,9.666667,left,bottom,480.798,150.468,41.776046,41.776046,0.262547,0.037213,none,0,0
234,9.708333,right,left,453.732,95.408,90.298605,90.298605,0.270088,0.000002,none,0,0
235,9.750000,right,left,458.012,78.630,105.601063,105.601063,0.244257,0.000000,none,0,0
236,9.791667,left,left,461.877,67.871,114.326067,114.326067,0.220082,0.000000,none,0,0
237,9.833333,left,left,465.244,61.245,118.254899,118.254899,0.220534,0.000000,none,0,0
238,9.875000,left,left,469.615,60.003,117.236595,117.236595,0.238676,0.000000,none,0,0
239,9.916667,left,left,474.293,62.815,113.000066,113.000066,0.053975,0.000000,none,0,0
240,9.958333,left,left,480.512,71.263,102.636925,102.636925,0.000000,0.000000,none,0,0
