frame,time,tx,ty,tz,qw,qx,qy,qz,radius_m,source,generic_solve_attempt_id
1,0.0,-0.172911654,-0.871856745,4.667910594,1.0,0.0,0.0,0.0,0.105,generic_sequence_executor,generic-solve-cdcb0ce16742
2,0.041667,-0.168726630,-0.866946373,4.659931069,1.0,0.0,0.0,0.0,0.105,generic_sequence_executor,generic-solve-cdcb0ce16742
3,0.083333,-0.163770362,-0.854791961,4.642083619,1.0,0.0,0.0,0.0,0.105,generic_sequence_executor,generic-solve-cdcb0ce16742
4,0.125,-0.173044657,-0.967701051,4.621084826,1.0,0.0,0.0,0.0,0.105,generic_sequence_executor,generic-solve-cdcb0ce16742
5,0.166667,-0.174409453,-0.952455419,4.602798938,1.0,0.0,0.0,0.0,0.105,generic_sequence_executor,generic-solve-cdcb0ce16742
6,0.208333,-0.174247797,-0.925225109,4.586639785,1.0,0.0,0.0,0.0,0.105,generic_sequence_executor,generic-solve-cdcb0ce16742
7,0.25,-0.175636748,-0.887255654,4.574670520,1.0,0.0,0.0,0.0,0.105,generic_sequence_executor,generic-solve-cdcb0ce16742
8,0.291667,-0.175962826,-0.837620691,4.569704756,1.0,0.0,0.0,0.0,0.105,generic_sequence_executor,generic-solve-cdcb0ce16742
9,0.333333,-0.176220501,-0.786029707,4.575104308,1.0,0.0,0.0,0.0,0.105,generic_sequence_executor,generic-solve-cdcb0ce16742
10,0.375,-0.172159336,-0.735662805,4.594950299,1.0,0.0,0.0,0.0,0.105,generic_sequence_executor,generic-solve-cdcb0ce16742
11,0.416667,-0.203739023,-0.754402232,4.632460597,1.0,0.0,0.0,0.0,0.105,generic_sequence_executor,generic-solve-cdcb0ce16742
12,0.458333,-0.233302988,-0.807747452,4.609628635,1.0,0.0,0.0,0.0,0.105,generic_sequence_executor,generic-solve-cdcb0ce16742
13,0.5,-0.260405277,-0.855115742,4.618430999,1.0,0.0,0.0,0.0,0.105,generic_sequence_executor,generic-solve-cdcb0ce16742
14,0.541667,-0.275320245,-0.889422595,4.636341421,1.0,0.0,0.0,0.0,0.105,generic_sequence_executor,generic-solve-cdcb0ce16742
15,0.583333,-0.267578685,-0.915016400,4.633362534,1.0,0.0,0.0,0.0,0.105,generic_sequence_executor,generic-solve-cdcb0ce16742
16,0.625,-0.282617299,-1.100395629,4.629012196,1.0,0.0,0.0,0.0,0.105,generic_sequence_executor,generic-solve-cdcb0ce16742
17,0.666667,-0.275211016,-1.127495348,4.628873776,1.0,0.0,0.0,0.0,0.105,generic_sequence_executor,generic-solve-cdcb0ce16742
18,0.708333,-0.269822145,-1.189381165,4.627968953,1.0,0.0,0.0,0.0,0.105,generic_sequence_executor,generic-solve-cdcb0ce16742
19,0.75,-0.264095191,-1.219160586,4.627185981,1.0,0.0,0.0,0.0,0.105,generic_sequence_executor,generic-solve-cdcb0ce16742
20,0.791667,-0.258216661,-1.239224818,4.625563941,1.0,0.0,0.0,0.0,0.105,generic_sequence_executor,generic-solve-cdcb0ce16742
21,0.833333,-0.252176041,-1.249705418,4.622854957,1.0,0.0,0.0,0.0,0.105,generic_sequence_executor,generic-solve-cdcb0ce16742
22,0.875,-0.245978208,-1.250570614,4.619014974,1.0,0.0,0.0,0.0,0.105,generic_sequence_executor,generic-solve-cdcb0ce16742
23,0.916667,-0.239631055,-1.241890678,4.614226245,1.0,0.0,0.0,0.0,0.105,generic_sequence_executor,generic-solve-cdcb0ce16742
24,0.958333,-0.233170666,-1.223821217,4.608936919,1.0,0.0,0.0,0.0,0.105,generic_sequence_executor,generic-solve-cdcb0ce16742
25,1.0,-0.226631134,-1.196600629,4.603894651,1.0,0.0,0.0,0.0,0.105,generic_sequence_executor,generic-solve-cdcb0ce16742
26,1.041667,-0.220041009,-1.160417157,4.600155056,1.0,0.0,0.0,0.0,0.105,generic_sequence_executor,generic-solve-cdcb0ce16742
27,1.083333,-0.208652303,-1.105000081,4.599288755,1.0,0.0,0.0,0.0,0.105,generic_sequence_executor,generic-solve-cdcb0ce16742
28,1.125,-0.203753946,-1.074439558,4.601678406,1.0,0.0,0.0,0.0,0.105,generic_sequence_executor,generic-solve-cdcb0ce16742
29,1.166667,-0.199500450,-1.024940543,4.608968110,1.0,0.0,0.0,0.0,0.105,generic_sequence_executor,generic-solve-cdcb0ce16742
30,1.208333,-0.196016342,-0.934713923,4.620799659,1.0,0.0,0.0,0.0,0.105,generic_sequence_executor,generic-solve-cdcb0ce16742
31,1.25,-0.192418039,-0.830192624,4.633606201,1.0,0.0,0.0,0.0,0.105,generic_sequence_executor,generic-solve-cdcb0ce16742
32,1.291667,-0.187646420,-0.720272194,4.641533539,1.0,0.0,0.0,0.0,0.105,generic_sequence_executor,generic-solve-cdcb0ce16742
33,1.333333,-0.161753094,-0.647530616,4.635791252,1.0,0.0,0.0,0.0,0.105,generic_sequence_executor,generic-solve-cdcb0ce16742
34,1.375,-0.181257642,-0.702166386,4.604807677,1.0,0.0,0.0,0.0,0.105,generic_sequence_executor,generic-solve-cdcb0ce16742
35,1.416667,-0.207954612,-0.757581396,4.576626288,1.0,0.0,0.0,0.0,0.105,generic_sequence_executor,generic-solve-cdcb0ce16742
36,1.458333,-0.213381673,-0.882137796,4.559573758,1.0,0.0,0.0,0.0,0.105,generic_sequence_executor,generic-solve-cdcb0ce16742
37,1.5,-0.225899429,-0.977067340,4.551519655,1.0,0.0,0.0,0.0,0.105,generic_sequence_executor,generic-solve-cdcb0ce16742
38,1.541667,-0.235668630,-1.036813881,4.549263289,1.0,0.0,0.0,0.0,0.105,generic_sequence_executor,generic-solve-cdcb0ce16742
39,1.583333,-0.239183955,-1.068540725,4.549918484,1.0,0.0,0.0,0.0,0.105,generic_sequence_executor,generic-solve-cdcb0ce16742
40,1.625,-0.240616133,-1.087742689,4.551032530,1.0,0.0,0.0,0.0,0.105,generic_sequence_executor,generic-solve-cdcb0ce16742
41,1.666667,-0.246216594,-1.098945326,4.550993598,1.0,0.0,0.0,0.0,0.105,generic_sequence_executor,generic-solve-cdcb0ce16742
42,1.708333,-0.245835507,-1.102238141,4.548923307,1.0,0.0,0.0,0.0,0.105,generic_sequence_executor,generic-solve-cdcb0ce16742
43,1.75,-0.246674307,-1.098953522,4.544407525,1.0,0.0,0.0,0.0,0.105,generic_sequence_executor,generic-solve-cdcb0ce16742
44,1.791667,-0.247471497,-1.089052656,4.537615948,1.0,0.0,0.0,0.0,0.105,generic_sequence_executor,generic-solve-cdcb0ce16742
45,1.833333,-0.247216386,-1.070191709,4.529287485,1.0,0.0,0.0,0.0,0.105,generic_sequence_executor,generic-solve-cdcb0ce16742
46,1.875,-0.250600622,-1.042327012,4.520625042,1.0,0.0,0.0,0.0,0.105,generic_sequence_executor,generic-solve-cdcb0ce16742
47,1.916667,-0.254883415,-0.998102572,4.513563651,1.0,0.0,0.0,0.0,0.105,generic_sequence_executor,generic-solve-cdcb0ce16742
48,1.958333,-0.257710830,-0.912671455,4.510962166,1.0,0.0,0.0,0.0,0.105,generic_sequence_executor,generic-solve-cdcb0ce16742
49,2.0,-0.207719724,-0.680063090,4.517937974,1.0,0.0,0.0,0.0,0.105,generic_sequence_executor,generic-solve-cdcb0ce16742
50,2.041667,-0.218748653,-0.678596967,4.531069800,1.0,0.0,0.0,0.0,0.105,generic_sequence_executor,generic-solve-cdcb0ce16742
51,2.083333,-0.220374181,-0.673531228,4.541813756,1.0,0.0,0.0,0.0,0.105,generic_sequence_executor,generic-solve-cdcb0ce16742
52,2.125,-0.256968604,-0.888416864,4.546119663,1.0,0.0,0.0,0.0,0.105,generic_sequence_executor,generic-solve-cdcb0ce16742
53,2.166667,-0.250867972,-0.949347202,4.551024242,1.0,0.0,0.0,0.0,0.105,generic_sequence_executor,generic-solve-cdcb0ce16742
54,2.208333,-0.243431339,-0.998071376,4.554491972,1.0,0.0,0.0,0.0,0.105,generic_sequence_executor,generic-solve-cdcb0ce16742
55,2.25,-0.238681600,-1.026763982,4.557206175,1.0,0.0,0.0,0.0,0.105,generic_sequence_executor,generic-solve-cdcb0ce16742
56,2.291667,-0.233030255,-1.038547621,4.559474959,1.0,0.0,0.0,0.0,0.105,generic_sequence_executor,generic-solve-cdcb0ce16742
57,2.333333,-0.226839281,-1.042842156,4.561269274,1.0,0.0,0.0,0.0,0.105,generic_sequence_executor,generic-solve-cdcb0ce16742
58,2.375,-0.220910683,-1.038943138,4.562613832,1.0,0.0,0.0,0.0,0.105,generic_sequence_executor,generic-solve-cdcb0ce16742
59,2.416667,-0.215335971,-1.027049807,4.563465150,1.0,0.0,0.0,0.0,0.105,generic_sequence_executor,generic-solve-cdcb0ce16742
60,2.458333,-0.207993579,-1.002483501,4.563901510,1.0,0.0,0.0,0.0,0.105,generic_sequence_executor,generic-solve-cdcb0ce16742
61,2.5,-0.205385531,-0.955170814,4.564152363,1.0,0.0,0.0,0.0,0.105,generic_sequence_executor,generic-solve-cdcb0ce16742
62,2.541667,-0.200540983,-0.897103102,4.564174239,1.0,0.0,0.0,0.0,0.105,generic_sequence_executor,generic-solve-cdcb0ce16742
63,2.583333,-0.196657224,-0.824791880,4.564345911,1.0,0.0,0.0,0.0,0.105,generic_sequence_executor,generic-solve-cdcb0ce16742
64,2.625,-0.191728277,-0.746912034,4.565044578,1.0,0.0,0.0,0.0,0.105,generic_sequence_executor,generic-solve-cdcb0ce16742
65,2.666667,-0.178893967,-0.663373789,4.567020655,1.0,0.0,0.0,0.0,0.105,generic_sequence_executor,generic-solve-cdcb0ce16742
66,2.708333,-0.198791448,-0.688303156,4.569482364,1.0,0.0,0.0,0.0,0.105,generic_sequence_executor,generic-solve-cdcb0ce16742
67,2.75,-0.222187327,-0.724818362,4.571308166,1.0,0.0,0.0,0.0,0.105,generic_sequence_executor,generic-solve-cdcb0ce16742
68,2.791667,-0.229527206,-0.836953108,4.572153218,1.0,0.0,0.0,0.0,0.105,generic_sequence_executor,generic-solve-cdcb0ce16742
69,2.833333,-0.244033438,-0.931979817,4.573200574,1.0,0.0,0.0,0.0,0.105,generic_sequence_executor,generic-solve-cdcb0ce16742
70,2.875,-0.242885193,-1.023423866,4.574140582,1.0,0.0,0.0,0.0,0.105,generic_sequence_executor,generic-solve-cdcb0ce16742
71,2.916667,-0.235014661,-1.071221397,4.575608662,1.0,0.0,0.0,0.0,0.105,generic_sequence_executor,generic-solve-cdcb0ce16742
72,2.958333,-0.226329480,-1.102308786,4.576990494,1.0,0.0,0.0,0.0,0.105,generic_sequence_executor,generic-solve-cdcb0ce16742
73,3.0,-0.229389561,-1.147849784,4.577612826,1.0,0.0,0.0,0.0,0.105,generic_sequence_executor,generic-solve-cdcb0ce16742
74,3.041667,-0.226928639,-1.185044216,4.578082131,1.0,0.0,0.0,0.0,0.105,generic_sequence_executor,generic-solve-cdcb0ce16742
75,3.083333,-0.224249308,-1.215782044,4.578401066,1.0,0.0,0.0,0.0,0.105,generic_sequence_executor,generic-solve-cdcb0ce16742
76,3.125,-0.221386355,-1.240122144,4.578637929,1.0,0.0,0.0,0.0,0.105,generic_sequence_executor,generic-solve-cdcb0ce16742
77,3.166667,-0.218338472,-1.258075303,4.578859483,1.0,0.0,0.0,0.0,0.105,generic_sequence_executor,generic-solve-cdcb0ce16742
78,3.208333,-0.215107340,-1.269647534,4.579102618,1.0,0.0,0.0,0.0,0.105,generic_sequence_executor,generic-solve-cdcb0ce16742
79,3.25,-0.211689277,-1.274840916,4.579355710,1.0,0.0,0.0,0.0,0.105,generic_sequence_executor,generic-solve-cdcb0ce16742
80,3.291667,-0.208087706,-1.273631749,4.579559129,1.0,0.0,0.0,0.0,0.105,generic_sequence_executor,generic-solve-cdcb0ce16742
81,3.333333,-0.204296016,-1.266002859,4.579631647,1.0,0.0,0.0,0.0,0.105,generic_sequence_executor,generic-solve-cdcb0ce16742
82,3.375,-0.200311377,-1.251928951,4.579502246,1.0,0.0,0.0,0.0,0.105,generic_sequence_executor,generic-solve-cdcb0ce16742
83,3.416667,-0.196129737,-1.231406467,4.579135963,1.0,0.0,0.0,0.0,0.105,generic_sequence_executor,generic-solve-cdcb0ce16742
84,3.458333,-0.191758242,-1.204482810,4.578566509,1.0,0.0,0.0,0.0,0.105,generic_sequence_executor,generic-solve-cdcb0ce16742
85,3.5,-0.187206546,-1.170964249,4.577938191,1.0,0.0,0.0,0.0,0.105,generic_sequence_executor,generic-solve-cdcb0ce16742
86,3.541667,-0.183767523,-1.103272742,4.578165803,1.0,0.0,0.0,0.0,0.105,generic_sequence_executor,generic-solve-cdcb0ce16742
87,3.583333,-0.176173198,-1.077373858,4.577968536,1.0,0.0,0.0,0.0,0.105,generic_sequence_executor,generic-solve-cdcb0ce16742
88,3.625,-0.169326244,-1.043884284,4.578840536,1.0,0.0,0.0,0.0,0.105,generic_sequence_executor,generic-solve-cdcb0ce16742
89,3.666667,-0.167552228,-0.989497341,4.581589889,1.0,0.0,0.0,0.0,0.105,generic_sequence_executor,generic-solve-cdcb0ce16742
90,3.708333,-0.164881129,-0.914176087,4.586549461,1.0,0.0,0.0,0.0,0.105,generic_sequence_executor,generic-solve-cdcb0ce16742
91,3.75,-0.163270219,-0.832540656,4.593148087,1.0,0.0,0.0,0.0,0.105,generic_sequence_executor,generic-solve-cdcb0ce16742
92,3.791667,-0.158994876,-0.748691672,4.600073524,1.0,0.0,0.0,0.0,0.105,generic_sequence_executor,generic-solve-cdcb0ce16742
93,3.833333,-0.150126663,-0.676324955,4.604745060,1.0,0.0,0.0,0.0,0.105,generic_sequence_executor,generic-solve-cdcb0ce16742
94,3.875,-0.149115547,-0.639950262,4.603350766,1.0,0.0,0.0,0.0,0.105,generic_sequence_executor,generic-solve-cdcb0ce16742
95,3.916667,-0.165519668,-0.667815039,4.591259777,1.0,0.0,0.0,0.0,0.105,generic_sequence_executor,generic-solve-cdcb0ce16742
96,3.958333,-0.182927370,-0.708406719,4.570838662,1.0,0.0,0.0,0.0,0.105,generic_sequence_executor,generic-solve-cdcb0ce16742
97,4.0,-0.183896796,-0.779718396,4.560346419,1.0,0.0,0.0,0.0,0.105,generic_sequence_executor,generic-solve-cdcb0ce16742
98,4.041667,-0.206414015,-0.852924830,4.557122111,1.0,0.0,0.0,0.0,0.105,generic_sequence_executor,generic-solve-cdcb0ce16742
99,4.083333,-0.216407598,-0.928869039,4.558587578,1.0,0.0,0.0,0.0,0.105,generic_sequence_executor,generic-solve-cdcb0ce16742
100,4.125,-0.219860215,-1.000450472,4.562681452,1.0,0.0,0.0,0.0,0.105,generic_sequence_executor,generic-solve-cdcb0ce16742
101,4.166667,-0.220326359,-1.047463852,4.568136893,1.0,0.0,0.0,0.0,0.105,generic_sequence_executor,generic-solve-cdcb0ce16742
102,4.208333,-0.221111384,-1.073843567,4.573746746,1.0,0.0,0.0,0.0,0.105,generic_sequence_executor,generic-solve-cdcb0ce16742
103,4.25,-0.222433320,-1.092132248,4.578590071,1.0,0.0,0.0,0.0,0.105,generic_sequence_executor,generic-solve-cdcb0ce16742
104,4.291667,-0.219807220,-1.103979054,4.582328471,1.0,0.0,0.0,0.0,0.105,generic_sequence_executor,generic-solve-cdcb0ce16742
105,4.333333,-0.221054018,-1.108742939,4.584857162,1.0,0.0,0.0,0.0,0.105,generic_sequence_executor,generic-solve-cdcb0ce16742
106,4.375,-0.220331493,-1.108610802,4.586171048,1.0,0.0,0.0,0.0,0.105,generic_sequence_executor,generic-solve-cdcb0ce16742
107,4.416667,-0.218396000,-1.103545759,4.586341910,1.0,0.0,0.0,0.0,0.105,generic_sequence_executor,generic-solve-cdcb0ce16742
108,4.458333,-0.219714143,-1.091408017,4.585496021,1.0,0.0,0.0,0.0,0.105,generic_sequence_executor,generic-solve-cdcb0ce16742
109,4.5,-0.219319998,-1.074346488,4.583730015,1.0,0.0,0.0,0.0,0.105,generic_sequence_executor,generic-solve-cdcb0ce16742
110,4.541667,-0.218716157,-1.048489457,4.581330846,1.0,0.0,0.0,0.0,0.105,generic_sequence_executor,generic-solve-cdcb0ce16742
111,4.583333,-0.219116211,-1.002679851,4.578889602,1.0,0.0,0.0,0.0,0.105,generic_sequence_executor,generic-solve-cdcb0ce16742
112,4.625,-0.219580651,-0.927421102,4.577195468,1.0,0.0,0.0,0.0,0.105,generic_sequence_executor,generic-solve-cdcb0ce16742
113,4.666667,-0.219533707,-0.840733517,4.576787396,1.0,0.0,0.0,0.0,0.105,generic_sequence_executor,generic-solve-cdcb0ce16742
114,4.708333,-0.193821401,-0.623772507,4.581025925,1.0,0.0,0.0,0.0,0.105,generic_sequence_executor,generic-solve-cdcb0ce16742
115,4.75,-0.205925974,-0.632262680,4.585828808,1.0,0.0,0.0,0.0,0.105,generic_sequence_executor,generic-solve-cdcb0ce16742
116,4.791667,-0.213141200,-0.650792623,4.592894203,1.0,0.0,0.0,0.0,0.105,generic_sequence_executor,generic-solve-cdcb0ce16742
117,4.833333,-0.224593105,-0.764920404,4.596428679,1.0,0.0,0.0,0.0,0.105,generic_sequence_executor,generic-solve-cdcb0ce16742
118,4.875,-0.223652619,-0.835127510,4.598695559,1.0,0.0,0.0,0.0,0.105,generic_sequence_executor,generic-solve-cdcb0ce16742
119,4.916667,-0.220321021,-0.902472225,4.599207729,1.0,0.0,0.0,0.0,0.105,generic_sequence_executor,generic-solve-cdcb0ce16742
120,4.958333,-0.216136015,-0.955716948,4.598147261,1.0,0.0,0.0,0.0,0.105,generic_sequence_executor,generic-solve-cdcb0ce16742
121,5.0,-0.210640140,-0.996763670,4.595235075,1.0,0.0,0.0,0.0,0.105,generic_sequence_executor,generic-solve-cdcb0ce16742
122,5.041667,-0.205019960,-1.022036685,4.590240422,1.0,0.0,0.0,0.0,0.105,generic_sequence_executor,generic-solve-cdcb0ce16742
123,5.083333,-0.199891202,-1.030937162,4.582951922,1.0,0.0,0.0,0.0,0.105,generic_sequence_executor,generic-solve-cdcb0ce16742
124,5.125,-0.194605740,-1.030008121,4.573284157,1.0,0.0,0.0,0.0,0.105,generic_sequence_executor,generic-solve-cdcb0ce16742
125,5.166667,-0.189128222,-1.021602517,4.561731356,1.0,0.0,0.0,0.0,0.105,generic_sequence_executor,generic-solve-cdcb0ce16742
126,5.208333,-0.183393154,-0.998822214,4.549719801,1.0,0.0,0.0,0.0,0.105,generic_sequence_executor,generic-solve-cdcb0ce16742
127,5.25,-0.178751926,-0.959908279,4.539545773,1.0,0.0,0.0,0.0,0.105,generic_sequence_executor,generic-solve-cdcb0ce16742
128,5.291667,-0.173544292,-0.907656300,4.534569236,1.0,0.0,0.0,0.0,0.105,generic_sequence_executor,generic-solve-cdcb0ce16742
129,5.333333,-0.169697040,-0.846135892,4.539332261,1.0,0.0,0.0,0.0,0.105,generic_sequence_executor,generic-solve-cdcb0ce16742
130,5.375,-0.156835959,-0.697006805,4.561026229,1.0,0.0,0.0,0.0,0.105,generic_sequence_executor,generic-solve-cdcb0ce16742
131,5.416667,-0.183844243,-0.718717893,4.602051100,1.0,0.0,0.0,0.0,0.105,generic_sequence_executor,generic-solve-cdcb0ce16742
132,5.458333,-0.212620731,-0.752108759,4.609145989,1.0,0.0,0.0,0.0,0.105,generic_sequence_executor,generic-solve-cdcb0ce16742
133,5.5,-0.228661623,-0.831248415,4.607168908,1.0,0.0,0.0,0.0,0.105,generic_sequence_executor,generic-solve-cdcb0ce16742
134,5.541667,-0.285365522,-0.923370256,4.600399795,1.0,0.0,0.0,0.0,0.105,generic_sequence_executor,generic-solve-cdcb0ce16742
135,5.583333,-0.351334041,-1.006655888,4.592422047,1.0,0.0,0.0,0.0,0.105,generic_sequence_executor,generic-solve-cdcb0ce16742
136,5.625,-0.415677177,-1.055993944,4.585805363,1.0,0.0,0.0,0.0,0.105,generic_sequence_executor,generic-solve-cdcb0ce16742
137,5.666667,-0.477493541,-1.083487577,4.581318214,1.0,0.0,0.0,0.0,0.105,generic_sequence_executor,generic-solve-cdcb0ce16742
138,5.708333,-0.537526208,-1.103940979,4.578806779,1.0,0.0,0.0,0.0,0.105,generic_sequence_executor,generic-solve-cdcb0ce16742
139,5.75,-0.594505571,-1.119916767,4.577850851,1.0,0.0,0.0,0.0,0.105,generic_sequence_executor,generic-solve-cdcb0ce16742
140,5.791667,-0.663562935,-1.118336146,4.578060796,1.0,0.0,0.0,0.0,0.105,generic_sequence_executor,generic-solve-cdcb0ce16742
141,5.833333,-0.732710847,-1.116818516,4.578676536,1.0,0.0,0.0,0.0,0.105,generic_sequence_executor,generic-solve-cdcb0ce16742
142,5.875,-0.801883122,-1.115319913,4.579333711,1.0,0.0,0.0,0.0,0.105,generic_sequence_executor,generic-solve-cdcb0ce16742
143,5.916667,-0.871034770,-1.113770069,4.579794899,1.0,0.0,0.0,0.0,0.105,generic_sequence_executor,generic-solve-cdcb0ce16742
144,5.958333,-0.940134875,-1.112152724,4.579931055,1.0,0.0,0.0,0.0,0.105,generic_sequence_executor,generic-solve-cdcb0ce16742
145,6.0,-1.009150342,-1.110413809,4.579694226,1.0,0.0,0.0,0.0,0.105,generic_sequence_executor,generic-solve-cdcb0ce16742
146,6.041667,-1.074596827,-1.092344423,4.579479596,1.0,0.0,0.0,0.0,0.105,generic_sequence_executor,generic-solve-cdcb0ce16742
147,6.083333,-1.143327362,-1.066794237,4.579024870,1.0,0.0,0.0,0.0,0.105,generic_sequence_executor,generic-solve-cdcb0ce16742
148,6.125,-1.212953503,-1.033129318,4.578412776,1.0,0.0,0.0,0.0,0.105,generic_sequence_executor,generic-solve-cdcb0ce16742
149,6.166667,-1.289995854,-0.962563652,4.578173240,1.0,0.0,0.0,0.0,0.105,generic_sequence_executor,generic-solve-cdcb0ce16742
150,6.208333,-1.366818865,-0.878142277,4.578037195,1.0,0.0,0.0,0.0,0.105,generic_sequence_executor,generic-solve-cdcb0ce16742
151,6.25,-1.443738462,-0.785464498,4.577929883,1.0,0.0,0.0,0.0,0.105,generic_sequence_executor,generic-solve-cdcb0ce16742
152,6.291667,-1.523887322,-0.682256073,4.577860218,1.0,0.0,0.0,0.0,0.105,generic_sequence_executor,generic-solve-cdcb0ce16742
153,6.333333,-1.603496445,-0.567108032,4.577926716,1.0,0.0,0.0,0.0,0.105,generic_sequence_executor,generic-solve-cdcb0ce16742
154,6.375,-1.685768345,-0.445401621,4.577899433,1.0,0.0,0.0,0.0,0.105,generic_sequence_executor,generic-solve-cdcb0ce16742
155,6.416667,-1.767388727,-0.316690365,4.577600446,1.0,0.0,0.0,0.0,0.105,generic_sequence_executor,generic-solve-cdcb0ce16742
156,6.458333,-1.853627277,-0.173121243,4.576552425,1.0,0.0,0.0,0.0,0.105,generic_sequence_executor,generic-solve-cdcb0ce16742
157,6.5,-1.916834489,-0.024585693,4.574893618,1.0,0.0,0.0,0.0,0.105,generic_sequence_executor,generic-solve-cdcb0ce16742
158,6.541667,-1.958600679,0.137364244,4.572141872,1.0,0.0,0.0,0.0,0.105,generic_sequence_executor,generic-solve-cdcb0ce16742
159,6.583333,-1.986544732,0.300109964,4.567851686,1.0,0.0,0.0,0.0,0.105,generic_sequence_executor,generic-solve-cdcb0ce16742
160,6.625,-2.009202435,0.477965980,4.561886274,1.0,0.0,0.0,0.0,0.105,generic_sequence_executor,generic-solve-cdcb0ce16742
161,6.666667,-2.020203436,0.671480331,4.555245483,1.0,0.0,0.0,0.0,0.105,generic_sequence_executor,generic-solve-cdcb0ce16742
162,6.708333,-2.020371826,0.877553980,4.549687057,1.0,0.0,0.0,0.0,0.105,generic_sequence_executor,generic-solve-cdcb0ce16742
163,6.75,-2.013689712,0.424115554,4.554364811,1.0,0.0,0.0,0.0,0.105,generic_sequence_executor,generic-solve-cdcb0ce16742
164,6.791667,-1.983236512,0.178286914,4.560550429,1.0,0.0,0.0,0.0,0.105,generic_sequence_executor,generic-solve-cdcb0ce16742
165,6.833333,-1.958842350,0.037933222,4.565722091,1.0,0.0,0.0,0.0,0.105,generic_sequence_executor,generic-solve-cdcb0ce16742
166,6.875,-1.924387488,-0.100838437,4.569548260,1.0,0.0,0.0,0.0,0.105,generic_sequence_executor,generic-solve-cdcb0ce16742
167,6.916667,-1.881316698,-0.228214378,4.571800911,1.0,0.0,0.0,0.0,0.105,generic_sequence_executor,generic-solve-cdcb0ce16742
168,6.958333,-1.812963557,-0.343751676,4.573123169,1.0,0.0,0.0,0.0,0.105,generic_sequence_executor,generic-solve-cdcb0ce16742
169,7.0,-1.734709364,-0.455568018,4.573503398,1.0,0.0,0.0,0.0,0.105,generic_sequence_executor,generic-solve-cdcb0ce16742
170,7.041667,-1.655116306,-0.555690763,4.573252571,1.0,0.0,0.0,0.0,0.105,generic_sequence_executor,generic-solve-cdcb0ce16742
171,7.083333,-1.572303407,-0.640947240,4.572761823,1.0,0.0,0.0,0.0,0.105,generic_sequence_executor,generic-solve-cdcb0ce16742
172,7.125,-1.490710673,-0.716536730,4.571959985,1.0,0.0,0.0,0.0,0.105,generic_sequence_executor,generic-solve-cdcb0ce16742
173,7.166667,-1.408664195,-0.776278353,4.570880179,1.0,0.0,0.0,0.0,0.105,generic_sequence_executor,generic-solve-cdcb0ce16742
174,7.208333,-1.324617261,-0.826218651,4.569386455,1.0,0.0,0.0,0.0,0.105,generic_sequence_executor,generic-solve-cdcb0ce16742
175,7.25,-1.238812410,-0.867118919,4.567483368,1.0,0.0,0.0,0.0,0.105,generic_sequence_executor,generic-solve-cdcb0ce16742
176,7.291667,-1.152599857,-0.892685860,4.565458658,1.0,0.0,0.0,0.0,0.105,generic_sequence_executor,generic-solve-cdcb0ce16742
177,7.333333,-1.067753845,-0.910131984,4.563629732,1.0,0.0,0.0,0.0,0.105,generic_sequence_executor,generic-solve-cdcb0ce16742
178,7.375,-0.977889747,-0.917381596,4.562900295,1.0,0.0,0.0,0.0,0.105,generic_sequence_executor,generic-solve-cdcb0ce16742
179,7.416667,-0.887288873,-0.912194909,4.564284116,1.0,0.0,0.0,0.0,0.105,generic_sequence_executor,generic-solve-cdcb0ce16742
180,7.458333,-0.797266699,-0.896121173,4.568915855,1.0,0.0,0.0,0.0,0.105,generic_sequence_executor,generic-solve-cdcb0ce16742
181,7.5,-0.705869080,-0.869713363,4.577528647,1.0,0.0,0.0,0.0,0.105,generic_sequence_executor,generic-solve-cdcb0ce16742
182,7.541667,-0.611228649,-0.832231986,4.589644456,1.0,0.0,0.0,0.0,0.105,generic_sequence_executor,generic-solve-cdcb0ce16742
183,7.583333,-0.512391408,-0.794290719,4.602673286,1.0,0.0,0.0,0.0,0.105,generic_sequence_executor,generic-solve-cdcb0ce16742
184,7.625,-0.410298098,-0.743076982,4.612148439,1.0,0.0,0.0,0.0,0.105,generic_sequence_executor,generic-solve-cdcb0ce16742
185,7.666667,-0.303137096,-0.700522984,4.610989284,1.0,0.0,0.0,0.0,0.105,generic_sequence_executor,generic-solve-cdcb0ce16742
186,7.708333,-0.290601454,-0.680036645,4.590075663,1.0,0.0,0.0,0.0,0.105,generic_sequence_executor,generic-solve-cdcb0ce16742
187,7.75,-0.282009471,-0.645464693,4.574165223,1.0,0.0,0.0,0.0,0.105,generic_sequence_executor,generic-solve-cdcb0ce16742
188,7.791667,-0.296012706,-0.600902193,4.562308124,1.0,0.0,0.0,0.0,0.105,generic_sequence_executor,generic-solve-cdcb0ce16742
189,7.833333,-0.293486246,-0.545957129,4.554335559,1.0,0.0,0.0,0.0,0.105,generic_sequence_executor,generic-solve-cdcb0ce16742
190,7.875,-0.298360132,-0.485255018,4.549518080,1.0,0.0,0.0,0.0,0.105,generic_sequence_executor,generic-solve-cdcb0ce16742
191,7.916667,-0.305939468,-0.417656092,4.547182959,1.0,0.0,0.0,0.0,0.105,generic_sequence_executor,generic-solve-cdcb0ce16742
192,7.958333,-0.303348766,-0.350725658,4.546598737,1.0,0.0,0.0,0.0,0.105,generic_sequence_executor,generic-solve-cdcb0ce16742
193,8.0,-0.291425997,-0.289213102,4.547097382,1.0,0.0,0.0,0.0,0.105,generic_sequence_executor,generic-solve-cdcb0ce16742
194,8.041667,-0.269353097,-0.235022587,4.548167696,1.0,0.0,0.0,0.0,0.105,generic_sequence_executor,generic-solve-cdcb0ce16742
195,8.083333,-0.247280880,-0.190285312,4.549391868,1.0,0.0,0.0,0.0,0.105,generic_sequence_executor,generic-solve-cdcb0ce16742
196,8.125,-0.225668990,-0.158041390,4.550514188,1.0,0.0,0.0,0.0,0.105,generic_sequence_executor,generic-solve-cdcb0ce16742
197,8.166667,-0.208608999,-0.137664862,4.551391881,1.0,0.0,0.0,0.0,0.105,generic_sequence_executor,generic-solve-cdcb0ce16742
198,8.208333,-0.200288579,-0.121095044,4.551991795,1.0,0.0,0.0,0.0,0.105,generic_sequence_executor,generic-solve-cdcb0ce16742
199,8.25,-0.195188232,-0.114612501,4.552330530,1.0,0.0,0.0,0.0,0.105,generic_sequence_executor,generic-solve-cdcb0ce16742
200,8.291667,-0.196871636,-0.114238035,4.552459887,1.0,0.0,0.0,0.0,0.105,generic_sequence_executor,generic-solve-cdcb0ce16742
201,8.333333,-0.203122885,-0.118506714,4.552456962,1.0,0.0,0.0,0.0,0.105,generic_sequence_executor,generic-solve-cdcb0ce16742
202,8.375,-0.211938595,-0.127594658,4.552395675,1.0,0.0,0.0,0.0,0.105,generic_sequence_executor,generic-solve-cdcb0ce16742
203,8.416667,-0.224235805,-0.142828746,4.552319073,1.0,0.0,0.0,0.0,0.105,generic_sequence_executor,generic-solve-cdcb0ce16742
204,8.458333,-0.236955097,-0.159214876,4.552267458,1.0,0.0,0.0,0.0,0.105,generic_sequence_executor,generic-solve-cdcb0ce16742
205,8.5,-0.248828783,-0.181088612,4.552227300,1.0,0.0,0.0,0.0,0.105,generic_sequence_executor,generic-solve-cdcb0ce16742
206,8.541667,-0.258864118,-0.194058825,4.552234181,1.0,0.0,0.0,0.0,0.105,generic_sequence_executor,generic-solve-cdcb0ce16742
207,8.583333,-0.264104871,-0.216047969,4.552217900,1.0,0.0,0.0,0.0,0.105,generic_sequence_executor,generic-solve-cdcb0ce16742
208,8.625,-0.272881552,-0.226291861,4.552218709,1.0,0.0,0.0,0.0,0.105,generic_sequence_executor,generic-solve-cdcb0ce16742
209,8.666667,-0.279757879,-0.233660120,4.552206347,1.0,0.0,0.0,0.0,0.105,generic_sequence_executor,generic-solve-cdcb0ce16742
210,8.708333,-0.286544328,-0.231467431,4.552197407,1.0,0.0,0.0,0.0,0.105,generic_sequence_executor,generic-solve-cdcb0ce16742
211,8.75,-0.297035387,-0.218907043,4.552179179,1.0,0.0,0.0,0.0,0.105,generic_sequence_executor,generic-solve-cdcb0ce16742
212,8.791667,-0.303925467,-0.190880547,4.552207082,1.0,0.0,0.0,0.0,0.105,generic_sequence_executor,generic-solve-cdcb0ce16742
213,8.833333,-0.313990137,-0.154690148,4.552231014,1.0,0.0,0.0,0.0,0.105,generic_sequence_executor,generic-solve-cdcb0ce16742
214,8.875,-0.321264833,-0.119406901,4.552251579,1.0,0.0,0.0,0.0,0.105,generic_sequence_executor,generic-solve-cdcb0ce16742
215,8.916667,-0.319690668,-0.094620133,4.552271694,1.0,0.0,0.0,0.0,0.105,generic_sequence_executor,generic-solve-cdcb0ce16742
216,8.958333,-0.316025577,-0.078709896,4.552266868,1.0,0.0,0.0,0.0,0.105,generic_sequence_executor,generic-solve-cdcb0ce16742
217,9.0,-0.315786708,-0.062378951,4.552234653,1.0,0.0,0.0,0.0,0.105,generic_sequence_executor,generic-solve-cdcb0ce16742
218,9.041667,-0.309076744,-0.038859389,4.552237861,1.0,0.0,0.0,0.0,0.105,generic_sequence_executor,generic-solve-cdcb0ce16742
219,9.083333,-0.298173034,-0.017678007,4.552269201,1.0,0.0,0.0,0.0,0.105,generic_sequence_executor,generic-solve-cdcb0ce16742
220,9.125,-0.295739817,0.006061192,4.552290312,1.0,0.0,0.0,0.0,0.105,generic_sequence_executor,generic-solve-cdcb0ce16742
221,9.166667,-0.294476963,0.020400911,4.552339488,1.0,0.0,0.0,0.0,0.105,generic_sequence_executor,generic-solve-cdcb0ce16742
222,9.208333,-0.303632075,0.028514013,4.552382924,1.0,0.0,0.0,0.0,0.105,generic_sequence_executor,generic-solve-cdcb0ce16742
223,9.25,-0.327794414,0.025324543,4.552401348,1.0,0.0,0.0,0.0,0.105,generic_sequence_executor,generic-solve-cdcb0ce16742
224,9.291667,-0.362390457,0.013530166,4.552398548,1.0,0.0,0.0,0.0,0.105,generic_sequence_executor,generic-solve-cdcb0ce16742
225,9.333333,-0.407111789,-0.014012000,4.552353193,1.0,0.0,0.0,0.0,0.105,generic_sequence_executor,generic-solve-cdcb0ce16742
226,9.375,-0.459676283,-0.051892953,4.552243704,1.0,0.0,0.0,0.0,0.105,generic_sequence_executor,generic-solve-cdcb0ce16742
227,9.416667,-0.512372112,-0.110244221,4.552074328,1.0,0.0,0.0,0.0,0.105,generic_sequence_executor,generic-solve-cdcb0ce16742
228,9.458333,-0.551639902,-0.197777256,4.551891870,1.0,0.0,0.0,0.0,0.105,generic_sequence_executor,generic-solve-cdcb0ce16742
229,9.5,-0.579454381,-0.309612040,4.551673369,1.0,0.0,0.0,0.0,0.105,generic_sequence_executor,generic-solve-cdcb0ce16742
230,9.541667,-0.581672751,-0.446189055,4.551513883,1.0,0.0,0.0,0.0,0.105,generic_sequence_executor,generic-solve-cdcb0ce16742
231,9.583333,-0.569970838,-0.562634462,4.551601216,1.0,0.0,0.0,0.0,0.105,generic_sequence_executor,generic-solve-cdcb0ce16742
232,9.625,-0.554264925,-0.662478324,4.551743465,1.0,0.0,0.0,0.0,0.105,generic_sequence_executor,generic-solve-cdcb0ce16742
233,9.666667,-0.536961147,-0.744738876,4.551885885,1.0,0.0,0.0,0.0,0.105,generic_sequence_executor,generic-solve-cdcb0ce16742
234,9.708333,-0.522931286,-0.811981450,4.551935784,1.0,0.0,0.0,0.0,0.105,generic_sequence_executor,generic-solve-cdcb0ce16742
235,9.75,-0.506511214,-0.861209151,4.551983045,1.0,0.0,0.0,0.0,0.105,generic_sequence_executor,generic-solve-cdcb0ce16742
236,9.791667,-0.491271903,-0.895229829,4.551980869,1.0,0.0,0.0,0.0,0.105,generic_sequence_executor,generic-solve-cdcb0ce16742
237,9.833333,-0.476404427,-0.913386434,4.551990038,1.0,0.0,0.0,0.0,0.105,generic_sequence_executor,generic-solve-cdcb0ce16742
238,9.875,-0.461472556,-0.916070805,4.552066141,1.0,0.0,0.0,0.0,0.105,generic_sequence_executor,generic-solve-cdcb0ce16742
239,9.916667,-0.446389328,-0.903134744,4.552283620,1.0,0.0,0.0,0.0,0.105,generic_sequence_executor,generic-solve-cdcb0ce16742
240,9.958333,-0.430944001,-0.873181009,4.552745322,1.0,0.0,0.0,0.0,0.105,generic_sequence_executor,generic-solve-cdcb0ce16742
