frame,time,tx,ty,tz,qx,qy,qz,qw,rx_delta,ry_delta,rz_delta,rear_joint_angle,seat_joint_angle,fx,fy,cx,cy,line_rmse_px,endpoint_rmse_px,side_ratio_rmse_px,rail_rmse_px,source
1,0.000000,0.551525,0.890651,4.977552,0.616520,0.366479,-0.323996,0.616946,-0.001879783,1.019853591,0.063879613,0.206383162,0.050191601,1468.604736328,1468.604736328,640.000000000,360.000000000,0.861641221,1.686410436,1.039021467,6.000428636,chair_twohand_endpoint_se3_boundary_freeze_prefix+sequence_se3_optimizer
2,0.041667,0.551577,0.890620,4.977495,0.616583,0.366456,-0.324090,0.616848,-0.001879783,1.019853591,0.063879613,0.206383162,0.050191601,1468.604736328,1468.604736328,640.000000000,360.000000000,0.861431785,1.569215291,1.037961205,5.912049192,chair_twohand_endpoint_se3_boundary_freeze_prefix+sequence_se3_optimizer
3,0.083333,0.551630,0.890587,4.977437,0.616648,0.366432,-0.324186,0.616747,-0.001879783,1.019853591,0.063879613,0.206383162,0.050191601,1468.604736328,1468.604736328,640.000000000,360.000000000,0.882285139,1.638580093,1.025901123,5.739806013,chair_twohand_endpoint_se3_boundary_freeze_prefix+sequence_se3_optimizer
4,0.125000,0.551685,0.890552,4.977375,0.616715,0.366407,-0.324286,0.616642,-0.001879783,1.019853591,0.063879613,0.206383162,0.050191601,1468.604736328,1468.604736328,640.000000000,360.000000000,0.922947848,1.750254768,1.007449676,5.538932076,chair_twohand_endpoint_se3_boundary_freeze_prefix+sequence_se3_optimizer
5,0.166667,0.551743,0.890514,4.977309,0.616787,0.366380,-0.324393,0.616530,-0.001879783,1.019853591,0.063879613,0.206383162,0.050191601,1468.604736328,1468.604736328,640.000000000,360.000000000,1.018043807,2.369652199,0.980032911,5.296272895,chair_twohand_endpoint_se3_boundary_freeze_prefix+sequence_se3_optimizer
6,0.208333,0.551805,0.890471,4.977238,0.616864,0.366352,-0.324507,0.616409,-0.001879783,1.019853591,0.063879613,0.206383162,0.050191601,1468.604736328,1468.604736328,640.000000000,360.000000000,1.325460175,3.749555258,0.970118694,5.571095937,chair_twohand_endpoint_se3_boundary_freeze_prefix+sequence_se3_optimizer
7,0.250000,0.551871,0.890420,4.977158,0.616948,0.366322,-0.324631,0.616278,-0.001879783,1.019853591,0.063879613,0.206383162,0.050191601,1468.604736328,1468.604736328,640.000000000,360.000000000,1.366027555,3.877381191,0.969057303,5.550574219,chair_twohand_endpoint_se3_boundary_freeze_prefix+sequence_se3_optimizer
8,0.291667,0.551942,0.890360,4.977069,0.617040,0.366289,-0.324767,0.616134,-0.001879783,1.019853591,0.063879613,0.206383162,0.050191601,1468.604736328,1468.604736328,640.000000000,360.000000000,1.441411004,4.136015612,0.971864471,5.672148171,chair_twohand_endpoint_se3_boundary_freeze_prefix+sequence_se3_optimizer
9,0.333333,0.552018,0.890289,4.976970,0.617140,0.366254,-0.324916,0.615975,-0.001879783,1.019853591,0.063879613,0.206383162,0.050191601,1468.604736328,1468.604736328,640.000000000,360.000000000,1.505616621,4.354328105,0.977297500,5.811609464,chair_twohand_endpoint_se3_boundary_freeze_prefix+sequence_se3_optimizer
10,0.375000,0.552100,0.890202,4.976857,0.617251,0.366217,-0.325079,0.615800,-0.001879783,1.019853591,0.063879613,0.206383162,0.050191601,1468.604736328,1468.604736328,640.000000000,360.000000000,1.552221051,4.511702067,0.982658760,5.945733456,chair_twohand_endpoint_se3_boundary_freeze_prefix+sequence_se3_optimizer
11,0.416667,0.552186,0.890098,4.976729,0.617372,0.366177,-0.325259,0.615608,-0.001879783,1.019853591,0.063879613,0.206383162,0.050191601,1468.604736328,1468.604736328,640.000000000,360.000000000,1.584978442,4.619563153,0.986505860,6.043583395,chair_twohand_endpoint_se3_boundary_freeze_prefix+sequence_se3_optimizer
12,0.458333,0.552276,0.889972,4.976584,0.617505,0.366135,-0.325455,0.615395,-0.001879783,1.019853591,0.063879613,0.206383162,0.050191601,1468.604736328,1468.604736328,640.000000000,360.000000000,1.611683550,4.702591777,0.989852000,6.095650565,chair_twohand_endpoint_se3_boundary_freeze_prefix+sequence_se3_optimizer
13,0.500000,0.552371,0.889819,4.976419,0.617651,0.366091,-0.325671,0.615161,-0.001879783,1.019853591,0.063879613,0.206383162,0.050191601,1468.604736328,1468.604736328,640.000000000,360.000000000,1.622503444,4.734706132,0.991474364,6.103163298,chair_twohand_endpoint_se3_boundary_freeze_prefix+sequence_se3_optimizer
14,0.541667,0.552468,0.889634,4.976231,0.617810,0.366044,-0.325905,0.614905,-0.001879783,1.019853591,0.063879613,0.206383162,0.050191601,1468.604736328,1468.604736328,640.000000000,360.000000000,1.622208762,4.733238833,0.991757994,6.099219172,chair_twohand_endpoint_se3_boundary_freeze_prefix+sequence_se3_optimizer
15,0.583333,0.552568,0.889412,4.976019,0.617982,0.365997,-0.326160,0.614625,-0.001879783,1.019853591,0.063879613,0.206383162,0.050191601,1468.604736328,1468.604736328,640.000000000,360.000000000,1.621082741,4.727840731,0.991640090,6.084243222,chair_twohand_endpoint_se3_boundary_freeze_prefix+sequence_se3_optimizer
16,0.625000,0.552668,0.889145,4.975778,0.618169,0.365948,-0.326434,0.614320,-0.001879783,1.019853591,0.063879613,0.206383162,0.050191601,1468.604736328,1468.604736328,640.000000000,360.000000000,1.624664871,4.735750382,0.992192133,6.097998675,chair_twohand_endpoint_se3_boundary_freeze_prefix+sequence_se3_optimizer
17,0.666667,0.552765,0.888826,4.975506,0.618370,0.365900,-0.326729,0.613990,-0.001879783,1.019853591,0.063879613,0.206383162,0.050191601,1468.604736328,1468.604736328,640.000000000,360.000000000,1.628107240,4.742201014,0.993049983,6.131920617,chair_twohand_endpoint_se3_boundary_freeze_prefix+sequence_se3_optimizer
18,0.708333,0.552858,0.888445,4.975199,0.618584,0.365853,-0.327044,0.613635,-0.001879783,1.019853591,0.063879613,0.206383162,0.050191601,1468.604736328,1468.604736328,640.000000000,360.000000000,1.626623290,4.728957055,0.993203191,6.152961114,chair_twohand_endpoint_se3_boundary_freeze_prefix+sequence_se3_optimizer
19,0.750000,0.552943,0.887991,4.974854,0.618812,0.365809,-0.327376,0.613254,-0.001879783,1.019853591,0.063879613,0.206383162,0.050191601,1468.604736328,1468.604736328,640.000000000,360.000000000,1.583607867,4.634060606,0.988514871,6.303793027,chair_twohand_endpoint_se3_boundary_freeze_prefix+sequence_se3_optimizer
20,0.791667,0.553004,0.887368,4.974429,0.619062,0.365773,-0.327740,0.612829,-0.001879783,1.019853591,0.063879613,0.206383162,0.050191601,1468.604736328,1468.604736328,640.000000000,360.000000000,1.740041200,4.577574433,1.045339795,6.208710568,chair_twohand_endpoint_se3_contact_refined+sequence_se3_optimizer
21,0.833333,0.553017,0.886463,4.973898,0.619331,0.365756,-0.328130,0.612358,0.002729142,1.023281087,0.060681150,0.202113155,0.049531422,1468.604736328,1468.604736328,640.000000000,360.000000000,1.637990527,3.518623147,1.032128919,9.076705525,chair_twohand_endpoint_se3_contact_refined+sequence_se3_optimizer
22,0.875000,0.552927,0.884982,4.973220,0.619607,0.365779,-0.328526,0.611853,0.009065997,1.027225009,0.056346073,0.198393028,0.048710949,1468.604736328,1468.604736328,640.000000000,360.000000000,1.594877123,3.336311197,1.018059692,9.423987099,chair_twohand_endpoint_se3_contact_refined+sequence_se3_optimizer
23,0.916667,0.552754,0.883181,4.972457,0.619874,0.365836,-0.328910,0.611342,0.015902306,1.031265040,0.051610545,0.195918977,0.047761599,1468.604736328,1468.604736328,640.000000000,360.000000000,1.552741952,4.213192929,0.986100519,6.873239867,chair_twohand_endpoint_se3_contact_refined+sequence_se3_optimizer
24,0.958333,0.552473,0.880971,4.971614,0.620120,0.365937,-0.329265,0.610840,0.022869618,1.034770589,0.046790050,0.198441994,0.046502115,1468.604736328,1468.604736328,640.000000000,360.000000000,1.548621428,3.969443295,0.993278713,6.793763367,chair_twohand_endpoint_se3_contact_refined+sequence_se3_optimizer
25,1.000000,0.552055,0.878225,4.970706,0.620332,0.366096,-0.329574,0.610363,0.028290289,1.037290748,0.041680521,0.204047498,0.045739827,1468.604736328,1468.604736328,640.000000000,360.000000000,1.555816373,3.446115645,1.003645487,7.347093993,chair_twohand_endpoint_se3_contact_refined+sequence_se3_optimizer
26,1.041667,0.551469,0.874747,4.969751,0.620496,0.366332,-0.329821,0.609921,0.034343612,1.039153354,0.035875258,0.209071422,0.044457558,1468.604736328,1468.604736328,640.000000000,360.000000000,1.506495302,3.434030181,0.988898284,6.948957852,chair_twohand_endpoint_se3_contact_refined+sequence_se3_optimizer
27,1.083333,0.550678,0.870185,4.968777,0.620598,0.366665,-0.329992,0.609524,0.043225512,1.041179350,0.027291814,0.212392939,0.042475346,1468.604736328,1468.604736328,640.000000000,360.000000000,1.387171277,3.894907634,0.964755588,7.402972394,chair_twohand_endpoint_se3_contact_refined+sequence_se3_optimizer
28,1.125000,0.549638,0.863813,4.967814,0.620625,0.367121,-0.330074,0.609179,0.053035407,1.040531788,0.018934206,0.215801603,0.040523958,1468.604736328,1468.604736328,640.000000000,360.000000000,1.380215071,3.877751363,0.951776551,5.991234887,chair_twohand_endpoint_se3_contact_refined+sequence_se3_optimizer
29,1.166667,0.548294,0.854151,4.966889,0.620564,0.367728,-0.330052,0.608886,0.060556960,1.039455925,0.014418540,0.219591473,0.039874314,1468.604736328,1468.604736328,640.000000000,360.000000000,1.374672416,3.868292775,0.936062066,4.524250262,chair_twohand_endpoint_se3_contact_refined+sequence_se3_optimizer
30,1.208333,0.546576,0.840093,4.966023,0.620402,0.368521,-0.329917,0.608645,0.064356068,1.040130445,0.009802802,0.219647616,0.039769972,1468.604736328,1468.604736328,640.000000000,360.000000000,1.371151506,3.778673791,0.935289028,3.903888255,chair_twohand_endpoint_se3_contact_refined+sequence_se3_optimizer
31,1.250000,0.544390,0.822641,4.965228,0.620128,0.369539,-0.329655,0.608449,0.065456452,1.042358145,0.007294029,0.216121024,0.039922605,1468.604736328,1468.604736328,640.000000000,360.000000000,1.438590581,3.916852994,0.945243060,4.240947590,chair_twohand_endpoint_se3_contact_refined+sequence_se3_optimizer
32,1.291667,0.541613,0.803152,4.964505,0.619729,0.370822,-0.329259,0.608289,0.067763391,1.043721457,0.006904935,0.212570238,0.040137564,1468.604736328,1468.604736328,640.000000000,360.000000000,1.685177375,4.763955891,0.946098441,5.255714784,chair_twohand_endpoint_se3_contact_refined+sequence_se3_optimizer
33,1.333333,0.538098,0.782439,4.963849,0.619199,0.372393,-0.328720,0.608161,0.066400277,1.044957833,0.010881306,0.214448181,0.042144532,1468.604736328,1468.604736328,640.000000000,360.000000000,1.379772077,3.726311167,0.935997003,6.109768625,chair_twohand_endpoint_se3_contact_refined+sequence_se3_optimizer
34,1.375000,0.533747,0.760927,4.963245,0.618536,0.374245,-0.328039,0.608066,0.062580518,1.045233980,0.018032158,0.220582121,0.045425997,1468.604736328,1468.604736328,640.000000000,360.000000000,1.439474959,3.543560954,0.950953305,7.621119847,chair_twohand_endpoint_se3_contact_refined+sequence_se3_optimizer
35,1.416667,0.528614,0.738857,4.962674,0.617748,0.376339,-0.327222,0.608015,0.058089301,1.044346302,0.025746283,0.225486403,0.047808125,1468.604736328,1468.604736328,640.000000000,360.000000000,1.580668978,4.239671044,0.966093141,7.271157876,chair_twohand_endpoint_se3_contact_refined+sequence_se3_optimizer
36,1.458333,0.522859,0.716386,4.962112,0.616846,0.378628,-0.326282,0.608015,0.051144585,1.044417042,0.036572327,0.225667988,0.047708645,1468.604736328,1468.604736328,640.000000000,360.000000000,2.177880158,6.233673585,1.068174202,8.349801848,chair_twohand_endpoint_se3_contact_refined+sequence_se3_optimizer
37,1.500000,0.516640,0.693626,4.961534,0.615848,0.381067,-0.325238,0.608062,0.041990612,1.046753058,0.048509266,0.223559640,0.046475974,1468.604736328,1468.604736328,640.000000000,360.000000000,1.878030661,5.221048190,1.022848661,7.875460936,chair_twohand_endpoint_se3_contact_refined+sequence_se3_optimizer
38,1.541667,0.510081,0.670662,4.960924,0.614773,0.383614,-0.324110,0.608151,0.032281675,1.049172366,0.062654334,0.216882907,0.043787092,1468.604736328,1468.604736328,640.000000000,360.000000000,1.436523090,3.323092891,0.945676899,8.126928934,chair_twohand_endpoint_se3_contact_refined+sequence_se3_optimizer
39,1.583333,0.503280,0.647564,4.960270,0.613640,0.386234,-0.322921,0.608269,0.022473709,1.052670459,0.077184860,0.207080553,0.039953808,1468.604736328,1468.604736328,640.000000000,360.000000000,1.350783040,2.443105117,0.936671176,8.755995883,chair_twohand_endpoint_se3_contact_refined+sequence_se3_optimizer
40,1.625000,0.496318,0.624398,4.959571,0.612469,0.388894,-0.321693,0.608405,0.013243160,1.056847471,0.093863024,0.198034574,0.036028754,1468.604736328,1468.604736328,640.000000000,360.000000000,1.383682322,2.830643800,0.931846591,8.729910131,chair_twohand_endpoint_se3_contact_refined+sequence_se3_optimizer
41,1.666667,0.489267,0.601221,4.958835,0.611284,0.391559,-0.320451,0.608543,0.003360313,1.059179237,0.112985288,0.196913882,0.034380740,1468.604736328,1468.604736328,640.000000000,360.000000000,1.425669638,3.032038079,0.935290030,9.432328611,chair_twohand_endpoint_se3_contact_refined+sequence_se3_optimizer
42,1.708333,0.482194,0.578093,4.958080,0.610105,0.394199,-0.319218,0.608670,-0.007597139,1.060239178,0.130979630,0.200561255,0.034542857,1468.604736328,1468.604736328,640.000000000,360.000000000,1.403755238,3.038464688,0.921695977,6.534681164,chair_twohand_endpoint_se3_contact_refined+sequence_se3_optimizer
43,1.750000,0.475167,0.555077,4.957329,0.608956,0.396779,-0.318022,0.608770,-0.021498133,1.061322064,0.146982658,0.205918547,0.035308390,1468.604736328,1468.604736328,640.000000000,360.000000000,1.424240645,3.133896957,0.921976933,6.721727587,chair_twohand_endpoint_se3_contact_refined+sequence_se3_optimizer
44,1.791667,0.468255,0.532242,4.956606,0.607859,0.399267,-0.316886,0.608833,-0.035700829,1.062135304,0.160845710,0.210565880,0.035842047,1468.604736328,1468.604736328,640.000000000,360.000000000,1.484704190,3.297514832,0.932167799,9.203234094,chair_twohand_endpoint_se3_contact_refined+sequence_se3_optimizer
45,1.833333,0.461530,0.509674,4.955940,0.606837,0.401625,-0.315835,0.608847,-0.048196167,1.066968080,0.171946224,0.214128649,0.036313219,1468.604736328,1468.604736328,640.000000000,360.000000000,1.543755340,3.463406367,0.938601313,13.227633097,chair_twohand_endpoint_se3_contact_refined+sequence_se3_optimizer
46,1.875000,0.455075,0.487487,4.955362,0.605912,0.403816,-0.314894,0.608806,-0.058721483,1.072402888,0.180966520,0.215899706,0.036500105,1468.604736328,1468.604736328,640.000000000,360.000000000,1.631024121,3.763865481,0.941668525,12.852782675,chair_twohand_endpoint_se3_contact_refined+sequence_se3_optimizer
47,1.916667,0.448992,0.465853,4.954900,0.605105,0.405800,-0.314087,0.608707,-0.069332507,1.079103697,0.185167745,0.216457234,0.036584253,1468.604736328,1468.604736328,640.000000000,360.000000000,1.620527902,3.624251983,0.937722987,11.127163020,chair_twohand_endpoint_se3_contact_refined+sequence_se3_optimizer
48,1.958333,0.443399,0.445085,4.954582,0.604432,0.407546,-0.313431,0.608546,-0.070904921,1.081937605,0.187530767,0.217218187,0.036801824,1468.604736328,1468.604736328,640.000000000,360.000000000,1.557005435,3.338732161,0.924673510,8.764556088,chair_twohand_endpoint_se3_contact_refined+sequence_se3_optimizer
49,2.000000,0.438422,0.426032,4.954431,0.603903,0.409047,-0.312942,0.608317,-0.075064019,1.082606268,0.187772008,0.218356823,0.037088722,1468.604736328,1468.604736328,640.000000000,360.000000000,1.556284998,3.339225336,0.918749410,8.621875756,chair_twohand_endpoint_se3_contact_refined+sequence_se3_optimizer
50,2.041667,0.434135,0.418866,4.954464,0.603520,0.410317,-0.312626,0.608004,-0.078563890,1.078241059,0.190637711,0.220019836,0.037373781,1468.604736328,1468.604736328,640.000000000,360.000000000,1.673116265,3.773666370,0.930191702,10.925669731,chair_twohand_endpoint_se3_contact_refined+sequence_se3_optimizer
51,2.083333,0.430499,0.415017,4.954694,0.603278,0.411387,-0.312490,0.607591,-0.078218900,1.071976719,0.190241341,0.222330185,0.037901131,1468.604736328,1468.604736328,640.000000000,360.000000000,1.715025458,3.946958898,0.938513200,12.231141078,chair_twohand_endpoint_se3_contact_refined+sequence_se3_optimizer
52,2.125000,0.427405,0.412522,4.955125,0.603174,0.412288,-0.312544,0.607055,-0.075947587,1.064056319,0.190919722,0.223437883,0.038343753,1468.604736328,1468.604736328,640.000000000,360.000000000,1.696406762,3.753919503,0.946176784,11.827413434,chair_twohand_endpoint_se3_contact_refined+sequence_se3_optimizer
53,2.166667,0.424735,0.410879,4.955752,0.603203,0.413049,-0.312811,0.606371,-0.069972719,1.053623053,0.191139264,0.222019128,0.038319106,1468.604736328,1468.604736328,640.000000000,360.000000000,1.685487145,3.659735786,0.954524604,11.856818383,chair_twohand_endpoint_se3_contact_refined+sequence_se3_optimizer
54,2.208333,0.422388,0.409867,4.956560,0.603358,0.413695,-0.313328,0.605510,-0.065691197,1.050791572,0.187429043,0.217378760,0.037656082,1468.604736328,1468.604736328,640.000000000,360.000000000,1.686312884,3.655508585,0.955531226,12.741488914,chair_twohand_endpoint_se3_contact_refined+sequence_se3_optimizer
55,2.250000,0.420282,0.409364,4.957525,0.603628,0.414242,-0.314173,0.604428,-0.061227572,1.051863362,0.183144129,0.211518160,0.037092426,1468.604736328,1468.604736328,640.000000000,360.000000000,1.662025412,3.585107644,0.945012197,8.628097853,chair_twohand_endpoint_se3_contact_refined+sequence_se3_optimizer
56,2.291667,0.418345,0.409303,4.958611,0.603992,0.414700,-0.315492,0.603061,-0.053834681,1.054707792,0.177617742,0.205268540,0.036806781,1468.604736328,1468.604736328,640.000000000,360.000000000,1.663228495,3.639403232,0.939727481,8.248526311,chair_twohand_endpoint_se3_contact_refined+sequence_se3_optimizer
57,2.333333,0.416512,0.409640,4.959776,0.604410,0.415061,-0.317594,0.601288,-0.043838742,1.063916051,0.171707891,0.198056568,0.036708007,1468.604736328,1468.604736328,640.000000000,360.000000000,1.619331435,3.576083532,0.910777212,6.319674909,chair_twohand_endpoint_se3_contact_refined+sequence_se3_optimizer
58,2.375000,0.414724,0.410348,4.960968,0.604855,0.415331,-0.320540,0.599086,-0.029133276,1.071801534,0.165284147,0.189292216,0.036506730,1468.604736328,1468.604736328,640.000000000,360.000000000,1.685625771,3.882902392,0.939710735,9.434179349,chair_twohand_endpoint_se3_contact_refined+sequence_se3_optimizer
59,2.416667,0.412917,0.411401,4.962133,0.605343,0.415545,-0.323951,0.596606,-0.013723452,1.079621621,0.158319289,0.178303214,0.036211298,1468.604736328,1468.604736328,640.000000000,360.000000000,1.646626612,3.773728684,0.934005969,9.051482252,chair_twohand_endpoint_se3_contact_refined+sequence_se3_optimizer
60,2.458333,0.411030,0.412769,4.963224,0.605868,0.415720,-0.327634,0.593933,0.000469993,1.090501986,0.151839662,0.163630698,0.035278364,1468.604736328,1468.604736328,640.000000000,360.000000000,1.646146955,3.730898147,0.942128434,12.416067036,chair_twohand_endpoint_se3_contact_refined+sequence_se3_optimizer
61,2.500000,0.408996,0.414415,4.964205,0.606419,0.415869,-0.331493,0.591118,0.014920002,1.102120149,0.140690810,0.146757700,0.034191079,1468.604736328,1468.604736328,640.000000000,360.000000000,1.556331889,3.442156902,0.906753973,8.376953161,chair_twohand_endpoint_se3_contact_refined+sequence_se3_optimizer
62,2.541667,0.406740,0.416296,4.965048,0.606979,0.416003,-0.335468,0.588200,0.027241993,1.116194174,0.130002289,0.127839427,0.033222112,1468.604736328,1468.604736328,640.000000000,360.000000000,1.511784126,3.345264241,0.891035104,8.320591556,chair_twohand_endpoint_se3_contact_refined+sequence_se3_optimizer
63,2.583333,0.404169,0.418366,4.965739,0.607533,0.416131,-0.339515,0.585208,0.037735594,1.128053538,0.117240550,0.110722199,0.033718810,1468.604736328,1468.604736328,640.000000000,360.000000000,1.409158023,3.028620767,0.853876237,6.983147480,chair_twohand_endpoint_se3_contact_refined+sequence_se3_optimizer
64,2.625000,0.401161,0.420579,4.966275,0.608063,0.416264,-0.343601,0.582170,0.048430273,1.134374269,0.105630830,0.096187965,0.035535934,1468.604736328,1468.604736328,640.000000000,360.000000000,1.456471234,3.493469591,0.849285515,6.929890592,chair_twohand_endpoint_se3_contact_refined+sequence_se3_optimizer
65,2.666667,0.397525,0.422890,4.966665,0.608556,0.416414,-0.347699,0.579106,0.058179122,1.136820797,0.094257016,0.084045458,0.038195103,1468.604736328,1468.604736328,640.000000000,360.000000000,1.452989461,3.687290210,0.799621779,5.641101505,chair_twohand_endpoint_se3_contact_refined+sequence_se3_optimizer
66,2.708333,0.392910,0.425263,4.966928,0.608997,0.416592,-0.351787,0.576037,0.066519696,1.136493355,0.083612145,0.074394282,0.041664090,1468.604736328,1468.604736328,640.000000000,360.000000000,1.659551720,4.530719889,0.864142295,6.112632486,chair_twohand_endpoint_se3_contact_refined+sequence_se3_optimizer
67,2.750000,0.386436,0.427667,4.967095,0.609377,0.416806,-0.355843,0.572982,0.071003217,1.137075255,0.074051533,0.065214007,0.044914813,1468.604736328,1468.604736328,640.000000000,360.000000000,1.645419162,4.477261678,0.870102343,5.831190656,chair_twohand_endpoint_se3_contact_refined+sequence_se3_optimizer
68,2.791667,0.376055,0.430078,4.967206,0.609686,0.417059,-0.359847,0.569960,0.076634374,1.141645857,0.063938859,0.052168739,0.044885172,1468.604736328,1468.604736328,640.000000000,360.000000000,1.639418664,4.579381982,0.861987272,5.452612029,chair_twohand_endpoint_se3_contact_refined+sequence_se3_optimizer
69,2.833333,0.363822,0.432481,4.967305,0.609924,0.417353,-0.363776,0.566990,0.081891167,1.152448815,0.057315295,0.034224774,0.040160374,1468.604736328,1468.604736328,640.000000000,360.000000000,1.692356411,4.975281239,0.856222559,5.395352100,chair_twohand_endpoint_se3_contact_refined+sequence_se3_optimizer
70,2.875000,0.350608,0.434867,4.967438,0.610093,0.417681,-0.367598,0.564093,0.087003881,1.166325553,0.055948620,0.012178823,0.031877404,1468.604736328,1468.604736328,640.000000000,360.000000000,1.452354647,4.046246451,0.793386922,4.323074459,chair_twohand_endpoint_se3_contact_refined+sequence_se3_optimizer
71,2.916667,0.336749,0.437233,4.967640,0.610205,0.418037,-0.371275,0.561293,0.089195894,1.184216240,0.055704472,-0.009120757,0.023376598,1468.604736328,1468.604736328,640.000000000,360.000000000,0.998724318,2.164179927,0.779702676,3.772042833,chair_twohand_endpoint_se3_contact_refined+sequence_se3_optimizer
72,2.958333,0.322424,0.439581,4.967933,0.610276,0.418411,-0.374750,0.558621,0.088937424,1.200921539,0.056385577,-0.026563805,0.017665057,1468.604736328,1468.604736328,640.000000000,360.000000000,1.014659217,1.340885938,0.788626119,5.249250783,chair_twohand_endpoint_se3_contact_refined+sequence_se3_optimizer
73,3.000000,0.307734,0.441913,4.968332,0.610333,0.418791,-0.377929,0.556128,0.094458965,1.217971365,0.047829026,-0.039820132,0.015634060,1468.604736328,1468.604736328,640.000000000,360.000000000,1.227990932,1.882160250,0.748790100,4.907891805,chair_twohand_endpoint_se3_contact_refined+sequence_se3_optimizer
74,3.041667,0.292742,0.444233,4.968838,0.610412,0.419174,-0.380629,0.553906,0.094814780,1.230199436,0.047619082,-0.047861765,0.017921829,1468.604736328,1468.604736328,640.000000000,360.000000000,1.395092407,3.009473697,0.719794728,6.303915689,chair_twohand_endpoint_se3_contact_refined+sequence_se3_optimizer
75,3.083333,0.277483,0.446547,4.969444,0.610570,0.419569,-0.382534,0.552117,0.094059070,1.238598296,0.048878063,-0.052866637,0.022725131,1468.604736328,1468.604736328,640.000000000,360.000000000,1.569664190,4.155540820,0.699505123,6.595052581,chair_twohand_endpoint_se3_contact_refined+sequence_se3_optimizer
76,3.125000,0.261978,0.448855,4.970139,0.610811,0.419951,-0.383747,0.550718,0.098732705,1.241771940,0.052481124,-0.057788800,0.026932779,1468.604736328,1468.604736328,640.000000000,360.000000000,1.516248707,3.897416387,0.687330619,5.913464316,chair_twohand_endpoint_se3_contact_refined+sequence_se3_optimizer
77,3.166667,0.246232,0.451159,4.970909,0.611112,0.420281,-0.384523,0.549589,0.099743128,1.243227872,0.054693688,-0.064619430,0.028064280,1468.604736328,1468.604736328,640.000000000,360.000000000,1.497152284,3.777790432,0.675753181,5.805350615,chair_twohand_endpoint_se3_contact_refined+sequence_se3_optimizer
78,3.208333,0.230236,0.453458,4.971742,0.611467,0.420535,-0.384994,0.548669,0.104154595,1.242482217,0.059406008,-0.070728081,0.027898726,1468.604736328,1468.604736328,640.000000000,360.000000000,1.465481145,3.586584815,0.669037980,5.785962494,chair_twohand_endpoint_se3_contact_refined+sequence_se3_optimizer
79,3.250000,0.213973,0.455750,4.972631,0.611873,0.420696,-0.385229,0.547928,0.107421661,1.240587900,0.063792250,-0.076367094,0.026276137,1468.604736328,1468.604736328,640.000000000,360.000000000,1.479391651,3.615432325,0.676722917,6.049117568,chair_twohand_endpoint_se3_contact_refined+sequence_se3_optimizer
80,3.291667,0.197414,0.458030,4.973579,0.612332,0.420751,-0.385264,0.547348,0.109610558,1.237710663,0.064247012,-0.080758051,0.023917897,1468.604736328,1468.604736328,640.000000000,360.000000000,1.455321430,3.452099488,0.676389193,6.069055085,chair_twohand_endpoint_se3_contact_refined+sequence_se3_optimizer
81,3.333333,0.180531,0.460291,4.974595,0.612846,0.420693,-0.385116,0.546921,0.109590814,1.236871897,0.062694232,-0.085380553,0.020050553,1468.604736328,1468.604736328,640.000000000,360.000000000,1.539084987,3.983546152,0.668707587,6.234221384,chair_twohand_endpoint_se3_contact_refined+sequence_se3_optimizer
82,3.375000,0.163301,0.462528,4.975692,0.613423,0.420514,-0.384784,0.546646,0.108894593,1.233744303,0.060362371,-0.086731796,0.018009671,1468.604736328,1468.604736328,640.000000000,360.000000000,1.307900218,2.569820175,0.667497023,5.192774767,chair_twohand_endpoint_se3_contact_refined+sequence_se3_optimizer
83,3.416667,0.145716,0.464735,4.976876,0.614071,0.420208,-0.384257,0.546525,0.107575796,1.230700979,0.059235591,-0.086491406,0.017304901,1468.604736328,1468.604736328,640.000000000,360.000000000,1.234305355,2.146400590,0.658702022,4.991483236,chair_twohand_endpoint_se3_contact_refined+sequence_se3_optimizer
84,3.458333,0.127787,0.466909,4.978151,0.614801,0.419765,-0.383511,0.546567,0.105554965,1.226648383,0.058977137,-0.084789360,0.017963770,1468.604736328,1468.604736328,640.000000000,360.000000000,1.287295387,2.434152526,0.643345540,5.026443961,chair_twohand_endpoint_se3_contact_refined+sequence_se3_optimizer
85,3.500000,0.109544,0.469052,4.979512,0.615627,0.419180,-0.382513,0.546786,0.104384259,1.224439858,0.059288376,-0.082135102,0.019706992,1468.604736328,1468.604736328,640.000000000,360.000000000,1.611329844,4.377350186,0.637630049,6.007644598,chair_twohand_endpoint_se3_contact_refined+sequence_se3_optimizer
86,3.541667,0.091028,0.471172,4.980949,0.616560,0.418449,-0.381224,0.547195,0.101365996,1.221817588,0.060239189,-0.077457229,0.023402954,1468.604736328,1468.604736328,640.000000000,360.000000000,1.481415087,3.585099961,0.628010913,5.703339831,chair_twohand_endpoint_se3_contact_refined+sequence_se3_optimizer
87,3.583333,0.072285,0.473281,4.982444,0.617607,0.417574,-0.379623,0.547796,0.100090577,1.215914336,0.059358176,-0.073165147,0.026826704,1468.604736328,1468.604736328,640.000000000,360.000000000,1.450671035,3.461089835,0.616579298,5.380215545,chair_twohand_endpoint_se3_contact_refined+sequence_se3_optimizer
88,3.625000,0.053362,0.475399,4.983974,0.618767,0.416561,-0.377725,0.548569,0.099149132,1.210111977,0.060822251,-0.070563927,0.028177562,1468.604736328,1468.604736328,640.000000000,360.000000000,1.455419439,3.426885491,0.624562091,5.449915724,chair_twohand_endpoint_se3_contact_refined+sequence_se3_optimizer
89,3.666667,0.034300,0.477551,4.985509,0.620029,0.415425,-0.375574,0.549481,0.102412609,1.203842188,0.062665877,-0.070458818,0.026077489,1468.604736328,1468.604736328,640.000000000,360.000000000,1.472770564,3.543843302,0.635666917,5.425176558,chair_twohand_endpoint_se3_contact_refined+sequence_se3_optimizer
90,3.708333,0.015139,0.479767,4.987017,0.621381,0.414181,-0.373219,0.550498,0.105787707,1.195568300,0.066232560,-0.070302175,0.022063905,1468.604736328,1468.604736328,640.000000000,360.000000000,1.479957354,3.429283600,0.654083753,6.121131705,chair_twohand_endpoint_se3_contact_refined+sequence_se3_optimizer
91,3.750000,-0.004088,0.482082,4.988466,0.622806,0.412848,-0.370700,0.551589,0.106241228,1.186970468,0.066401396,-0.072017370,0.015343211,1468.604736328,1468.604736328,640.000000000,360.000000000,1.325609842,2.482960252,0.664724827,4.933616767,chair_twohand_endpoint_se3_contact_refined+sequence_se3_optimizer
92,3.791667,-0.023350,0.484530,4.989832,0.624290,0.411446,-0.368051,0.552732,0.105252202,1.176347804,0.066400228,-0.072543904,0.008993705,1468.604736328,1468.604736328,640.000000000,360.000000000,1.017021151,1.372503999,0.700741220,4.867949516,chair_twohand_endpoint_se3_contact_refined+sequence_se3_optimizer
93,3.833333,-0.042619,0.487145,4.991096,0.625817,0.409996,-0.365301,0.553906,0.107230122,1.163661896,0.067629302,-0.069773961,0.006420197,1468.604736328,1468.604736328,640.000000000,360.000000000,0.728738455,0.765679764,0.797589099,6.290553848,chair_twohand_endpoint_se3_contact_refined+sequence_se3_optimizer
94,3.875000,-0.061869,0.489961,4.992246,0.627370,0.408518,-0.362474,0.555096,0.107127891,1.153471052,0.067157180,-0.065200853,0.007664124,1468.604736328,1468.604736328,640.000000000,360.000000000,0.902832991,1.099936095,0.734782496,4.595268981,chair_twohand_endpoint_se3_contact_refined+sequence_se3_optimizer
95,3.916667,-0.081081,0.493011,4.993275,0.628934,0.407034,-0.359592,0.556291,0.107597768,1.143849501,0.066711761,-0.059466311,0.012352862,1468.604736328,1468.604736328,640.000000000,360.000000000,1.089663487,2.489137812,0.650502038,3.783496108,chair_twohand_endpoint_se3_contact_refined+sequence_se3_optimizer
96,3.958333,-0.100237,0.496326,4.994177,0.630493,0.405561,-0.356671,0.557480,0.109803219,1.134960549,0.067718788,-0.054485167,0.018426865,1468.604736328,1468.604736328,640.000000000,360.000000000,1.386139725,3.431034291,0.655081001,4.631260659,chair_twohand_endpoint_se3_contact_refined+sequence_se3_optimizer
97,4.000000,-0.119326,0.499939,4.994940,0.632034,0.404120,-0.353730,0.558655,0.112240441,1.125082541,0.068033810,-0.052047233,0.022928127,1468.604736328,1468.604736328,640.000000000,360.000000000,1.374404241,2.545407600,0.709380164,5.429808303,chair_twohand_endpoint_se3_contact_refined+sequence_se3_optimizer
98,4.041667,-0.138341,0.503881,4.995547,0.633541,0.402725,-0.350786,0.559810,0.115335533,1.114100937,0.071245995,-0.052804266,0.023591138,1468.604736328,1468.604736328,640.000000000,360.000000000,1.427303830,2.318806910,0.741257418,6.597131029,chair_twohand_endpoint_se3_contact_refined+sequence_se3_optimizer
99,4.083333,-0.157277,0.508189,4.995977,0.635003,0.401394,-0.347856,0.560937,0.117938858,1.105713640,0.072913600,-0.054845075,0.021571315,1468.604736328,1468.604736328,640.000000000,360.000000000,1.410423512,2.122679370,0.750395360,6.712027112,chair_twohand_endpoint_se3_contact_refined+sequence_se3_optimizer
100,4.125000,-0.176130,0.512904,4.996208,0.636410,0.400137,-0.344958,0.562028,0.118383700,1.097653203,0.073423393,-0.053877725,0.020560821,1468.604736328,1468.604736328,640.000000000,360.000000000,1.394029730,1.881531416,0.763000736,7.164158159,chair_twohand_endpoint_se3_contact_refined+sequence_se3_optimizer
101,4.166667,-0.194893,0.518076,4.996216,0.637757,0.398963,-0.342111,0.563077,0.117113330,1.091727873,0.076060879,-0.050267146,0.021520710,1468.604736328,1468.604736328,640.000000000,360.000000000,1.402402353,1.885922536,0.770909289,7.423501393,chair_twohand_endpoint_se3_contact_refined+sequence_se3_optimizer
102,4.208333,-0.213556,0.523764,4.995980,0.639040,0.397873,-0.339333,0.564074,0.114816219,1.086271213,0.079574506,-0.047288918,0.022201926,1468.604736328,1468.604736328,640.000000000,360.000000000,1.435323140,2.522874844,0.757593186,6.471889333,chair_twohand_endpoint_se3_contact_refined+sequence_se3_optimizer
103,4.250000,-0.232104,0.530022,4.995479,0.640260,0.396862,-0.336647,0.565010,0.112593845,1.079690398,0.087310918,-0.043434244,0.023276215,1468.604736328,1468.604736328,640.000000000,360.000000000,1.505237251,3.131223007,0.762071378,6.519149442,chair_twohand_endpoint_se3_contact_refined+sequence_se3_optimizer
104,4.291667,-0.250513,0.536894,4.994692,0.641422,0.395920,-0.334080,0.565876,0.108945648,1.073169938,0.093105994,-0.037425934,0.025721044,1468.604736328,1468.604736328,640.000000000,360.000000000,1.463236891,2.550264710,0.773931967,6.673339768,chair_twohand_endpoint_se3_contact_refined+sequence_se3_optimizer
105,4.333333,-0.268757,0.544403,4.993591,0.642530,0.395035,-0.331658,0.566661,0.107014528,1.067788403,0.099696497,-0.030693987,0.028587032,1468.604736328,1468.604736328,640.000000000,360.000000000,1.459595622,2.407537034,0.780981222,6.814986456,chair_twohand_endpoint_se3_contact_refined+sequence_se3_optimizer
106,4.375000,-0.286800,0.552549,4.992138,0.643590,0.394190,-0.329408,0.567360,0.106641655,1.061952399,0.107465532,-0.023763086,0.031256319,1468.604736328,1468.604736328,640.000000000,360.000000000,1.555873265,3.516651476,0.780753030,6.614096968,chair_twohand_endpoint_se3_contact_refined+sequence_se3_optimizer
107,4.416667,-0.304606,0.561307,4.990293,0.644607,0.393369,-0.327342,0.567969,0.106490426,1.055171863,0.112675056,-0.015764483,0.034287737,1468.604736328,1468.604736328,640.000000000,360.000000000,1.725035645,4.548236043,0.813330181,6.787500704,chair_twohand_endpoint_se3_contact_refined+sequence_se3_optimizer
108,4.458333,-0.322136,0.570623,4.988023,0.645589,0.392560,-0.325455,0.568498,0.106568378,1.048764536,0.116739089,-0.006379863,0.038032084,1468.604736328,1468.604736328,640.000000000,360.000000000,1.707870157,4.399384135,0.825764194,6.907768405,chair_twohand_endpoint_se3_contact_refined+sequence_se3_optimizer
109,4.500000,-0.339352,0.580429,4.985307,0.646542,0.391750,-0.323729,0.568960,0.105485110,1.042676528,0.118166679,0.002016937,0.040810842,1468.604736328,1468.604736328,640.000000000,360.000000000,1.720949761,4.424194664,0.836943337,7.036779002,chair_twohand_endpoint_se3_contact_refined+sequence_se3_optimizer
110,4.541667,-0.356225,0.590657,4.982140,0.647473,0.390926,-0.322135,0.569372,0.105334165,1.037308181,0.119967001,0.009086329,0.041931091,1468.604736328,1468.604736328,640.000000000,360.000000000,1.750489988,4.541238457,0.852719952,7.213720768,chair_twohand_endpoint_se3_contact_refined+sequence_se3_optimizer
111,4.583333,-0.372738,0.601244,4.978528,0.648388,0.390076,-0.320644,0.569756,0.106729498,1.034652633,0.120159930,0.016727056,0.042939711,1468.604736328,1468.604736328,640.000000000,360.000000000,1.789059900,4.696739281,0.872060497,7.460175813,chair_twohand_endpoint_se3_contact_refined+sequence_se3_optimizer
112,4.625000,-0.388890,0.612135,4.974481,0.649290,0.389184,-0.319230,0.570132,0.109848092,1.034251664,0.119493606,0.025626655,0.044979758,1468.604736328,1468.604736328,640.000000000,360.000000000,1.821548959,4.807710454,0.881462751,7.569842931,chair_twohand_endpoint_se3_contact_refined+sequence_se3_optimizer
113,4.666667,-0.404695,0.623283,4.970013,0.650182,0.388231,-0.317866,0.570527,0.115275758,1.041899787,0.116934583,0.034446988,0.047438254,1468.604736328,1468.604736328,640.000000000,360.000000000,1.927964413,5.210687544,0.907410282,8.706509520,chair_twohand_endpoint_se3_contact_refined+sequence_se3_optimizer
114,4.708333,-0.420180,0.634648,4.965143,0.651068,0.387190,-0.316527,0.570969,0.122461023,1.050511190,0.111402086,0.042966236,0.049901802,1468.604736328,1468.604736328,640.000000000,360.000000000,2.063494973,5.648235989,0.918690454,9.773807602,chair_twohand_endpoint_se3_contact_refined+sequence_se3_optimizer
115,4.750000,-0.435376,0.646197,4.959894,0.651949,0.386027,-0.315187,0.571491,0.132133458,1.060995366,0.106881462,0.051086570,0.051926664,1468.604736328,1468.604736328,640.000000000,360.000000000,2.139117996,5.853076358,0.918666069,9.836932935,chair_twohand_endpoint_se3_contact_refined+sequence_se3_optimizer
116,4.791667,-0.450309,0.657895,4.954301,0.652831,0.384694,-0.313820,0.572136,0.140408877,1.067982028,0.098847425,0.058963352,0.053114618,1468.604736328,1468.604736328,640.000000000,360.000000000,2.156732577,5.861324171,0.910776713,9.973020637,chair_twohand_endpoint_se3_contact_refined+sequence_se3_optimizer
117,4.833333,-0.464996,0.669712,4.948403,0.653723,0.383117,-0.312398,0.572953,0.144744946,1.072542090,0.091669169,0.065907271,0.052789953,1468.604736328,1468.604736328,640.000000000,360.000000000,2.112213317,5.686927344,0.886334941,10.102554500,chair_twohand_endpoint_se3_contact_refined+sequence_se3_optimizer
118,4.875000,-0.479441,0.681616,4.942252,0.654644,0.381160,-0.310895,0.574023,0.146146042,1.070108112,0.086158251,0.074066102,0.052457024,1468.604736328,1468.604736328,640.000000000,360.000000000,2.030378139,5.417721217,0.852135143,10.315669361,chair_twohand_endpoint_se3_contact_refined+sequence_se3_optimizer
119,4.916667,-0.493635,0.693576,4.935897,0.655641,0.378509,-0.309286,0.575506,0.144441094,1.067431872,0.083488593,0.081583914,0.051491149,1468.604736328,1468.604736328,640.000000000,360.000000000,1.931114352,5.143916816,0.814289332,10.260643798,chair_twohand_endpoint_se3_contact_refined+sequence_se3_optimizer
120,4.958333,-0.507554,0.705562,4.929379,0.656777,0.374741,-0.307539,0.577610,0.143788541,1.064029951,0.079940380,0.087587759,0.049406604,1468.604736328,1468.604736328,640.000000000,360.000000000,1.848154556,4.960404049,0.788461315,11.619685444,chair_twohand_endpoint_se3_contact_refined+sequence_se3_optimizer
121,5.000000,-0.521162,0.717543,4.922737,0.657990,0.370386,-0.305553,0.580086,0.136114849,1.057463278,0.076872621,0.093935181,0.047553709,1468.604736328,1468.604736328,640.000000000,360.000000000,2.009814934,5.455729240,0.822836891,11.150337474,chair_twohand_endpoint_se3_contact_refined+sequence_se3_optimizer
122,5.041667,-0.534402,0.729490,4.916002,0.659260,0.365705,-0.303254,0.582814,0.126838011,1.046384744,0.073992360,0.102607229,0.047656661,1468.604736328,1468.604736328,640.000000000,360.000000000,1.666745400,4.168080729,0.783526533,11.267248709,chair_twohand_endpoint_se3_contact_refined+sequence_se3_optimizer
123,5.083333,-0.547200,0.741371,4.909209,0.660579,0.360811,-0.300633,0.585723,0.117668552,1.030368042,0.071046929,0.110546403,0.048290116,1468.604736328,1468.604736328,640.000000000,360.000000000,1.589525881,3.786621837,0.786628688,11.699100080,chair_twohand_endpoint_se3_contact_refined+sequence_se3_optimizer
124,5.125000,-0.559463,0.753149,4.902395,0.661937,0.355764,-0.297740,0.588746,0.107364437,1.009696638,0.068157820,0.115752123,0.047659079,1468.604736328,1468.604736328,640.000000000,360.000000000,1.852067549,4.653408874,0.832123051,9.771627041,chair_twohand_endpoint_se3_contact_refined+sequence_se3_optimizer
125,5.166667,-0.571097,0.764785,4.895606,0.663327,0.350606,-0.294636,0.591829,0.101278622,0.986177493,0.064710359,0.119177018,0.045981498,1468.604736328,1468.604736328,640.000000000,360.000000000,1.983363962,5.058463352,0.875383875,9.466654854,chair_twohand_endpoint_se3_contact_refined+sequence_se3_optimizer
126,5.208333,-0.582022,0.776232,4.888898,0.664741,0.345370,-0.291371,0.594930,0.096293116,0.962941373,0.061844959,0.125357698,0.045767305,1468.604736328,1468.604736328,640.000000000,360.000000000,1.618019155,3.314784915,0.848702527,8.813075269,chair_twohand_endpoint_se3_contact_refined+sequence_se3_optimizer
127,5.250000,-0.592195,0.787432,4.882333,0.666169,0.340087,-0.287988,0.598016,0.092603355,0.936557274,0.061261072,0.135770578,0.046782731,1468.604736328,1468.604736328,640.000000000,360.000000000,1.537098126,2.430970118,0.894801338,10.522810726,chair_twohand_endpoint_se3_contact_refined+sequence_se3_optimizer
128,5.291667,-0.601591,0.798319,4.875977,0.667600,0.334785,-0.284520,0.601064,0.089142692,0.910158298,0.060136421,0.149559892,0.048373473,1468.604736328,1468.604736328,640.000000000,360.000000000,1.608798823,3.054027881,0.897948183,9.564700076,chair_twohand_endpoint_se3_contact_refined+sequence_se3_optimizer
129,5.333333,-0.610186,0.808806,4.869895,0.669021,0.329496,-0.280998,0.604055,0.088218561,0.883171339,0.058946408,0.166973187,0.051599162,1468.604736328,1468.604736328,640.000000000,360.000000000,1.826973909,4.411251304,0.935791096,9.729045616,chair_twohand_endpoint_se3_contact_refined+sequence_se3_optimizer
130,5.375000,-0.617956,0.818785,4.864147,0.670418,0.324253,-0.277455,0.606975,0.086962103,0.857061136,0.059235474,0.185585503,0.056777515,1468.604736328,1468.604736328,640.000000000,360.000000000,2.046465298,5.363335105,1.005202707,8.828048066,chair_twohand_endpoint_se3_contact_refined+sequence_se3_optimizer
131,5.416667,-0.624891,0.828121,4.858778,0.671774,0.319094,-0.273922,0.609808,0.086596692,0.835198227,0.060010268,0.197781217,0.061085810,1468.604736328,1468.604736328,640.000000000,360.000000000,1.960593722,5.049070580,1.012556375,8.430598708,chair_twohand_endpoint_se3_contact_refined+sequence_se3_optimizer
132,5.458333,-0.631024,0.836655,4.853819,0.673070,0.314070,-0.270430,0.612540,0.088641434,0.818965703,0.060395658,0.197882493,0.062040066,1468.604736328,1468.604736328,640.000000000,360.000000000,1.939569850,5.022946756,1.025357396,8.951054111,chair_twohand_endpoint_se3_contact_refined+sequence_se3_optimizer
133,5.500000,-0.636431,0.844262,4.849271,0.674287,0.309247,-0.267013,0.615148,0.092892850,0.809146854,0.060847592,0.188858352,0.060595160,1468.604736328,1468.604736328,640.000000000,360.000000000,1.857450580,4.862526137,1.013397501,7.099336252,chair_twohand_endpoint_se3_contact_refined+sequence_se3_optimizer
134,5.541667,-0.641199,0.850920,4.845115,0.675404,0.304735,-0.263712,0.617594,0.096510489,0.803745142,0.060859474,0.175896774,0.058390172,1468.604736328,1468.604736328,640.000000000,360.000000000,1.650608459,4.267379298,0.960174270,4.952872462,chair_twohand_endpoint_se3_contact_refined+sequence_se3_optimizer
135,5.583333,-0.645399,0.856702,4.841315,0.676394,0.300711,-0.260572,0.619811,0.099197356,0.798507910,0.061245733,0.165038063,0.056551206,1468.604736328,1468.604736328,640.000000000,360.000000000,1.367084487,3.262296272,0.918410100,3.831762852,chair_twohand_endpoint_se3_contact_refined+sequence_se3_optimizer
136,5.625000,-0.649087,0.861715,4.837832,0.677233,0.297355,-0.257659,0.621730,0.099352144,0.793932189,0.061810591,0.157791407,0.054930341,1468.604736328,1468.604736328,640.000000000,360.000000000,1.406546834,3.542255600,0.928270769,4.116622578,chair_twohand_endpoint_se3_contact_refined+sequence_se3_optimizer
137,5.666667,-0.652298,0.866051,4.834631,0.677924,0.294576,-0.255064,0.623367,0.097371352,0.789837980,0.062355951,0.155464847,0.053944430,1468.604736328,1468.604736328,640.000000000,360.000000000,1.381649535,3.510068952,0.936099460,3.984932414,chair_twohand_endpoint_se3_contact_refined+sequence_se3_optimizer
138,5.708333,-0.655063,0.869786,4.831694,0.678479,0.292225,-0.252880,0.624759,0.092323785,0.783959934,0.063081266,0.157495543,0.053911423,1468.604736328,1468.604736328,640.000000000,360.000000000,1.373374693,3.450878739,0.943818491,3.811191258,chair_twohand_endpoint_se3_contact_refined+sequence_se3_optimizer
139,5.750000,-0.657410,0.872980,4.829011,0.678909,0.290219,-0.251137,0.625927,0.086300791,0.779267232,0.062728982,0.161460302,0.054702867,1468.604736328,1468.604736328,640.000000000,360.000000000,1.373272406,3.435228482,0.950746678,3.692389190,chair_twohand_endpoint_se3_contact_refined+sequence_se3_optimizer
140,5.791667,-0.659369,0.875682,4.826580,0.679233,0.288516,-0.249781,0.626906,0.080501878,0.775055907,0.061590243,0.163897943,0.055663142,1468.604736328,1468.604736328,640.000000000,360.000000000,1.387118204,3.450036125,0.956935357,3.650710043,chair_twohand_endpoint_se3_contact_refined+sequence_se3_optimizer
141,5.833333,-0.660975,0.877936,4.824405,0.679466,0.287093,-0.248737,0.627720,0.075341176,0.770591539,0.060252133,0.165549602,0.057166988,1468.604736328,1468.604736328,640.000000000,360.000000000,1.430268918,3.493562722,0.962442666,3.754617344,chair_twohand_endpoint_se3_contact_refined+sequence_se3_optimizer
142,5.875000,-0.662262,0.879778,4.822501,0.679626,0.285937,-0.247944,0.628389,0.072355279,0.767249604,0.056960772,0.166529983,0.059042537,1468.604736328,1468.604736328,640.000000000,360.000000000,1.462046969,3.540957445,0.967776613,3.844586744,chair_twohand_endpoint_se3_contact_refined+sequence_se3_optimizer
143,5.916667,-0.663264,0.881235,4.820880,0.679723,0.285043,-0.247355,0.628922,0.070095629,0.764679292,0.054042282,0.167872385,0.061124057,1468.604736328,1468.604736328,640.000000000,360.000000000,1.496071461,3.575994516,0.972601784,3.987945236,chair_twohand_endpoint_se3_contact_refined+sequence_se3_optimizer
144,5.958333,-0.664008,0.882332,4.819554,0.679770,0.284403,-0.246938,0.629325,0.068658710,0.762684369,0.051831948,0.169958781,0.063229585,1468.604736328,1468.604736328,640.000000000,360.000000000,1.527678658,3.621884168,0.978386404,4.122448532,chair_twohand_endpoint_se3_contact_refined+sequence_se3_optimizer
145,6.000000,-0.664593,0.883209,4.818441,0.679790,0.283896,-0.246617,0.629657,0.068658710,0.762684369,0.051831948,0.169958781,0.063229585,1468.604736328,1468.604736328,640.000000000,360.000000000,1.612704176,3.967596163,0.987239273,4.542749662,chair_twohand_endpoint_se3_boundary_freeze_suffix+sequence_se3_optimizer
146,6.041667,-0.665071,0.883942,4.817479,0.679797,0.283472,-0.246357,0.629943,0.068658710,0.762684369,0.051831948,0.169958781,0.063229585,1468.604736328,1468.604736328,640.000000000,360.000000000,1.694099188,4.322668251,1.001697156,4.906761250,chair_twohand_endpoint_se3_boundary_freeze_suffix+sequence_se3_optimizer
147,6.083333,-0.665478,0.884578,4.816625,0.679794,0.283103,-0.246138,0.630197,0.068658710,0.762684369,0.051831948,0.169958781,0.063229585,1468.604736328,1468.604736328,640.000000000,360.000000000,1.751171116,4.588330336,1.014614900,5.134628329,chair_twohand_endpoint_se3_boundary_freeze_suffix+sequence_se3_optimizer
148,6.125000,-0.665824,0.885130,4.815869,0.679785,0.282782,-0.245952,0.630423,0.068658710,0.762684369,0.051831948,0.169958781,0.063229585,1468.604736328,1468.604736328,640.000000000,360.000000000,1.791907295,4.761091543,1.024455896,5.316484040,chair_twohand_endpoint_se3_boundary_freeze_suffix+sequence_se3_optimizer
149,6.166667,-0.666116,0.885607,4.815200,0.679772,0.282503,-0.245796,0.630624,0.068658710,0.762684369,0.051831948,0.169958781,0.063229585,1468.604736328,1468.604736328,640.000000000,360.000000000,1.828537261,4.866851509,1.033239557,5.543048739,chair_twohand_endpoint_se3_boundary_freeze_suffix+sequence_se3_optimizer
150,6.208333,-0.666363,0.886019,4.814612,0.679754,0.282262,-0.245665,0.630802,0.068658710,0.762684369,0.051831948,0.169958781,0.063229585,1468.604736328,1468.604736328,640.000000000,360.000000000,1.861602586,4.955457613,1.041748564,5.781835023,chair_twohand_endpoint_se3_boundary_freeze_suffix+sequence_se3_optimizer
151,6.250000,-0.666570,0.886373,4.814094,0.679734,0.282054,-0.245555,0.630960,0.068658710,0.762684369,0.051831948,0.169958781,0.063229585,1468.604736328,1468.604736328,640.000000000,360.000000000,1.879341433,5.006349892,1.046664504,5.911511880,chair_twohand_endpoint_se3_boundary_freeze_suffix+sequence_se3_optimizer
152,6.291667,-0.666743,0.886677,4.813640,0.679712,0.281874,-0.245464,0.631099,0.068658710,0.762684369,0.051831948,0.169958781,0.063229585,1468.604736328,1468.604736328,640.000000000,360.000000000,1.885006124,5.030149626,1.048453930,5.948526424,chair_twohand_endpoint_se3_boundary_freeze_suffix+sequence_se3_optimizer
153,6.333333,-0.666887,0.886937,4.813243,0.679690,0.281719,-0.245389,0.631221,0.068658710,0.762684369,0.051831948,0.169958781,0.063229585,1468.604736328,1468.604736328,640.000000000,360.000000000,1.888960122,5.046603058,1.049699137,5.976252305,chair_twohand_endpoint_se3_boundary_freeze_suffix+sequence_se3_optimizer
154,6.375000,-0.667005,0.887159,4.812897,0.679667,0.281587,-0.245328,0.631329,0.068658710,0.762684369,0.051831948,0.169958781,0.063229585,1468.604736328,1468.604736328,640.000000000,360.000000000,1.893269258,5.065753142,1.051020623,6.002731586,chair_twohand_endpoint_se3_boundary_freeze_suffix+sequence_se3_optimizer
155,6.416667,-0.667103,0.887347,4.812595,0.679644,0.281474,-0.245278,0.631423,0.068658710,0.762684369,0.051831948,0.169958781,0.063229585,1468.604736328,1468.604736328,640.000000000,360.000000000,1.893244230,5.063548504,1.051084718,6.005492585,chair_twohand_endpoint_se3_boundary_freeze_suffix+sequence_se3_optimizer
156,6.458333,-0.667182,0.887507,4.812334,0.679622,0.281377,-0.245238,0.631506,0.068658710,0.762684369,0.051831948,0.169958781,0.063229585,1468.604736328,1468.604736328,640.000000000,360.000000000,1.889916487,5.051113904,1.050083236,5.991466605,chair_twohand_endpoint_se3_boundary_freeze_suffix+sequence_se3_optimizer
157,6.500000,-0.667245,0.887641,4.812108,0.679600,0.281296,-0.245206,0.631578,0.068658710,0.762684369,0.051831948,0.169958781,0.063229585,1468.604736328,1468.604736328,640.000000000,360.000000000,1.881436163,5.023424398,1.047610153,5.938715773,chair_twohand_endpoint_se3_boundary_freeze_suffix+sequence_se3_optimizer
158,6.541667,-0.667296,0.887754,4.811913,0.679579,0.281226,-0.245181,0.631641,0.068658710,0.762684369,0.051831948,0.169958781,0.063229585,1468.604736328,1468.604736328,640.000000000,360.000000000,1.867277595,4.982732317,1.043715166,5.853078100,chair_twohand_endpoint_se3_boundary_freeze_suffix+sequence_se3_optimizer
159,6.583333,-0.667335,0.887848,4.811745,0.679560,0.281168,-0.245161,0.631695,0.068658710,0.762684369,0.051831948,0.169958781,0.063229585,1468.604736328,1468.604736328,640.000000000,360.000000000,1.795861704,4.765912321,1.024378213,5.546986775,chair_twohand_endpoint_se3_boundary_freeze_suffix+sequence_se3_optimizer
160,6.625000,-0.667365,0.887926,4.811601,0.679541,0.281119,-0.245147,0.631742,0.068658710,0.762684369,0.051831948,0.169958781,0.063229585,1468.604736328,1468.604736328,640.000000000,360.000000000,1.894522618,4.978017705,1.058428734,6.119774990,chair_twohand_endpoint_se3_boundary_freeze_suffix+sequence_se3_optimizer
161,6.666667,-0.667388,0.887991,4.811478,0.679524,0.281079,-0.245137,0.631783,0.068658710,0.762684369,0.051831948,0.169958781,0.063229585,1468.604736328,1468.604736328,640.000000000,360.000000000,1.837270419,4.415064309,1.059193015,7.510614006,chair_twohand_endpoint_se3_boundary_freeze_suffix+sequence_se3_optimizer
162,6.708333,-0.667404,0.888043,4.811373,0.679508,0.281045,-0.245130,0.631818,0.068658710,0.762684369,0.051831948,0.169958781,0.063229585,1468.604736328,1468.604736328,640.000000000,360.000000000,1.755429148,3.770128193,1.048337770,8.939727196,chair_twohand_endpoint_se3_boundary_freeze_suffix+sequence_se3_optimizer
163,6.750000,-0.667415,0.888086,4.811285,0.679493,0.281018,-0.245125,0.631849,0.068658710,0.762684369,0.051831948,0.169958781,0.063229585,1468.604736328,1468.604736328,640.000000000,360.000000000,1.702915137,3.705231676,1.040748633,8.417674351,chair_twohand_endpoint_se3_boundary_freeze_suffix+sequence_se3_optimizer
164,6.791667,-0.667422,0.888120,4.811210,0.679479,0.280995,-0.245123,0.631874,0.068658710,0.762684369,0.051831948,0.169958781,0.063229585,1468.604736328,1468.604736328,640.000000000,360.000000000,1.636285381,3.616316586,1.035843265,8.299933331,chair_twohand_endpoint_se3_boundary_freeze_suffix+sequence_se3_optimizer
165,6.833333,-0.667426,0.888147,4.811147,0.679466,0.280977,-0.245122,0.631896,0.068658710,0.762684369,0.051831948,0.169958781,0.063229585,1468.604736328,1468.604736328,640.000000000,360.000000000,1.549680981,3.517431242,1.033687797,8.194628837,chair_twohand_endpoint_se3_boundary_freeze_suffix+sequence_se3_optimizer
166,6.875000,-0.667426,0.888168,4.811094,0.679454,0.280962,-0.245123,0.631915,0.068658710,0.762684369,0.051831948,0.169958781,0.063229585,1468.604736328,1468.604736328,640.000000000,360.000000000,1.448754169,3.391544846,1.038771647,8.158077214,chair_twohand_endpoint_se3_boundary_freeze_suffix+sequence_se3_optimizer
167,6.916667,-0.667425,0.888184,4.811051,0.679444,0.280951,-0.245125,0.631931,0.068658710,0.762684369,0.051831948,0.169958781,0.063229585,1468.604736328,1468.604736328,640.000000000,360.000000000,1.368103323,3.233099453,1.049944533,8.161849146,chair_twohand_endpoint_se3_boundary_freeze_suffix+sequence_se3_optimizer
168,6.958333,-0.667422,0.888196,4.811015,0.679434,0.280942,-0.245127,0.631944,0.068658710,0.762684369,0.051831948,0.169958781,0.063229585,1468.604736328,1468.604736328,640.000000000,360.000000000,1.312019462,3.106584586,1.062116004,8.242489207,chair_twohand_endpoint_se3_boundary_freeze_suffix+sequence_se3_optimizer
169,7.000000,-0.667418,0.888204,4.810985,0.679425,0.280936,-0.245131,0.631955,0.068658710,0.762684369,0.051831948,0.169958781,0.063229585,1468.604736328,1468.604736328,640.000000000,360.000000000,1.302813919,3.093961151,1.064827338,8.348246995,chair_twohand_endpoint_se3_boundary_freeze_suffix+sequence_se3_optimizer
170,7.041667,-0.667413,0.888210,4.810961,0.679417,0.280931,-0.245134,0.631965,0.068658710,0.762684369,0.051831948,0.169958781,0.063229585,1468.604736328,1468.604736328,640.000000000,360.000000000,1.343589258,3.159138794,1.055110533,8.388827408,chair_twohand_endpoint_se3_boundary_freeze_suffix+sequence_se3_optimizer
171,7.083333,-0.667407,0.888213,4.810942,0.679410,0.280927,-0.245138,0.631972,0.068658710,0.762684369,0.051831948,0.169958781,0.063229585,1468.604736328,1468.604736328,640.000000000,360.000000000,1.366553082,3.165330121,1.050693616,8.402817377,chair_twohand_endpoint_se3_boundary_freeze_suffix+sequence_se3_optimizer
172,7.125000,-0.667401,0.888215,4.810926,0.679404,0.280925,-0.245142,0.631979,0.068658710,0.762684369,0.051831948,0.169958781,0.063229585,1468.604736328,1468.604736328,640.000000000,360.000000000,1.355345420,3.180192487,1.052713465,8.436927246,chair_twohand_endpoint_se3_boundary_freeze_suffix+sequence_se3_optimizer
173,7.166667,-0.667395,0.888215,4.810914,0.679398,0.280924,-0.245146,0.631984,0.068658710,0.762684369,0.051831948,0.169958781,0.063229585,1468.604736328,1468.604736328,640.000000000,360.000000000,1.331829195,3.234628073,1.058800207,8.466767684,chair_twohand_endpoint_se3_boundary_freeze_suffix+sequence_se3_optimizer
174,7.208333,-0.667388,0.888214,4.810905,0.679393,0.280923,-0.245150,0.631988,0.068658710,0.762684369,0.051831948,0.169958781,0.063229585,1468.604736328,1468.604736328,640.000000000,360.000000000,1.341296128,3.310404408,1.057675928,8.435948405,chair_twohand_endpoint_se3_boundary_freeze_suffix+sequence_se3_optimizer
175,7.250000,-0.667382,0.888212,4.810898,0.679389,0.280923,-0.245153,0.631991,0.068658710,0.762684369,0.051831948,0.169958781,0.063229585,1468.604736328,1468.604736328,640.000000000,360.000000000,1.335890948,3.301470775,1.059171503,8.416681376,chair_twohand_endpoint_se3_boundary_freeze_suffix+sequence_se3_optimizer
176,7.291667,-0.667376,0.888209,4.810893,0.679384,0.280924,-0.245157,0.631994,0.068658710,0.762684369,0.051831948,0.169958781,0.063229585,1468.604736328,1468.604736328,640.000000000,360.000000000,1.347647409,3.333667188,1.056536792,8.425209428,chair_twohand_endpoint_se3_boundary_freeze_suffix+sequence_se3_optimizer
177,7.333333,-0.667370,0.888207,4.810889,0.679381,0.280925,-0.245161,0.631996,0.068658710,0.762684369,0.051831948,0.169958781,0.063229585,1468.604736328,1468.604736328,640.000000000,360.000000000,1.347170384,3.344330667,1.056998041,8.442568781,chair_twohand_endpoint_se3_boundary_freeze_suffix+sequence_se3_optimizer
178,7.375000,-0.667365,0.888203,4.810887,0.679378,0.280926,-0.245164,0.631998,0.068658710,0.762684369,0.051831948,0.169958781,0.063229585,1468.604736328,1468.604736328,640.000000000,360.000000000,1.347912939,3.364245003,1.057236237,8.422657195,chair_twohand_endpoint_se3_boundary_freeze_suffix+sequence_se3_optimizer
179,7.416667,-0.667359,0.888200,4.810886,0.679375,0.280927,-0.245167,0.631999,0.068658710,0.762684369,0.051831948,0.169958781,0.063229585,1468.604736328,1468.604736328,640.000000000,360.000000000,1.344562738,3.377845126,1.058633149,8.393740926,chair_twohand_endpoint_se3_boundary_freeze_suffix+sequence_se3_optimizer
180,7.458333,-0.667354,0.888197,4.810885,0.679372,0.280929,-0.245170,0.632000,0.068658710,0.762684369,0.051831948,0.169958781,0.063229585,1468.604736328,1468.604736328,640.000000000,360.000000000,1.334012410,3.377844415,1.062060187,8.380031389,chair_twohand_endpoint_se3_boundary_freeze_suffix+sequence_se3_optimizer
181,7.500000,-0.667350,0.888193,4.810885,0.679370,0.280930,-0.245173,0.632000,0.068658710,0.762684369,0.051831948,0.169958781,0.063229585,1468.604736328,1468.604736328,640.000000000,360.000000000,1.318684977,3.362888421,1.067382498,8.403199204,chair_twohand_endpoint_se3_boundary_freeze_suffix+sequence_se3_optimizer
182,7.541667,-0.667345,0.888190,4.810886,0.679368,0.280932,-0.245175,0.632001,0.068658710,0.762684369,0.051831948,0.169958781,0.063229585,1468.604736328,1468.604736328,640.000000000,360.000000000,1.311746994,3.356635821,1.070215919,8.419792196,chair_twohand_endpoint_se3_boundary_freeze_suffix+sequence_se3_optimizer
183,7.583333,-0.667341,0.888187,4.810886,0.679367,0.280933,-0.245178,0.632001,0.068658710,0.762684369,0.051831948,0.169958781,0.063229585,1468.604736328,1468.604736328,640.000000000,360.000000000,1.310679544,3.355091394,1.070725849,8.450941315,chair_twohand_endpoint_se3_boundary_freeze_suffix+sequence_se3_optimizer
184,7.625000,-0.667338,0.888183,4.810888,0.679365,0.280935,-0.245180,0.632001,0.068658710,0.762684369,0.051831948,0.169958781,0.063229585,1468.604736328,1468.604736328,640.000000000,360.000000000,1.309902220,3.342940133,1.070446564,8.458804960,chair_twohand_endpoint_se3_boundary_freeze_suffix+sequence_se3_optimizer
185,7.666667,-0.667334,0.888181,4.810889,0.679364,0.280936,-0.245182,0.632001,0.068658710,0.762684369,0.051831948,0.169958781,0.063229585,1468.604736328,1468.604736328,640.000000000,360.000000000,1.320935514,3.362995464,1.066661878,8.448201693,chair_twohand_endpoint_se3_boundary_freeze_suffix+sequence_se3_optimizer
186,7.708333,-0.667331,0.888178,4.810890,0.679363,0.280938,-0.245183,0.632001,0.068658710,0.762684369,0.051831948,0.169958781,0.063229585,1468.604736328,1468.604736328,640.000000000,360.000000000,1.341309069,3.408045235,1.060899403,8.407873696,chair_twohand_endpoint_se3_boundary_freeze_suffix+sequence_se3_optimizer
187,7.750000,-0.667328,0.888175,4.810891,0.679362,0.280939,-0.245185,0.632001,0.068658710,0.762684369,0.051831948,0.169958781,0.063229585,1468.604736328,1468.604736328,640.000000000,360.000000000,1.359755076,3.448029148,1.056273965,8.386358257,chair_twohand_endpoint_se3_boundary_freeze_suffix+sequence_se3_optimizer
188,7.791667,-0.667326,0.888173,4.810893,0.679361,0.280940,-0.245187,0.632001,0.068658710,0.762684369,0.051831948,0.169958781,0.063229585,1468.604736328,1468.604736328,640.000000000,360.000000000,1.376836973,3.464707827,1.051971873,8.353343338,chair_twohand_endpoint_se3_boundary_freeze_suffix+sequence_se3_optimizer
189,7.833333,-0.667323,0.888170,4.810894,0.679360,0.280941,-0.245188,0.632001,0.068658710,0.762684369,0.051831948,0.169958781,0.063229585,1468.604736328,1468.604736328,640.000000000,360.000000000,1.402193659,3.490449114,1.046642907,8.323479725,chair_twohand_endpoint_se3_boundary_freeze_suffix+sequence_se3_optimizer
190,7.875000,-0.667321,0.888168,4.810895,0.679359,0.280942,-0.245189,0.632001,0.068658710,0.762684369,0.051831948,0.169958781,0.063229585,1468.604736328,1468.604736328,640.000000000,360.000000000,1.418157168,3.500987236,1.043883256,8.298791747,chair_twohand_endpoint_se3_boundary_freeze_suffix+sequence_se3_optimizer
191,7.916667,-0.667319,0.888166,4.810896,0.679358,0.280943,-0.245191,0.632001,0.068658710,0.762684369,0.051831948,0.169958781,0.063229585,1468.604736328,1468.604736328,640.000000000,360.000000000,1.432155378,3.527706789,1.041909394,8.295217964,chair_twohand_endpoint_se3_boundary_freeze_suffix+sequence_se3_optimizer
192,7.958333,-0.667317,0.888164,4.810898,0.679358,0.280944,-0.245192,0.632000,0.068658710,0.762684369,0.051831948,0.169958781,0.063229585,1468.604736328,1468.604736328,640.000000000,360.000000000,1.439958838,3.560704595,1.041121425,8.308899788,chair_twohand_endpoint_se3_boundary_freeze_suffix+sequence_se3_optimizer
