frame,time,object_name,center_x,center_y,center_source,tracking_available,track_center_x,track_center_y,track_center_source,mask_available,mask_center_x,mask_center_y,mask_area_px,bbox_x1,bbox_y1,bbox_x2,bbox_y2,bbox_w_px,bbox_h_px,lowest_visible_x,lowest_visible_y,lowest_visible_x1,lowest_visible_x2,enclosing_radius_px,major_axis_px,minor_axis_px,aspect_ratio,circularity,body_available,body_center_x,body_center_y,body_bbox_x1,body_bbox_y1,body_bbox_x2,body_bbox_y2,body_bbox_w_px,body_bbox_h_px,handle_side,handle_extra_left_px,handle_extra_right_px,track_geometry_conf,mask_conf,observation_conf,center_visible,left_x,left_y,left_visible,right_x,right_y,right_visible,top_x,top_y,top_visible,bottom_x,bottom_y,bottom_visible
1,0.000000,football,653.510,838.933,cotracker_box_center,1,654.000,837.500,cotracker_box_center,1,653.516,838.912,3554.5,619.000,807.000,690.000,869.000,71.000,62.000,662.500,868.000,653.000,672.000,36.661,71.002,66.759,1.145161,0.872461,0,,,,,,,,,,,,1.000000,0.872461,1.000000,1.000000,619.000,838.933,1.000000,689.000,838.933,1.000000,653.510,807.000,1.000000,653.510,868.000,1.000000
2,0.033333,football,653.954,839.422,cotracker_box_center,1,654.170,837.902,cotracker_box_center,1,653.222,839.062,3647.0,618.000,807.000,690.000,870.000,72.000,63.000,663.000,869.000,656.000,670.000,36.729,72.095,66.560,1.142857,0.877681,0,,,,,,,,,,,,1.000000,0.877681,1.000000,1.000000,619.270,839.165,1.000000,689.070,839.797,1.000000,654.265,807.460,1.000000,654.364,868.345,1.000000
3,0.066667,football,653.955,839.539,cotracker_box_center,1,654.102,837.968,cotracker_box_center,1,653.279,839.059,3640.0,618.000,807.000,690.000,870.000,72.000,63.000,663.000,869.000,656.000,670.000,36.730,71.889,66.720,1.142857,0.875996,0,,,,,,,,,,,,1.000000,0.875996,1.000000,1.000000,619.064,839.183,1.000000,689.139,839.960,1.000000,654.208,807.518,1.000000,654.340,868.417,1.000000
4,0.100000,football,653.746,839.389,cotracker_box_center,1,653.801,837.846,cotracker_box_center,1,653.134,839.075,3647.5,617.000,807.000,690.000,870.000,73.000,63.000,662.500,869.000,656.000,669.000,36.747,71.932,66.476,1.158730,0.875940,0,,,,,,,,,,,,1.000000,0.875940,1.000000,1.000000,618.853,838.929,1.000000,688.750,839.929,1.000000,653.795,807.479,1.000000,653.921,868.212,1.000000
5,0.133333,football,653.732,839.443,cotracker_box_center,1,653.770,837.825,cotracker_box_center,1,653.159,839.037,3646.5,617.000,807.000,690.000,870.000,73.000,63.000,662.000,869.000,656.000,668.000,36.747,71.987,66.247,1.158730,0.875700,0,,,,,,,,,,,,1.000000,0.875700,1.000000,1.000000,618.809,838.742,1.000000,688.732,839.989,1.000000,653.741,807.482,1.000000,653.797,868.167,1.000000
6,0.166667,football,653.787,839.393,cotracker_box_center,1,653.819,837.781,cotracker_box_center,1,653.103,839.014,3645.5,617.000,807.000,690.000,870.000,73.000,63.000,663.000,869.000,659.000,667.000,36.810,71.958,66.327,1.158730,0.875459,0,,,,,,,,,,,,1.000000,0.875459,1.000000,1.000000,618.908,838.448,1.000000,688.729,840.018,1.000000,653.744,807.460,1.000000,653.792,868.102,1.000000
7,0.200000,football,653.824,839.419,cotracker_box_center,1,653.867,837.769,cotracker_box_center,1,653.206,839.099,3641.5,617.000,807.000,690.000,870.000,73.000,63.000,663.500,869.000,657.000,670.000,36.809,71.876,66.198,1.158730,0.868199,0,,,,,,,,,,,,1.000000,0.868199,1.000000,1.000000,619.020,838.280,1.000000,688.714,840.122,1.000000,653.637,807.442,1.000000,653.746,868.096,1.000000
8,0.233333,football,653.853,839.390,cotracker_box_center,1,653.930,837.727,cotracker_box_center,1,653.171,839.074,3633.5,617.000,807.000,690.000,870.000,73.000,63.000,663.500,869.000,658.000,669.000,36.809,71.776,65.990,1.158730,0.866292,0,,,,,,,,,,,,1.000000,0.866292,1.000000,1.000000,619.187,838.137,1.000000,688.673,840.104,1.000000,653.614,807.394,1.000000,653.734,868.061,1.000000
9,0.266667,football,653.844,839.363,cotracker_box_center,1,653.986,837.652,cotracker_box_center,1,653.205,839.115,3629.5,617.000,807.000,690.000,870.000,73.000,63.000,663.500,869.000,657.000,670.000,36.746,71.926,66.217,1.158730,0.871617,0,,,,,,,,,,,,1.000000,0.871617,1.000000,1.000000,619.349,837.981,1.000000,688.623,840.038,1.000000,653.615,807.301,1.000000,653.648,868.004,1.000000
10,0.300000,football,653.825,839.322,cotracker_box_center,1,654.038,837.609,cotracker_box_center,1,653.132,839.109,3635.5,617.000,807.000,690.000,870.000,73.000,63.000,663.500,869.000,657.000,670.000,36.868,72.282,65.952,1.158730,0.866769,0,,,,,,,,,,,,1.000000,0.866769,1.000000,1.000000,619.484,837.836,1.000000,688.593,840.053,1.000000,653.582,807.272,1.000000,653.539,867.946,1.000000
11,0.333333,football,653.760,839.377,cotracker_box_center,1,653.972,837.612,cotracker_box_center,1,653.109,839.161,3658.5,617.000,807.000,690.000,870.000,73.000,63.000,663.000,869.000,656.000,670.000,36.922,72.407,66.147,1.158730,0.872252,0,,,,,,,,,,,,1.000000,0.872252,1.000000,1.000000,619.375,837.781,1.000000,688.570,840.038,1.000000,653.539,807.279,1.000000,653.433,867.944,1.000000
12,0.366667,football,653.663,839.412,cotracker_box_center,1,653.976,837.712,cotracker_box_center,1,653.035,839.153,3659.5,617.000,807.000,690.000,870.000,73.000,63.000,663.000,869.000,656.000,670.000,36.960,71.776,66.649,1.158730,0.878821,0,,,,,,,,,,,,1.000000,0.878821,1.000000,1.000000,619.414,838.023,1.000000,688.539,840.063,1.000000,653.463,807.382,1.000000,653.402,868.042,1.000000
13,0.400000,football,653.722,839.454,cotracker_box_center,1,654.015,837.824,cotracker_box_center,1,653.752,839.267,3607.5,618.000,807.000,690.000,870.000,72.000,63.000,663.500,869.000,656.000,671.000,36.692,71.483,66.391,1.142857,0.872643,0,,,,,,,,,,,,1.000000,0.872643,1.000000,1.000000,619.465,838.339,1.000000,688.565,840.083,1.000000,653.549,807.454,1.000000,653.589,868.194,1.000000
14,0.433333,football,653.728,839.442,cotracker_box_center,1,654.028,837.859,cotracker_box_center,1,653.829,839.212,3594.0,618.000,807.000,690.000,870.000,72.000,63.000,663.500,869.000,657.000,670.000,36.611,71.253,65.949,1.142857,0.873863,0,,,,,,,,,,,,1.000000,0.873863,1.000000,1.000000,619.480,838.483,1.000000,688.577,840.082,1.000000,653.533,807.463,1.000000,653.726,868.256,1.000000
15,0.466667,football,653.770,839.452,cotracker_box_center,1,654.155,837.911,cotracker_box_center,1,653.108,839.182,3651.0,617.000,807.000,690.000,870.000,73.000,63.000,662.500,869.000,655.000,670.000,36.741,71.849,66.579,1.158730,0.866039,0,,,,,,,,,,,,1.000000,0.866039,1.000000,1.000000,619.602,838.629,1.000000,688.708,840.067,1.000000,653.565,807.487,1.000000,653.915,868.336,1.000000
16,0.500000,football,653.824,839.455,cotracker_box_center,1,654.179,837.852,cotracker_box_center,1,653.134,839.231,3656.0,617.000,807.000,690.000,870.000,73.000,63.000,662.000,869.000,654.000,670.000,36.741,71.891,66.716,1.158730,0.867225,0,,,,,,,,,,,,1.000000,0.867225,1.000000,1.000000,619.598,838.670,1.000000,688.761,840.028,1.000000,653.473,807.428,1.000000,654.016,868.276,1.000000
17,0.533333,football,653.904,839.497,cotracker_box_center,1,654.285,837.889,cotracker_box_center,1,653.111,839.238,3655.0,617.000,807.000,690.000,870.000,73.000,63.000,662.000,869.000,654.000,670.000,36.741,71.892,66.881,1.158730,0.866988,0,,,,,,,,,,,,1.000000,0.866988,1.000000,1.000000,619.706,838.766,1.000000,688.863,840.055,1.000000,653.540,807.448,1.000000,654.150,868.330,1.000000
18,0.566667,football,654.002,839.544,cotracker_box_center,1,654.347,837.902,cotracker_box_center,1,653.133,839.218,3659.0,617.000,807.000,690.000,870.000,73.000,63.000,662.000,869.000,654.000,670.000,36.741,71.905,66.740,1.158730,0.867937,0,,,,,,,,,,,,1.000000,0.867937,1.000000,1.000000,619.799,838.788,1.000000,688.894,840.098,1.000000,653.575,807.431,1.000000,654.236,868.373,1.000000
19,0.600000,football,653.970,839.612,cotracker_box_center,1,654.294,837.907,cotracker_box_center,1,653.132,839.202,3663.0,617.000,807.000,690.000,870.000,73.000,63.000,662.000,869.000,654.000,670.000,36.770,71.951,66.747,1.158730,0.868885,0,,,,,,,,,,,,1.000000,0.868885,1.000000,1.000000,619.762,838.791,1.000000,688.827,840.100,1.000000,653.533,807.405,1.000000,654.193,868.409,1.000000
20,0.633333,football,654.114,839.630,cotracker_box_center,1,654.443,837.902,cotracker_box_center,1,653.149,839.209,3663.0,617.000,807.000,690.000,870.000,73.000,63.000,662.000,869.000,654.000,670.000,36.770,71.938,66.755,1.158730,0.868885,0,,,,,,,,,,,,1.000000,0.868885,1.000000,1.000000,619.912,838.776,1.000000,688.973,840.139,1.000000,653.678,807.366,1.000000,654.292,868.439,1.000000
21,0.666667,football,654.090,839.506,cotracker_box_center,1,654.378,837.780,cotracker_box_center,1,653.132,839.186,3669.0,617.000,807.000,690.000,870.000,73.000,63.000,662.000,869.000,654.000,670.000,36.770,71.844,67.111,1.158730,0.876607,0,,,,,,,,,,,,1.000000,0.876607,1.000000,1.000000,619.834,838.624,1.000000,688.921,840.076,1.000000,653.674,807.212,1.000000,654.119,868.348,1.000000
22,0.700000,football,653.996,839.419,cotracker_box_center,1,654.271,837.687,cotracker_box_center,1,653.813,839.247,3601.5,618.000,807.000,690.000,870.000,72.000,63.000,663.500,869.000,656.000,671.000,36.544,71.373,66.110,1.142857,0.880217,0,,,,,,,,,,,,1.000000,0.880217,1.000000,1.000000,619.710,838.472,1.000000,688.833,840.089,1.000000,653.615,807.117,1.000000,653.943,868.257,1.000000
23,0.733333,football,654.012,839.519,cotracker_box_center,1,654.257,837.717,cotracker_box_center,1,653.833,839.247,3600.0,618.000,807.000,690.000,870.000,72.000,63.000,663.500,869.000,656.000,671.000,36.543,71.352,66.175,1.142857,0.875322,0,,,,,,,,,,,,1.000000,0.875322,1.000000,1.000000,619.695,838.499,1.000000,688.818,840.108,1.000000,653.625,807.139,1.000000,653.913,868.295,1.000000
24,0.766667,football,653.968,839.407,cotracker_box_center,1,654.224,837.632,cotracker_box_center,1,653.128,839.218,3666.0,617.000,807.000,690.000,870.000,73.000,63.000,662.500,869.000,654.000,671.000,36.770,71.923,66.910,1.158730,0.869597,0,,,,,,,,,,,,1.000000,0.869597,1.000000,1.000000,619.604,838.345,1.000000,688.844,840.114,1.000000,653.617,807.070,1.000000,653.849,868.193,1.000000
25,0.800000,football,653.952,839.429,cotracker_box_center,1,654.207,837.668,cotracker_box_center,1,653.130,839.201,3671.0,617.000,807.000,690.000,870.000,73.000,63.000,662.500,869.000,654.000,671.000,36.770,71.847,67.106,1.158730,0.877085,0,,,,,,,,,,,,1.000000,0.877085,1.000000,1.000000,619.551,838.316,1.000000,688.862,840.223,1.000000,653.664,807.160,1.000000,653.853,868.176,1.000000
26,0.833333,football,653.933,839.409,cotracker_box_center,1,654.131,837.686,cotracker_box_center,1,653.152,839.201,3669.0,617.000,807.000,690.000,870.000,73.000,63.000,662.500,869.000,654.000,671.000,36.938,71.707,67.080,1.158730,0.876607,0,,,,,,,,,,,,1.000000,0.876607,1.000000,1.000000,619.471,838.287,1.000000,688.791,840.207,1.000000,653.574,807.209,1.000000,653.818,868.163,1.000000
27,0.866667,football,653.857,839.384,cotracker_box_center,1,654.010,837.632,cotracker_box_center,1,653.141,839.218,3667.0,617.000,807.000,690.000,870.000,73.000,63.000,662.000,869.000,654.000,670.000,36.938,71.786,66.829,1.158730,0.869834,0,,,,,,,,,,,,1.000000,0.869834,1.000000,1.000000,619.335,838.248,1.000000,688.685,840.108,1.000000,653.633,807.142,1.000000,653.723,868.122,1.000000
28,0.900000,football,653.816,839.443,cotracker_box_center,1,653.935,837.671,cotracker_box_center,1,653.145,839.211,3664.0,617.000,807.000,690.000,870.000,73.000,63.000,662.500,869.000,655.000,670.000,36.938,71.805,66.759,1.158730,0.869123,0,,,,,,,,,,,,1.000000,0.869123,1.000000,1.000000,619.285,838.318,1.000000,688.585,840.098,1.000000,653.620,807.183,1.000000,653.672,868.159,1.000000
29,0.933333,football,653.949,839.360,cotracker_box_center,1,654.001,837.606,cotracker_box_center,1,653.128,839.223,3670.0,617.000,807.000,690.000,870.000,73.000,63.000,662.000,869.000,654.000,670.000,36.938,71.748,66.865,1.158730,0.870546,0,,,,,,,,,,,,1.000000,0.870546,1.000000,1.000000,619.364,838.238,1.000000,688.639,840.074,1.000000,653.704,807.143,1.000000,653.726,868.069,1.000000
30,0.966667,football,653.898,839.418,cotracker_box_center,1,653.894,837.668,cotracker_box_center,1,653.129,839.225,3670.0,617.000,807.000,690.000,870.000,73.000,63.000,662.000,869.000,654.000,670.000,36.938,71.693,66.884,1.158730,0.870546,0,,,,,,,,,,,,1.000000,0.870546,1.000000,1.000000,619.319,838.310,1.000000,688.468,840.031,1.000000,653.581,807.193,1.000000,653.686,868.143,1.000000
31,1.000000,football,653.920,839.466,cotracker_box_center,1,653.917,837.720,cotracker_box_center,1,653.102,839.255,3668.0,617.000,807.000,690.000,870.000,73.000,63.000,662.500,869.000,654.000,671.000,36.770,71.917,66.696,1.158730,0.870071,0,,,,,,,,,,,,1.000000,0.870071,1.000000,1.000000,619.433,838.402,1.000000,688.401,840.035,1.000000,653.504,807.258,1.000000,653.727,868.181,1.000000
32,1.033333,football,654.097,839.425,cotracker_box_center,1,653.993,837.738,cotracker_box_center,1,653.123,839.210,3675.0,617.000,807.000,690.000,870.000,73.000,63.000,662.500,869.000,654.000,671.000,37.010,71.594,67.315,1.158730,0.878041,0,,,,,,,,,,,,1.000000,0.878041,1.000000,1.000000,619.593,838.494,1.000000,688.393,840.066,1.000000,653.484,807.316,1.000000,653.760,868.160,1.000000
33,1.066667,football,653.089,839.240,cotracker_box_center,1,653.000,838.000,cotracker_box_center,1,653.091,839.226,3678.0,617.000,807.000,690.000,870.000,73.000,63.000,662.000,869.000,653.000,671.000,36.846,71.791,67.385,1.158730,0.878758,0,,,,,,,,,,,,1.000000,0.878758,1.000000,1.000000,617.000,839.240,1.000000,689.000,839.240,1.000000,653.089,807.000,1.000000,653.089,869.000,1.000000
34,1.100000,football,653.490,839.634,cotracker_box_center,1,652.708,838.625,cotracker_box_center,1,653.082,839.228,3677.0,617.000,807.000,690.000,870.000,73.000,63.000,662.000,869.000,653.000,671.000,36.846,71.755,67.392,1.158730,0.878519,0,,,,,,,,,,,,1.000000,0.878519,1.000000,1.000000,616.685,839.292,1.000000,688.732,840.271,1.000000,653.648,807.652,1.000000,653.130,869.599,1.000000
35,1.133333,football,653.550,839.735,cotracker_box_center,1,652.864,838.748,cotracker_box_center,1,653.078,839.240,3680.0,617.000,807.000,690.000,870.000,73.000,63.000,662.000,869.000,653.000,671.000,36.846,71.789,67.327,1.158730,0.879236,0,,,,,,,,,,,,1.000000,0.879236,1.000000,1.000000,616.851,839.073,1.000000,688.877,840.480,1.000000,653.749,807.773,1.000000,653.214,869.722,1.000000
36,1.166667,football,653.527,839.571,cotracker_box_center,1,652.936,838.445,cotracker_box_center,1,653.076,839.264,3686.0,617.000,807.000,690.000,870.000,73.000,63.000,661.500,869.000,652.000,671.000,37.014,71.818,67.505,1.158730,0.880669,0,,,,,,,,,,,,1.000000,0.880669,1.000000,1.000000,617.004,838.547,1.000000,688.868,840.116,1.000000,653.881,807.493,1.000000,653.041,869.397,1.000000
37,1.200000,football,653.535,839.466,cotracker_box_center,1,653.085,838.284,cotracker_box_center,1,653.775,839.274,3618.5,618.000,807.000,690.000,870.000,72.000,63.000,663.000,869.000,655.000,671.000,36.600,71.915,66.496,1.142857,0.875304,0,,,,,,,,,,,,1.000000,0.875304,1.000000,1.000000,617.365,837.995,1.000000,688.804,839.921,1.000000,653.987,807.369,1.000000,653.017,869.199,1.000000
38,1.233333,football,653.422,839.547,cotracker_box_center,1,653.152,838.345,cotracker_box_center,1,653.833,839.268,3611.5,618.000,807.000,690.000,870.000,72.000,63.000,663.000,869.000,655.000,671.000,36.627,71.886,66.355,1.142857,0.873610,0,,,,,,,,,,,,1.000000,0.873610,1.000000,1.000000,617.589,837.896,1.000000,688.714,840.045,1.000000,653.931,807.454,1.000000,652.924,869.237,1.000000
39,1.266667,football,653.553,839.445,cotracker_box_center,1,653.814,838.171,cotracker_box_center,1,653.100,839.127,3651.0,617.000,807.000,690.000,870.000,73.000,63.000,663.500,869.000,656.000,671.000,36.786,71.953,66.901,1.158730,0.866039,0,,,,,,,,,,,,1.000000,0.866039,1.000000,1.000000,618.906,837.508,1.000000,688.722,839.996,1.000000,654.065,807.254,1.000000,652.879,869.088,1.000000
40,1.300000,football,653.601,839.444,cotracker_tb_center,1,653.481,838.188,cotracker_tb_center,1,652.879,839.222,3642.5,616.000,807.000,690.000,870.000,74.000,63.000,664.000,869.000,658.000,670.000,36.936,71.661,66.614,1.174603,0.862204,0,,,,,,,,,,,,0.750000,0.862204,0.862204,1.000000,619.210,837.256,0.000000,688.683,840.063,1.000000,654.075,807.272,1.000000,652.887,869.104,1.000000
41,1.333333,football,653.599,839.405,cotracker_tb_center,1,653.469,838.188,cotracker_tb_center,1,654.025,838.915,3557.5,618.000,807.000,690.000,870.000,72.000,63.000,665.000,869.000,660.000,670.000,36.488,71.368,65.177,1.142857,0.869463,0,,,,,,,,,,,,0.750000,0.869463,0.869463,1.000000,619.327,837.133,0.000000,688.680,839.991,1.000000,654.018,807.314,1.000000,652.920,869.062,1.000000
42,1.366667,football,653.674,839.353,cotracker_tb_center,1,653.546,838.162,cotracker_tb_center,1,652.995,839.179,3641.0,618.000,807.000,690.000,870.000,72.000,63.000,664.000,869.000,658.000,670.000,36.708,71.776,66.918,1.142857,0.869918,0,,,,,,,,,,,,0.750000,0.869918,0.869918,1.000000,619.572,837.247,0.000000,688.745,839.880,1.000000,654.032,807.290,1.000000,653.059,869.034,1.000000
43,1.400000,football,653.826,839.249,cotracker_tb_center,1,653.704,838.100,cotracker_tb_center,1,653.529,839.369,3634.5,618.000,807.000,690.000,870.000,72.000,63.000,663.500,869.000,656.000,671.000,36.730,71.778,67.088,1.142857,0.870205,0,,,,,,,,,,,,0.750000,0.870205,0.870205,1.000000,619.582,837.508,0.000000,688.832,839.677,1.000000,654.087,807.245,1.000000,653.320,868.956,1.000000
44,1.433333,football,653.807,839.118,cotracker_tb_center,1,653.766,838.099,cotracker_tb_center,1,653.520,839.368,3637.5,618.000,807.000,690.000,870.000,72.000,63.000,663.500,869.000,656.000,671.000,36.730,71.905,67.030,1.142857,0.870923,0,,,,,,,,,,,,0.750000,0.870923,0.870923,1.000000,619.299,837.506,0.000000,688.788,839.562,1.000000,654.069,807.263,1.000000,653.462,868.935,1.000000
45,1.466667,football,653.760,839.197,cotracker_tb_center,1,653.733,838.241,cotracker_tb_center,1,653.463,839.368,3638.0,618.000,807.000,690.000,870.000,72.000,63.000,664.000,869.000,657.000,671.000,36.730,71.640,67.049,1.142857,0.875515,0,,,,,,,,,,,,0.750000,0.875515,0.875515,1.000000,619.286,837.565,0.000000,688.661,839.569,1.000000,653.931,807.434,1.000000,653.536,869.047,1.000000
46,1.500000,football,653.783,839.209,cotracker_tb_center,1,653.850,838.156,cotracker_tb_center,1,653.522,839.378,3646.0,618.000,807.000,690.000,870.000,72.000,63.000,663.500,869.000,656.000,671.000,36.730,71.639,67.228,1.142857,0.877440,0,,,,,,,,,,,,0.750000,0.877440,0.877440,1.000000,619.377,837.614,0.000000,688.687,839.451,1.000000,654.128,807.342,1.000000,653.572,868.971,1.000000
47,1.533333,football,653.819,839.281,cotracker_tb_center,1,653.747,838.145,cotracker_tb_center,1,653.525,839.366,3645.0,618.000,807.000,690.000,870.000,72.000,63.000,663.500,869.000,656.000,671.000,36.730,71.504,67.247,1.142857,0.877199,0,,,,,,,,,,,,0.750000,0.877199,0.877199,1.000000,619.364,837.585,0.000000,688.645,839.358,1.000000,653.943,807.377,1.000000,653.551,868.913,1.000000
48,1.566667,football,653.919,839.236,cotracker_tb_center,1,653.966,838.133,cotracker_tb_center,1,653.573,839.404,3645.5,618.000,807.000,690.000,870.000,72.000,63.000,663.000,869.000,655.000,671.000,36.706,71.995,67.359,1.142857,0.872839,0,,,,,,,,,,,,0.750000,0.872839,0.872839,1.000000,619.584,837.481,0.000000,688.800,839.462,1.000000,654.156,807.414,1.000000,653.776,868.853,1.000000
49,1.600000,football,653.792,839.312,cotracker_tb_center,1,653.962,838.107,cotracker_tb_center,1,653.604,839.394,3643.5,618.000,807.000,690.000,870.000,72.000,63.000,663.000,869.000,655.000,671.000,36.612,72.073,67.164,1.142857,0.872360,0,,,,,,,,,,,,0.750000,0.872360,0.872360,1.000000,619.347,837.412,0.000000,688.727,839.387,1.000000,654.124,807.475,1.000000,653.801,868.740,1.000000
50,1.633333,football,653.587,839.092,cotracker_tb_center,1,654.115,838.037,cotracker_tb_center,1,653.596,839.385,3648.5,618.000,807.000,690.000,870.000,72.000,63.000,663.000,869.000,655.000,671.000,36.736,71.983,67.303,1.142857,0.873557,0,,,,,,,,,,,,0.750000,0.873557,0.873557,1.000000,619.367,837.029,0.000000,688.605,839.264,1.000000,654.274,807.347,1.000000,653.956,868.726,1.000000
51,1.666667,football,653.481,838.618,cotracker_tb_center,1,653.866,838.142,cotracker_tb_center,1,653.697,839.413,3622.5,619.000,807.000,690.000,870.000,71.000,63.000,664.000,869.000,660.000,668.000,36.616,72.410,66.910,1.126984,0.873639,0,,,,,,,,,,,,0.750000,0.873639,0.873639,1.000000,618.922,837.037,0.000000,688.172,839.057,1.000000,653.919,807.620,1.000000,653.812,868.663,1.000000
52,1.700000,football,682.704,787.710,cotracker_center_fallback,1,682.704,787.710,cotracker_center_fallback,1,684.000,787.514,3927.5,647.000,754.000,721.000,826.000,74.000,72.000,685.000,825.000,684.000,686.000,39.538,75.062,67.471,1.027778,0.844677,0,,,,,,,,,,,,0.250000,0.844677,0.844677,1.000000,646.747,790.404,0.000000,713.667,793.875,0.000000,681.547,756.166,0.000000,679.229,831.368,1.000000
53,1.733333,football,682.303,787.945,cotracker_center_fallback,1,682.303,787.945,cotracker_center_fallback,1,684.415,787.450,3897.5,648.000,754.000,722.000,826.000,74.000,72.000,685.500,825.000,685.000,686.000,39.386,74.722,67.087,1.027778,0.838225,0,,,,,,,,,,,,0.250000,0.838225,0.838225,1.000000,646.569,789.493,0.000000,715.030,792.020,0.000000,681.478,756.834,0.000000,679.102,827.908,1.000000
54,1.766667,football,700.809,711.024,cotracker_center_fallback,1,700.809,711.024,cotracker_center_fallback,1,700.425,710.823,4525.5,660.000,675.000,740.000,748.000,80.000,73.000,705.500,747.000,698.000,713.000,39.901,78.552,74.195,1.095890,0.894043,0,,,,,,,,,,,,0.500000,0.894043,0.894043,1.000000,663.103,714.872,0.000000,729.836,720.063,1.000000,700.119,679.468,0.000000,696.828,755.812,1.000000
55,1.800000,football,711.371,631.171,cotracker_center_fallback,1,711.371,631.171,cotracker_center_fallback,1,711.949,639.530,4233.0,673.000,599.000,751.000,675.000,78.000,76.000,723.000,674.000,723.000,723.000,40.503,75.930,73.962,1.026316,0.819370,0,,,,,,,,,,,,0.250000,0.819370,0.819370,1.000000,673.738,632.567,0.000000,741.587,639.550,0.000000,711.443,599.728,0.000000,708.071,678.308,1.000000
56,1.833333,football,716.724,576.812,cotracker_center_fallback,1,716.724,576.812,cotracker_center_fallback,1,716.847,583.706,4649.0,678.000,544.000,755.000,624.000,77.000,80.000,722.500,623.000,720.000,725.000,40.479,78.055,76.215,0.962500,0.882592,0,,,,,,,,,,,,0.500000,0.882592,0.882592,1.000000,680.661,582.523,0.000000,747.165,581.132,1.000000,715.336,548.739,0.000000,716.093,619.487,1.000000
57,1.866667,football,724.903,523.836,cotracker_center_fallback,1,724.903,523.836,cotracker_center_fallback,1,722.308,531.780,4794.0,681.000,493.000,762.000,573.000,81.000,80.000,727.500,572.000,723.000,732.000,41.269,79.783,76.619,1.012500,0.871380,0,,,,,,,,,,,,0.250000,0.871380,0.871380,1.000000,689.143,530.768,0.000000,754.760,529.123,0.000000,723.415,493.901,0.000000,723.892,567.924,1.000000
58,1.900000,football,732.455,473.137,cotracker_center_fallback,1,732.455,473.137,cotracker_center_fallback,1,726.642,480.533,4691.5,688.000,442.000,766.000,519.000,78.000,77.000,724.000,518.000,715.000,733.000,40.327,78.478,77.017,1.012987,0.889965,0,,,,,,,,,,,,0.250000,0.889965,0.889965,1.000000,696.574,479.555,0.000000,762.321,478.640,0.000000,730.928,441.902,0.000000,730.641,518.021,1.000000
59,1.933333,football,733.883,471.808,cotracker_center_fallback,1,733.883,471.808,cotracker_center_fallback,1,726.755,480.392,4648.5,688.000,443.000,766.000,518.000,78.000,75.000,726.500,517.000,715.000,738.000,40.116,78.464,76.502,1.040000,0.909869,0,,,,,,,,,,,,0.250000,0.909869,0.909869,1.000000,696.831,478.806,0.000000,762.778,479.846,0.000000,732.151,441.060,0.000000,731.136,517.926,1.000000
60,1.966667,football,736.776,428.165,cotracker_center_fallback,1,736.776,428.165,cotracker_center_fallback,1,729.932,437.402,4676.5,692.000,400.000,769.000,477.000,77.000,77.000,728.000,476.000,725.000,731.000,40.442,79.021,76.214,1.000000,0.892858,0,,,,,,,,,,,,0.250000,0.892858,0.892858,1.000000,698.708,436.244,0.000000,766.542,435.887,0.000000,733.654,397.753,0.000000,733.262,477.392,1.000000
61,2.000000,football,739.852,391.241,cotracker_center_fallback,1,739.852,391.241,cotracker_center_fallback,1,731.897,401.622,4815.5,693.000,364.000,770.000,441.000,77.000,77.000,730.500,440.000,722.000,739.000,41.441,80.736,77.756,1.000000,0.894714,0,,,,,,,,,,,,0.250000,0.894714,0.894714,1.000000,701.750,400.849,0.000000,768.907,401.034,0.000000,736.578,363.781,0.000000,736.465,442.517,1.000000
62,2.033333,football,739.156,357.469,cotracker_center_fallback,1,739.156,357.469,cotracker_center_fallback,1,734.352,370.298,4612.5,696.000,333.000,775.000,410.000,79.000,77.000,731.000,409.000,727.000,735.000,40.316,78.694,75.359,1.025974,0.877317,0,,,,,,,,,,,,0.250000,0.877317,0.877317,1.000000,700.123,368.513,0.000000,769.261,366.487,0.000000,734.742,330.126,0.000000,737.880,408.154,1.000000
63,2.066667,football,740.762,331.639,cotracker_center_fallback,1,740.762,331.639,cotracker_center_fallback,1,736.350,343.354,4734.0,697.000,305.000,776.000,382.000,79.000,77.000,737.000,381.000,727.000,747.000,40.055,78.500,77.472,1.025974,0.888239,0,,,,,,,,,,,,0.500000,0.888239,0.888239,1.000000,702.016,343.775,0.000000,770.180,339.112,1.000000,736.868,307.232,0.000000,740.482,381.913,1.000000
64,2.100000,football,740.644,331.136,cotracker_center_fallback,1,740.644,331.136,cotracker_center_fallback,1,736.255,343.421,4717.5,697.000,305.000,776.000,382.000,79.000,77.000,737.000,381.000,727.000,747.000,40.055,78.605,77.207,1.025974,0.889164,0,,,,,,,,,,,,0.500000,0.889164,0.889164,1.000000,701.547,344.009,0.000000,770.101,339.068,1.000000,737.241,307.580,0.000000,741.037,381.493,1.000000
65,2.133333,football,738.766,322.555,cotracker_box_center,1,739.000,322.000,cotracker_box_center,1,738.762,322.561,4711.5,700.000,284.000,779.000,361.000,79.000,77.000,738.500,360.000,729.000,748.000,40.541,78.842,76.344,1.025974,0.888033,0,,,,,,,,,,,,1.000000,0.888033,1.000000,1.000000,700.000,322.555,1.000000,778.000,322.555,1.000000,738.766,284.000,1.000000,738.766,360.000,1.000000
66,2.166667,football,741.410,300.780,cotracker_center_fallback,1,741.410,300.780,cotracker_center_fallback,1,740.282,305.653,4755.0,702.000,266.000,782.000,345.000,80.000,79.000,740.000,344.000,732.000,748.000,40.449,79.695,76.310,1.012658,0.891200,0,,,,,,,,,,,,0.500000,0.891200,0.891200,1.000000,702.592,304.368,1.000000,777.685,306.336,0.000000,738.820,267.292,0.000000,740.890,345.177,1.000000
67,2.200000,football,742.876,289.768,cotracker_center_fallback,1,742.876,289.768,cotracker_center_fallback,1,741.971,295.505,4864.0,703.000,255.000,783.000,336.000,80.000,81.000,741.500,335.000,737.000,746.000,40.717,79.048,78.473,0.987654,0.884103,0,,,,,,,,,,,,0.500000,0.884103,0.884103,1.000000,704.253,293.206,1.000000,778.324,295.719,0.000000,739.383,257.615,0.000000,742.020,335.170,1.000000
68,2.233333,football,743.253,290.267,cotracker_center_fallback,1,743.253,290.267,cotracker_center_fallback,1,741.467,295.313,4992.5,701.000,254.000,783.000,336.000,82.000,82.000,741.000,335.000,735.000,747.000,41.214,80.022,79.622,1.000000,0.878869,0,,,,,,,,,,,,0.500000,0.878869,0.878869,1.000000,705.162,292.670,1.000000,778.488,295.432,0.000000,739.664,257.395,0.000000,742.416,334.558,1.000000
69,2.266667,football,743.808,287.364,cotracker_center_fallback,1,743.808,287.364,cotracker_center_fallback,1,742.743,290.631,4871.0,703.000,252.000,783.000,330.000,80.000,78.000,743.000,329.000,737.000,749.000,40.804,79.979,78.284,1.025641,0.894290,0,,,,,,,,,,,,0.500000,0.894290,0.894290,1.000000,706.468,290.799,1.000000,779.040,292.905,0.000000,740.524,254.927,0.000000,743.284,330.774,1.000000
70,2.300000,football,744.791,289.624,cotracker_center_fallback,1,744.791,289.624,cotracker_center_fallback,1,743.174,290.879,4798.5,704.000,252.000,784.000,331.000,80.000,79.000,741.500,330.000,736.000,747.000,40.854,78.917,77.362,1.012658,0.871531,0,,,,,,,,,,,,0.500000,0.871531,0.871531,1.000000,708.119,293.126,1.000000,779.900,293.403,0.000000,740.901,255.718,0.000000,744.356,331.125,1.000000
71,2.333333,football,744.361,293.179,cotracker_center_fallback,1,744.361,293.179,cotracker_center_fallback,1,743.511,294.473,4772.5,706.000,254.000,784.000,335.000,78.000,81.000,740.500,334.000,734.000,747.000,40.664,79.068,77.523,0.962963,0.890447,0,,,,,,,,,,,,0.250000,0.890447,0.890447,1.000000,707.464,296.475,1.000000,779.691,296.014,0.000000,740.300,258.781,0.000000,742.632,334.620,0.000000
72,2.366667,football,746.498,302.977,cotracker_center_fallback,1,746.498,302.977,cotracker_center_fallback,1,745.358,303.904,4785.0,707.000,266.000,785.000,345.000,78.000,79.000,746.000,344.000,744.000,748.000,40.376,78.544,78.040,0.987342,0.892088,0,,,,,,,,,,,,0.250000,0.892088,0.892088,1.000000,709.677,306.066,1.000000,781.886,303.515,0.000000,741.917,267.091,0.000000,744.755,342.550,0.000000
73,2.400000,football,748.150,319.512,cotracker_center_fallback,1,748.150,319.512,cotracker_center_fallback,1,746.669,318.169,5165.5,707.000,279.000,790.000,360.000,83.000,81.000,746.500,359.000,745.000,748.000,42.116,82.284,80.672,1.024691,0.885863,0,,,,,,,,,,,,0.250000,0.885863,0.885863,1.000000,711.164,321.196,1.000000,783.126,317.857,0.000000,743.201,281.805,0.000000,746.372,358.111,0.000000
74,2.433333,football,748.607,320.629,cotracker_center_fallback,1,748.607,320.629,cotracker_center_fallback,1,746.681,318.107,4968.0,708.000,279.000,788.000,359.000,80.000,80.000,747.500,358.000,744.000,751.000,40.922,80.383,79.176,1.000000,0.892692,0,,,,,,,,,,,,0.250000,0.892692,0.892692,1.000000,711.736,322.834,1.000000,783.638,319.414,0.000000,743.126,282.736,0.000000,746.845,359.538,0.000000
75,2.466667,football,749.805,337.679,cotracker_center_fallback,1,749.805,337.679,cotracker_center_fallback,1,748.212,337.059,4862.5,710.000,296.000,788.000,378.000,78.000,82.000,746.500,377.000,746.000,747.000,41.030,79.693,78.264,0.951220,0.862237,0,,,,,,,,,,,,0.000000,0.862237,0.862237,1.000000,713.111,340.150,0.000000,784.926,335.372,0.000000,744.352,299.758,0.000000,747.862,375.198,0.000000
76,2.500000,football,750.508,360.670,cotracker_center_fallback,1,750.508,360.670,cotracker_center_fallback,1,748.070,359.697,4962.5,709.000,319.000,789.000,400.000,80.000,81.000,746.500,399.000,739.000,754.000,41.037,80.154,79.275,0.987654,0.892382,0,,,,,,,,,,,,0.250000,0.892382,0.892382,0.000000,713.537,363.114,1.000000,785.044,357.810,0.000000,745.138,322.376,0.000000,747.820,397.087,0.000000
77,2.533333,football,750.450,390.604,cotracker_center_fallback,1,750.450,390.604,cotracker_center_fallback,1,747.977,387.854,4858.5,709.000,348.000,786.000,429.000,77.000,81.000,750.000,428.000,744.000,756.000,41.219,80.320,77.859,0.950617,0.888014,0,,,,,,,,,,,,0.250000,0.888014,0.888014,1.000000,713.284,391.877,1.000000,784.887,384.961,0.000000,744.662,349.909,0.000000,747.987,425.772,0.000000
78,2.566667,football,752.857,421.011,cotracker_center_fallback,1,752.857,421.011,cotracker_center_fallback,1,748.479,420.058,4847.0,709.000,381.000,788.000,461.000,79.000,80.000,746.000,460.000,746.000,746.000,40.566,79.281,78.226,0.987500,0.884275,0,,,,,,,,,,,,0.500000,0.884275,0.884275,1.000000,714.828,422.325,1.000000,787.014,412.852,0.000000,747.080,381.516,1.000000,749.268,456.012,0.000000
79,2.600000,football,753.021,422.541,cotracker_center_fallback,1,753.021,422.541,cotracker_center_fallback,1,748.408,419.950,4846.0,709.000,381.000,788.000,460.000,79.000,79.000,749.000,459.000,742.000,756.000,40.531,79.012,78.368,1.000000,0.889700,0,,,,,,,,,,,,0.000000,0.889700,0.889700,0.000000,716.290,423.599,0.000000,786.923,415.279,0.000000,746.588,383.271,0.000000,749.554,457.485,0.000000
80,2.633333,football,752.208,458.373,cotracker_center_fallback,1,752.208,458.373,cotracker_center_fallback,1,749.149,456.286,4795.0,710.000,418.000,790.000,497.000,80.000,79.000,747.500,496.000,744.000,751.000,40.487,78.758,77.808,1.012658,0.874788,0,,,,,,,,,,,,0.500000,0.874788,0.874788,1.000000,714.524,460.030,1.000000,786.288,450.293,0.000000,745.332,419.637,1.000000,748.894,493.337,0.000000
81,2.666667,football,749.915,496.014,cotracker_center_fallback,1,749.915,496.014,cotracker_center_fallback,1,748.939,495.432,4892.0,710.000,456.000,788.000,535.000,78.000,79.000,750.500,534.000,742.000,759.000,41.704,80.700,78.029,0.987342,0.887835,0,,,,,,,,,,,,0.250000,0.887835,0.887835,1.000000,712.453,497.471,0.000000,784.941,487.643,0.000000,743.682,456.984,1.000000,746.153,530.909,0.000000
82,2.700000,football,749.826,541.187,cotracker_center_fallback,1,749.826,541.187,cotracker_center_fallback,1,748.890,543.053,4847.0,711.000,504.000,790.000,583.000,79.000,79.000,748.000,582.000,743.000,753.000,41.141,79.432,78.410,1.000000,0.874155,0,,,,,,,,,,,,0.250000,0.874155,0.874155,0.000000,712.425,541.600,0.000000,785.448,532.988,0.000000,744.781,503.291,1.000000,745.884,576.652,0.000000
83,2.733333,football,749.961,543.330,cotracker_center_fallback,1,749.961,543.330,cotracker_center_fallback,1,748.350,542.735,4936.5,710.000,503.000,789.000,583.000,79.000,80.000,747.500,582.000,742.000,753.000,41.546,79.969,79.246,0.987500,0.873107,0,,,,,,,,,,,,0.250000,0.873107,0.873107,0.000000,713.798,543.302,0.000000,784.935,535.094,0.000000,743.900,506.749,1.000000,744.977,576.855,0.000000
84,2.766667,football,750.221,592.473,cotracker_center_fallback,1,750.221,592.473,cotracker_center_fallback,1,747.327,592.450,4706.5,708.000,555.000,787.000,631.000,79.000,76.000,748.000,630.000,739.000,757.000,40.515,79.133,76.386,1.039474,0.884738,0,,,,,,,,,,,,0.250000,0.884738,0.884738,1.000000,715.299,594.751,0.000000,784.591,583.853,0.000000,745.039,556.621,1.000000,745.176,624.744,0.000000
85,2.800000,football,750.415,646.871,cotracker_center_fallback,1,750.415,646.871,cotracker_center_fallback,1,750.318,643.522,4399.0,707.000,608.000,791.000,678.000,84.000,70.000,754.000,677.000,743.000,765.000,41.859,79.499,72.889,1.200000,0.815805,0,,,,,,,,,,,,0.250000,0.815805,0.815805,1.000000,717.516,646.034,0.000000,784.321,639.711,0.000000,747.625,612.492,1.000000,742.540,670.248,0.000000
86,2.833333,football,749.690,705.028,cotracker_center_fallback,1,749.690,705.028,cotracker_center_fallback,1,752.710,697.762,4587.5,714.000,658.000,791.000,737.000,77.000,79.000,749.000,736.000,745.000,753.000,40.695,77.719,75.224,0.974684,0.869276,0,,,,,,,,,,,,0.250000,0.869276,0.869276,1.000000,716.938,703.295,0.000000,783.530,693.818,0.000000,747.814,667.533,1.000000,742.511,724.768,0.000000
87,2.866667,football,749.134,732.573,cotracker_center_fallback,1,749.134,732.573,cotracker_center_fallback,1,754.446,721.141,4171.5,717.000,684.000,790.000,759.000,73.000,75.000,754.500,758.000,753.000,756.000,41.110,76.702,70.609,0.973333,0.843869,0,,,,,,,,,,,,0.250000,0.843869,0.843869,0.000000,717.121,730.242,0.000000,783.209,723.476,0.000000,748.485,696.674,1.000000,741.558,754.253,0.000000
88,2.900000,football,749.427,700.441,cotracker_center_fallback,1,749.427,700.441,cotracker_center_fallback,1,750.330,693.260,4801.5,712.000,654.000,789.000,732.000,77.000,78.000,753.500,731.000,745.000,762.000,41.880,79.432,78.366,0.987179,0.878548,0,,,,,,,,,,,,0.000000,0.878548,0.878548,0.000000,717.689,702.752,0.000000,782.913,693.342,0.000000,747.331,667.943,0.000000,743.914,725.835,0.000000
89,2.933333,football,749.669,698.530,cotracker_center_fallback,1,749.669,698.530,cotracker_center_fallback,1,749.415,693.387,4967.5,708.000,653.000,789.000,733.000,81.000,80.000,752.500,732.000,749.000,756.000,42.227,81.103,79.119,1.012500,0.867768,0,,,,,,,,,,,,0.000000,0.867768,0.867768,0.000000,719.360,700.254,0.000000,782.166,692.073,0.000000,747.816,666.646,0.000000,744.386,722.383,0.000000
90,2.966667,football,747.153,676.864,cotracker_center_fallback,1,747.153,676.864,cotracker_center_fallback,1,750.283,670.118,4829.5,711.000,630.000,786.000,713.000,75.000,83.000,769.500,712.000,768.000,771.000,45.440,84.964,74.608,0.903614,0.803119,0,,,,,,,,,,,,0.000000,0.803119,0.803119,0.000000,717.217,679.502,0.000000,777.308,672.465,0.000000,744.659,646.200,0.000000,740.705,701.953,0.000000
91,3.000000,football,743.886,652.106,cotracker_center_fallback,1,743.886,652.106,cotracker_center_fallback,1,748.361,646.481,3972.5,707.000,610.000,787.000,680.000,80.000,70.000,751.500,679.000,749.000,754.000,39.832,76.811,69.000,1.142857,0.831404,0,,,,,,,,,,,,0.000000,0.831404,0.831404,0.000000,715.655,652.725,0.000000,775.560,647.154,0.000000,740.732,624.154,0.000000,739.286,670.463,0.000000
92,3.033333,football,743.780,633.705,cotracker_center_fallback,1,743.780,633.705,cotracker_center_fallback,1,747.893,632.672,4571.0,707.000,596.000,789.000,668.000,82.000,72.000,754.000,667.000,745.000,763.000,42.619,82.818,71.163,1.138889,0.876714,0,,,,,,,,,,,,0.000000,0.876714,0.876714,0.000000,715.452,634.445,0.000000,775.226,628.252,0.000000,740.261,605.906,0.000000,739.038,655.052,0.000000
93,3.066667,football,742.111,622.901,cotracker_center_fallback,1,742.111,622.901,cotracker_center_fallback,1,745.538,624.246,4917.0,705.000,585.000,786.000,665.000,81.000,80.000,746.000,664.000,746.000,746.000,42.917,84.136,74.956,1.012500,0.857395,0,,,,,,,,,,,,0.000000,0.857395,0.857395,0.000000,714.430,622.649,0.000000,774.116,617.160,0.000000,739.152,596.029,0.000000,737.818,643.047,0.000000
94,3.100000,football,741.809,622.113,cotracker_center_fallback,1,741.809,622.113,cotracker_center_fallback,1,745.446,624.111,4900.5,704.000,585.000,786.000,664.000,82.000,79.000,749.000,663.000,745.000,753.000,42.654,84.026,74.564,1.037975,0.865816,0,,,,,,,,,,,,0.000000,0.865816,0.865816,0.000000,714.704,624.355,0.000000,773.708,615.638,0.000000,739.513,596.308,0.000000,737.332,643.787,0.000000
95,3.133333,football,741.106,619.174,cotracker_center_fallback,1,741.106,619.174,cotracker_center_fallback,1,743.146,619.902,4750.0,703.000,581.000,784.000,660.000,81.000,79.000,750.500,659.000,747.000,754.000,41.074,81.166,75.107,1.025316,0.861133,0,,,,,,,,,,,,0.000000,0.861133,0.861133,0.000000,714.458,622.511,0.000000,772.984,614.827,0.000000,739.812,596.354,0.000000,735.398,640.775,0.000000
96,3.166667,football,742.166,620.595,cotracker_center_fallback,1,742.166,620.595,cotracker_center_fallback,1,743.387,622.517,4756.0,703.000,583.000,782.000,663.000,79.000,80.000,752.500,662.000,751.000,754.000,42.194,82.189,74.408,0.987500,0.859978,0,,,,,,,,,,,,0.000000,0.859978,0.859978,0.000000,714.483,621.806,0.000000,772.427,615.485,0.000000,738.825,595.844,0.000000,738.358,642.234,0.000000
97,3.200000,football,741.345,626.537,cotracker_box_center,1,740.500,626.500,cotracker_box_center,1,741.344,626.536,4964.5,701.000,586.000,781.000,668.000,80.000,82.000,741.500,667.000,737.000,746.000,42.780,80.809,78.679,0.975610,0.856628,0,,,,,,,,,,,,1.000000,0.856628,1.000000,1.000000,701.000,626.537,1.000000,780.000,626.537,1.000000,741.345,586.000,1.000000,741.345,667.000,1.000000
98,3.233333,football,741.616,627.493,cotracker_box_center,1,740.854,626.938,cotracker_box_center,1,741.723,626.611,4800.0,702.000,587.000,781.000,668.000,79.000,81.000,741.500,667.000,738.000,745.000,41.758,79.104,77.926,0.975309,0.862504,0,,,,,,,,,,,,1.000000,0.862504,1.000000,1.000000,701.190,627.301,1.000000,780.517,627.152,1.000000,741.862,586.305,1.000000,741.268,667.570,1.000000
99,3.266667,football,742.617,632.745,cotracker_lr_center,1,741.964,629.445,cotracker_lr_center,1,739.948,636.998,4847.5,698.000,600.000,780.000,675.000,82.000,75.000,749.500,674.000,745.000,754.000,42.256,82.934,75.585,1.093333,0.868124,0,,,,,,,,,,,,0.750000,0.868124,0.868124,1.000000,703.042,631.646,1.000000,780.886,627.243,1.000000,754.448,585.175,1.000000,741.520,669.424,0.000000
100,3.300000,football,742.128,646.028,cotracker_center_fallback,1,742.128,646.028,cotracker_center_fallback,1,740.055,653.547,4615.0,703.000,615.000,780.000,693.000,77.000,78.000,737.500,692.000,735.000,740.000,40.475,78.424,75.574,0.987179,0.855863,0,,,,,,,,,,,,0.500000,0.855863,0.855863,1.000000,704.348,638.981,0.000000,779.764,628.543,1.000000,765.342,584.748,1.000000,741.192,674.672,0.000000
101,3.333333,football,743.449,672.964,cotracker_center_fallback,1,743.449,672.964,cotracker_center_fallback,1,741.808,680.719,4705.5,706.000,642.000,780.000,723.000,74.000,81.000,733.500,722.000,729.000,738.000,42.429,82.375,73.451,0.913580,0.868732,0,,,,,,,,,,,,0.500000,0.868732,0.868732,0.000000,707.497,653.560,0.000000,779.604,629.975,1.000000,777.288,584.443,1.000000,742.608,682.748,0.000000
102,3.366667,football,743.445,701.887,cotracker_center_fallback,1,743.445,701.887,cotracker_center_fallback,1,740.719,707.355,5087.5,701.000,667.000,780.000,749.000,79.000,82.000,746.500,748.000,740.000,753.000,43.127,85.126,77.208,0.963415,0.873404,0,,,,,,,,,,,,0.500000,0.873404,0.873404,0.000000,708.557,671.344,0.000000,779.734,630.475,1.000000,782.978,580.920,1.000000,742.665,684.382,0.000000
103,3.400000,football,742.455,728.398,cotracker_center_fallback,1,742.455,728.398,cotracker_center_fallback,1,738.654,736.412,5365.5,697.000,696.000,782.000,778.000,85.000,82.000,731.000,786.000,731.000,731.000,43.062,83.579,82.353,1.036585,0.873278,0,,,,,,,,,,,,0.500000,0.873278,0.873278,1.000000,708.580,689.953,0.000000,779.549,629.322,1.000000,783.195,576.936,1.000000,742.202,678.658,0.000000
104,3.433333,football,742.280,729.242,cotracker_center_fallback,1,742.280,729.242,cotracker_center_fallback,1,738.619,736.418,5300.5,698.000,697.000,782.000,778.000,84.000,81.000,729.000,777.000,723.000,735.000,43.034,83.603,81.466,1.037037,0.880533,0,,,,,,,,,,,,0.500000,0.880533,0.880533,0.000000,708.680,691.321,0.000000,779.294,628.920,1.000000,782.232,576.699,1.000000,741.523,678.246,0.000000
105,3.466667,football,740.928,702.666,cotracker_center_fallback,1,740.928,702.666,cotracker_center_fallback,1,738.879,706.467,5062.0,700.000,666.000,782.000,746.000,82.000,80.000,732.000,745.000,730.000,734.000,42.900,82.676,79.467,1.025000,0.867469,0,,,,,,,,,,,,0.250000,0.867469,0.867469,0.000000,707.703,673.542,0.000000,778.679,628.867,0.000000,778.692,575.914,1.000000,740.505,680.290,0.000000
106,3.500000,football,738.009,676.460,cotracker_center_fallback,1,738.009,676.460,cotracker_center_fallback,1,738.139,679.238,4770.0,701.000,639.000,775.000,722.000,74.000,83.000,752.000,721.000,749.000,755.000,44.169,87.368,71.612,0.891566,0.836919,0,,,,,,,,,,,,0.250000,0.836919,0.836919,0.000000,704.616,655.196,0.000000,777.483,629.125,0.000000,773.719,575.690,1.000000,737.812,680.673,0.000000
107,3.533333,football,735.443,651.343,cotracker_center_fallback,1,735.443,651.343,cotracker_center_fallback,1,735.445,654.774,4609.5,695.000,619.000,774.000,696.000,79.000,77.000,724.500,695.000,723.000,726.000,42.012,81.099,74.560,1.025974,0.853252,0,,,,,,,,,,,,0.500000,0.853252,0.853252,0.000000,699.468,637.091,0.000000,777.337,627.494,1.000000,766.874,576.926,1.000000,735.740,673.236,0.000000
108,3.566667,football,732.526,635.496,cotracker_center_fallback,1,732.526,635.496,cotracker_center_fallback,1,730.843,634.032,4729.0,690.000,596.000,772.000,672.000,82.000,76.000,716.000,671.000,716.000,716.000,41.901,80.224,75.961,1.078947,0.868219,0,,,,,,,,,,,,0.500000,0.868219,0.868219,0.000000,695.941,628.265,0.000000,776.699,626.315,1.000000,759.356,577.791,1.000000,734.420,667.695,0.000000
109,3.600000,football,731.823,633.213,cotracker_center_fallback,1,731.823,633.213,cotracker_center_fallback,1,730.416,634.427,4909.5,688.000,596.000,772.000,672.000,84.000,76.000,716.500,671.000,713.000,720.000,42.451,82.604,76.412,1.105263,0.878285,0,,,,,,,,,,,,0.500000,0.878285,0.878285,0.000000,695.395,627.379,0.000000,776.644,626.097,1.000000,755.755,578.352,1.000000,734.168,666.564,0.000000
110,3.633333,football,731.323,622.854,cotracker_tb_center,1,741.261,618.901,cotracker_tb_center,1,729.735,621.207,5094.0,686.000,581.000,770.000,661.000,84.000,80.000,716.000,660.000,715.000,717.000,44.028,84.179,79.113,1.050000,0.844738,0,,,,,,,,,,,,0.750000,0.844738,0.844738,1.000000,694.314,621.565,0.000000,775.846,624.890,1.000000,748.868,574.676,1.000000,733.654,663.125,1.000000
111,3.666667,football,732.957,615.410,cotracker_center_fallback,1,732.957,615.410,cotracker_center_fallback,1,725.859,610.908,5038.0,685.000,571.000,767.000,652.000,82.000,81.000,723.000,651.000,715.000,731.000,42.379,84.136,76.880,1.012346,0.888492,0,,,,,,,,,,,,0.500000,0.888492,0.888492,1.000000,696.135,616.641,0.000000,776.357,622.844,1.000000,742.990,569.008,0.000000,734.097,659.611,1.000000
112,3.700000,football,730.039,610.972,cotracker_center_fallback,1,730.039,610.972,cotracker_center_fallback,1,723.630,608.397,4942.0,684.000,570.000,765.000,650.000,81.000,80.000,724.000,649.000,722.000,726.000,41.550,80.832,78.412,1.012500,0.882483,0,,,,,,,,,,,,0.500000,0.882483,0.882483,1.000000,694.654,613.193,0.000000,775.440,622.950,1.000000,735.082,566.966,0.000000,734.211,658.982,1.000000
113,3.733333,football,729.350,610.753,cotracker_center_fallback,1,729.350,610.753,cotracker_center_fallback,1,723.492,608.200,4925.0,683.000,570.000,764.000,649.000,81.000,79.000,724.500,648.000,718.000,731.000,41.189,80.675,78.358,1.025316,0.892859,0,,,,,,,,,,,,0.500000,0.892859,0.892859,1.000000,694.761,613.142,0.000000,775.273,623.044,1.000000,733.828,567.475,0.000000,734.345,658.828,1.000000
114,3.766667,football,727.646,612.999,cotracker_center_fallback,1,727.646,612.999,cotracker_center_fallback,1,722.366,610.206,4939.0,683.000,570.000,762.000,651.000,79.000,81.000,724.500,650.000,716.000,733.000,42.193,82.121,77.071,0.975309,0.864353,0,,,,,,,,,,,,0.250000,0.864353,0.864353,0.000000,694.348,615.328,0.000000,774.461,623.907,1.000000,729.381,570.848,0.000000,734.046,660.081,0.000000
115,3.800000,football,727.010,620.145,cotracker_center_fallback,1,727.010,620.145,cotracker_center_fallback,1,721.078,616.363,4638.0,683.000,577.000,760.000,657.000,77.000,80.000,722.500,656.000,722.000,723.000,40.889,78.081,75.764,0.962500,0.866972,0,,,,,,,,,,,,0.250000,0.866972,0.866972,0.000000,695.079,621.626,0.000000,774.484,624.966,1.000000,728.040,578.507,0.000000,734.345,662.877,0.000000
116,3.833333,football,724.708,624.816,cotracker_center_fallback,1,724.708,624.816,cotracker_center_fallback,1,718.810,627.273,4487.0,680.000,588.000,757.000,669.000,77.000,81.000,723.500,668.000,723.000,724.000,40.783,79.741,72.503,0.950617,0.798311,0,,,,,,,,,,,,0.250000,0.798311,0.798311,0.000000,693.711,626.365,0.000000,774.235,625.469,1.000000,728.173,583.372,0.000000,732.895,664.117,0.000000
117,3.866667,football,723.738,628.195,cotracker_center_fallback,1,723.738,628.195,cotracker_center_fallback,1,718.366,627.410,4530.5,679.000,589.000,756.000,668.000,77.000,79.000,724.000,667.000,721.000,727.000,40.918,79.945,73.697,0.974684,0.830235,0,,,,,,,,,,,,0.250000,0.830235,0.830235,0.000000,693.682,629.214,0.000000,774.487,625.719,1.000000,728.657,584.467,0.000000,732.717,664.576,0.000000
118,3.900000,football,722.984,640.907,cotracker_center_fallback,1,722.984,640.907,cotracker_center_fallback,1,715.110,646.517,4833.5,677.000,606.000,755.000,687.000,78.000,81.000,717.000,686.000,710.000,724.000,41.630,80.950,76.318,0.962963,0.864689,0,,,,,,,,,,,,0.500000,0.864689,0.864689,0.000000,693.981,637.952,0.000000,775.184,627.165,1.000000,734.035,588.723,1.000000,733.941,667.720,0.000000
119,3.933333,football,722.371,646.447,cotracker_center_fallback,1,722.371,646.447,cotracker_center_fallback,1,714.997,646.720,4878.5,677.000,606.000,755.000,687.000,78.000,81.000,713.000,686.000,701.000,725.000,42.202,81.928,76.510,0.962963,0.870484,0,,,,,,,,,,,,0.500000,0.870484,0.870484,0.000000,694.553,642.655,0.000000,775.563,627.656,1.000000,735.321,589.641,1.000000,734.280,668.560,0.000000
120,3.966667,football,718.847,667.274,cotracker_center_fallback,1,718.847,667.274,cotracker_center_fallback,1,713.774,667.510,4353.5,677.000,630.000,752.000,704.000,75.000,74.000,724.500,703.000,720.000,729.000,40.187,76.182,74.260,1.013514,0.842030,0,,,,,,,,,,,,0.250000,0.842030,0.842030,0.000000,694.901,656.846,0.000000,776.447,628.528,0.000000,739.111,592.477,1.000000,733.892,671.812,0.000000
121,4.000000,football,715.966,694.234,cotracker_center_fallback,1,715.966,694.234,cotracker_center_fallback,1,710.332,695.595,4524.5,675.000,658.000,750.000,733.000,75.000,75.000,709.000,732.000,700.000,718.000,41.869,80.196,74.819,1.000000,0.862485,0,,,,,,,,,,,,0.500000,0.862485,0.862485,0.000000,694.122,677.763,0.000000,777.645,629.477,1.000000,742.498,596.779,1.000000,736.668,672.840,0.000000
122,4.033333,football,713.618,724.342,cotracker_center_fallback,1,713.618,724.342,cotracker_center_fallback,1,706.939,729.219,4452.5,672.000,692.000,745.000,766.000,73.000,74.000,686.000,765.000,685.000,687.000,42.076,82.050,73.638,0.986486,0.867774,0,,,,,,,,,,,,0.500000,0.867774,0.867774,0.000000,694.879,701.693,0.000000,779.438,630.693,1.000000,746.927,599.393,1.000000,740.237,672.270,0.000000
123,4.066667,football,706.600,760.939,cotracker_center_fallback,1,706.600,760.939,cotracker_center_fallback,1,703.889,767.426,4701.5,668.000,728.000,743.000,808.000,75.000,80.000,708.500,807.000,708.000,709.000,41.394,79.826,75.968,0.937500,0.875842,0,,,,,,,,,,,,0.500000,0.875842,0.875842,0.000000,687.184,728.331,0.000000,780.335,630.195,1.000000,750.861,598.357,1.000000,741.034,671.180,0.000000
124,4.100000,football,706.793,759.274,cotracker_center_fallback,1,706.793,759.274,cotracker_center_fallback,1,703.098,767.182,4818.5,666.000,728.000,743.000,807.000,77.000,79.000,707.000,806.000,700.000,714.000,42.362,81.994,76.106,0.974684,0.876111,0,,,,,,,,,,,,0.500000,0.876111,0.876111,0.000000,688.289,722.048,0.000000,780.456,629.932,1.000000,750.962,598.348,1.000000,741.145,670.788,0.000000
125,4.133333,football,705.451,757.179,cotracker_center_fallback,1,705.451,757.179,cotracker_center_fallback,1,704.228,765.952,4574.0,669.000,727.000,743.000,805.000,74.000,78.000,700.500,804.000,699.000,702.000,41.240,81.056,73.712,0.948718,0.872604,0,,,,,,,,,,,,0.500000,0.872604,0.872604,0.000000,688.071,720.399,0.000000,780.186,629.670,1.000000,750.679,596.504,1.000000,740.674,671.391,0.000000
126,4.166667,football,716.100,715.052,cotracker_center_fallback,1,716.100,715.052,cotracker_center_fallback,1,708.641,730.104,4619.0,673.000,691.000,748.000,767.000,75.000,76.000,711.000,766.000,696.000,726.000,42.230,81.970,75.337,0.986842,0.873199,0,,,,,,,,,,,,0.500000,0.873199,0.873199,0.000000,698.766,684.952,0.000000,780.039,628.956,1.000000,750.636,591.959,1.000000,740.566,670.341,0.000000
127,4.200000,football,716.550,692.902,cotracker_center_fallback,1,716.550,692.902,cotracker_center_fallback,1,710.666,696.414,4503.0,672.000,657.000,751.000,731.000,79.000,74.000,713.000,730.000,707.000,719.000,41.907,79.848,75.165,1.067568,0.840433,0,,,,,,,,,,,,0.250000,0.840433,0.840433,0.000000,696.768,666.864,0.000000,779.016,628.194,1.000000,747.154,589.542,0.000000,738.215,669.511,0.000000
128,4.233333,football,715.326,692.329,cotracker_center_fallback,1,715.326,692.329,cotracker_center_fallback,1,710.858,696.425,4475.5,673.000,658.000,751.000,731.000,78.000,73.000,712.000,730.000,707.000,717.000,41.800,78.687,74.970,1.068493,0.844481,0,,,,,,,,,,,,0.250000,0.844481,0.844481,0.000000,695.513,668.988,0.000000,778.765,628.479,1.000000,746.008,590.816,0.000000,738.093,670.310,0.000000
129,4.266667,football,715.176,667.306,cotracker_box_center,1,715.000,668.000,cotracker_box_center,1,715.187,667.305,4417.0,677.000,631.000,754.000,706.000,77.000,75.000,723.000,705.000,722.000,724.000,40.608,79.562,70.786,1.026667,0.882477,0,,,,,,,,,,,,1.000000,0.882477,1.000000,1.000000,677.000,667.306,1.000000,753.000,667.306,1.000000,715.176,631.000,1.000000,715.176,705.000,1.000000
130,4.300000,football,715.926,639.876,cotracker_lr_center,1,714.837,658.477,cotracker_lr_center,1,717.611,643.074,4377.0,678.000,607.000,757.000,683.000,79.000,76.000,723.000,682.000,723.000,723.000,40.082,77.471,71.908,1.039474,0.857408,0,,,,,,,,,,,,0.750000,0.857408,0.857408,1.000000,676.713,651.832,1.000000,752.961,665.122,1.000000,717.212,617.255,0.000000,716.180,685.455,1.000000
131,4.333333,football,718.751,617.959,cotracker_center_fallback,1,718.751,617.959,cotracker_center_fallback,1,720.750,627.489,4250.0,682.000,590.000,756.000,664.000,74.000,74.000,719.000,663.000,715.000,723.000,40.373,76.122,73.800,1.000000,0.855722,0,,,,,,,,,,,,0.500000,0.855722,0.855722,1.000000,678.811,640.133,0.000000,753.234,663.748,1.000000,720.445,606.086,0.000000,719.104,669.469,1.000000
132,4.366667,football,721.952,599.175,cotracker_center_fallback,1,721.952,599.175,cotracker_center_fallback,1,723.059,615.955,4674.0,684.000,575.000,762.000,658.000,78.000,83.000,723.000,657.000,722.000,724.000,41.644,80.075,74.363,0.939759,0.864915,0,,,,,,,,,,,,0.500000,0.864915,0.864915,1.000000,682.907,627.934,0.000000,753.286,664.016,1.000000,723.581,597.331,0.000000,722.459,650.743,1.000000
133,4.400000,football,723.888,590.364,cotracker_center_fallback,1,723.888,590.364,cotracker_center_fallback,1,724.861,609.460,4808.0,684.000,570.000,765.000,650.000,81.000,80.000,729.000,649.000,725.000,733.000,40.712,79.241,77.500,1.012500,0.873925,0,,,,,,,,,,,,0.500000,0.873925,0.873925,1.000000,685.847,623.640,0.000000,753.522,663.556,1.000000,725.314,594.411,0.000000,725.531,641.888,1.000000
134,4.433333,football,725.767,590.790,cotracker_center_fallback,1,725.767,590.790,cotracker_center_fallback,1,724.714,609.751,4962.0,684.000,570.000,765.000,651.000,81.000,81.000,729.000,650.000,726.000,732.000,41.320,80.663,78.721,1.000000,0.875089,0,,,,,,,,,,,,0.500000,0.875089,0.875089,1.000000,686.804,623.112,0.000000,753.785,663.639,1.000000,726.380,594.772,0.000000,723.974,638.747,1.000000
135,4.466667,football,729.747,590.347,cotracker_center_fallback,1,729.747,590.347,cotracker_center_fallback,1,726.797,608.168,4792.5,687.000,569.000,768.000,651.000,81.000,82.000,729.500,650.000,728.000,731.000,41.193,79.109,77.744,0.987805,0.848918,0,,,,,,,,,,,,0.500000,0.848918,0.848918,1.000000,690.784,621.609,0.000000,754.163,663.815,1.000000,729.282,593.769,0.000000,726.332,636.320,1.000000
136,4.500000,football,733.629,594.130,cotracker_center_fallback,1,733.629,594.130,cotracker_center_fallback,1,730.212,612.289,5008.5,689.000,571.000,770.000,654.000,81.000,83.000,730.500,653.000,724.000,737.000,42.103,80.398,79.652,0.975904,0.861120,0,,,,,,,,,,,,0.500000,0.861120,0.861120,0.000000,694.316,623.014,0.000000,754.403,664.014,1.000000,731.591,595.343,0.000000,728.337,639.675,1.000000
137,4.533333,football,737.060,604.624,cotracker_center_fallback,1,737.060,604.624,cotracker_center_fallback,1,733.756,618.690,4853.0,694.000,578.000,771.000,658.000,77.000,80.000,735.000,657.000,724.000,746.000,42.405,82.560,77.597,0.962500,0.888652,0,,,,,,,,,,,,0.000000,0.888652,0.888652,1.000000,696.263,626.235,0.000000,754.670,663.695,0.000000,732.759,599.356,0.000000,729.204,646.241,0.000000
138,4.566667,football,743.387,625.487,cotracker_center_fallback,1,743.387,625.487,cotracker_center_fallback,1,735.696,631.535,4781.0,695.000,593.000,776.000,671.000,81.000,78.000,731.500,670.000,729.000,734.000,41.864,81.481,75.126,1.038462,0.872234,0,,,,,,,,,,,,0.000000,0.872234,0.872234,1.000000,698.169,634.082,0.000000,754.892,663.372,0.000000,734.038,609.810,0.000000,732.744,661.618,0.000000
139,4.600000,football,742.841,625.163,cotracker_center_fallback,1,742.841,625.163,cotracker_center_fallback,1,735.708,631.481,4789.0,695.000,593.000,776.000,671.000,81.000,78.000,731.000,670.000,730.000,732.000,41.864,81.494,75.458,1.038462,0.873693,0,,,,,,,,,,,,0.000000,0.873693,0.873693,1.000000,700.550,635.215,0.000000,755.520,663.279,0.000000,733.566,611.853,0.000000,732.450,662.279,0.000000
140,4.633333,football,744.982,642.215,cotracker_center_fallback,1,744.982,642.215,cotracker_center_fallback,1,737.932,649.070,4812.0,698.000,610.000,777.000,687.000,79.000,77.000,730.500,702.000,730.000,731.000,40.898,80.344,77.565,1.025974,0.875598,0,,,,,,,,,,,,0.000000,0.875598,0.875598,1.000000,704.214,652.299,0.000000,755.744,664.373,0.000000,732.138,622.013,0.000000,733.546,677.976,0.000000
141,4.666667,football,747.264,667.901,cotracker_center_fallback,1,747.264,667.901,cotracker_center_fallback,1,743.128,670.791,4356.0,704.000,634.000,782.000,706.000,78.000,72.000,756.500,705.000,752.000,761.000,40.042,76.524,73.610,1.083333,0.862215,0,,,,,,,,,,,,0.000000,0.862215,0.862215,1.000000,708.517,676.995,0.000000,756.720,665.806,0.000000,729.488,633.736,0.000000,739.236,700.286,0.000000
142,4.700000,football,749.004,698.536,cotracker_center_fallback,1,749.004,698.536,cotracker_center_fallback,1,746.681,699.645,4683.0,708.000,660.000,785.000,740.000,77.000,80.000,742.500,739.000,738.000,747.000,41.201,81.216,74.259,0.962500,0.873072,0,,,,,,,,,,,,0.250000,0.873072,0.873072,1.000000,707.850,705.338,0.000000,756.487,667.277,0.000000,729.960,646.382,1.000000,741.548,730.475,0.000000
143,4.733333,football,749.511,699.356,cotracker_center_fallback,1,749.511,699.356,cotracker_center_fallback,1,745.669,699.658,4773.0,706.000,659.000,785.000,740.000,79.000,81.000,742.000,739.000,735.000,749.000,41.023,81.176,75.902,0.975309,0.873056,0,,,,,,,,,,,,0.250000,0.873056,0.873056,1.000000,708.259,707.475,0.000000,756.616,666.807,0.000000,731.369,650.556,1.000000,742.942,733.326,0.000000
144,4.766667,football,751.924,729.204,cotracker_center_fallback,1,751.924,729.204,cotracker_center_fallback,1,747.516,730.435,4866.5,709.000,691.000,787.000,771.000,78.000,80.000,748.000,770.000,743.000,753.000,41.744,81.650,76.732,0.975000,0.868343,0,,,,,,,,,,,,0.500000,0.868343,0.868343,1.000000,709.990,734.466,0.000000,756.095,667.226,1.000000,733.544,673.033,1.000000,745.965,761.465,0.000000
145,4.800000,football,753.686,761.492,cotracker_center_fallback,1,753.686,761.492,cotracker_center_fallback,1,749.628,763.462,4824.5,713.000,724.000,790.000,805.000,77.000,81.000,749.000,804.000,743.000,755.000,41.812,82.037,75.269,0.950617,0.870760,0,,,,,,,,,,,,0.500000,0.870760,0.870760,1.000000,710.727,765.968,0.000000,755.707,667.216,1.000000,735.548,705.094,1.000000,749.434,792.964,0.000000
146,4.833333,football,755.143,780.037,cotracker_center_fallback,1,755.143,780.037,cotracker_center_fallback,1,751.948,779.181,3991.5,716.000,745.000,790.000,813.000,74.000,68.000,753.000,812.000,745.000,761.000,39.516,76.701,67.496,1.088235,0.845396,0,,,,,,,,,,,,0.250000,0.845396,0.845396,1.000000,712.481,785.245,0.000000,755.563,667.376,1.000000,736.751,727.550,0.000000,749.859,809.402,0.000000
147,4.866667,football,753.875,750.301,cotracker_center_fallback,1,753.875,750.301,cotracker_center_fallback,1,750.983,750.598,4447.0,713.000,713.000,791.000,789.000,78.000,76.000,742.000,788.000,738.000,746.000,40.451,78.176,73.086,1.026316,0.852931,0,,,,,,,,,,,,0.500000,0.852931,0.852931,1.000000,711.399,757.603,0.000000,755.403,666.873,1.000000,734.698,694.870,1.000000,749.336,781.670,0.000000
148,4.900000,football,753.510,712.851,cotracker_center_fallback,1,753.510,712.851,cotracker_center_fallback,1,750.245,716.044,4686.5,711.000,677.000,790.000,756.000,79.000,79.000,744.000,755.000,740.000,748.000,40.484,78.560,75.860,1.000000,0.872093,0,,,,,,,,,,,,0.250000,0.872093,0.872093,1.000000,712.585,722.439,0.000000,757.110,666.976,0.000000,734.179,666.057,1.000000,749.320,744.477,0.000000
149,4.933333,football,753.461,712.037,cotracker_center_fallback,1,753.461,712.037,cotracker_center_fallback,1,749.593,716.103,4737.5,710.000,677.000,790.000,756.000,80.000,79.000,744.000,755.000,740.000,748.000,40.338,78.856,76.653,1.012658,0.875990,0,,,,,,,,,,,,0.250000,0.875990,0.875990,1.000000,712.282,720.364,0.000000,758.050,667.814,0.000000,735.164,663.563,1.000000,749.118,742.868,0.000000
150,4.966667,football,752.091,678.255,cotracker_center_fallback,1,752.091,678.255,cotracker_center_fallback,1,749.833,684.517,4648.5,712.000,646.000,789.000,722.000,77.000,76.000,741.500,721.000,730.000,753.000,41.289,81.376,74.995,1.013158,0.877124,0,,,,,,,,,,,,0.250000,0.877124,0.877124,1.000000,711.017,690.460,0.000000,757.485,666.769,0.000000,731.620,643.472,1.000000,747.828,711.917,0.000000
151,5.000000,football,752.724,651.585,cotracker_center_fallback,1,752.724,651.585,cotracker_center_fallback,1,752.092,656.725,4420.0,714.000,621.000,791.000,694.000,77.000,73.000,757.500,693.000,752.000,763.000,39.975,76.848,74.588,1.054795,0.870136,0,,,,,,,,,,,,0.000000,0.870136,0.870136,1.000000,711.166,665.287,0.000000,756.686,664.972,0.000000,734.308,625.250,0.000000,748.465,689.225,0.000000
152,5.033333,football,755.175,629.991,cotracker_center_fallback,1,755.175,629.991,cotracker_center_fallback,1,753.244,635.496,4620.0,715.000,598.000,793.000,674.000,78.000,76.000,754.000,673.000,747.000,761.000,40.649,78.365,76.315,1.026316,0.870110,0,,,,,,,,,,,,0.000000,0.870110,0.870110,1.000000,711.171,643.775,0.000000,757.721,665.124,0.000000,740.070,607.263,0.000000,748.376,668.974,0.000000
153,5.066667,football,757.770,611.264,cotracker_center_fallback,1,757.770,611.264,cotracker_center_fallback,1,751.011,619.531,5004.5,709.000,580.000,792.000,657.000,83.000,77.000,753.500,656.000,747.000,760.000,43.044,83.355,77.998,1.077922,0.861338,0,,,,,,,,,,,,0.250000,0.861338,0.861338,1.000000,713.418,629.107,0.000000,756.725,664.910,0.000000,743.627,593.262,0.000000,751.578,654.815,1.000000
154,5.100000,football,757.240,610.539,cotracker_center_fallback,1,757.240,610.539,cotracker_center_fallback,1,749.919,618.610,4768.5,709.000,580.000,790.000,656.000,81.000,76.000,755.000,655.000,749.000,761.000,41.341,80.080,76.547,1.065789,0.869287,0,,,,,,,,,,,,0.250000,0.869287,0.869287,1.000000,712.967,628.480,0.000000,756.273,664.841,0.000000,743.459,591.909,0.000000,750.737,654.199,1.000000
155,5.133333,football,756.568,598.808,cotracker_center_fallback,1,756.568,598.808,cotracker_center_fallback,1,750.566,609.430,5128.0,709.000,569.000,791.000,648.000,82.000,79.000,761.000,647.000,753.000,769.000,43.532,83.681,79.334,1.037975,0.878780,0,,,,,,,,,,,,0.500000,0.878780,0.878780,1.000000,713.023,620.762,0.000000,756.270,664.503,1.000000,744.583,583.012,0.000000,751.390,646.787,1.000000
156,5.166667,football,755.352,591.199,cotracker_center_fallback,1,755.352,591.199,cotracker_center_fallback,1,749.749,601.938,5133.5,709.000,561.000,792.000,642.000,83.000,81.000,749.000,641.000,743.000,755.000,42.326,82.346,79.873,1.024691,0.872804,0,,,,,,,,,,,,0.500000,0.872804,0.872804,1.000000,712.118,615.265,0.000000,755.922,664.924,1.000000,744.967,578.109,0.000000,749.747,642.918,1.000000
157,5.200000,football,754.315,589.790,cotracker_center_fallback,1,754.315,589.790,cotracker_center_fallback,1,750.155,601.015,4948.0,710.000,561.000,791.000,641.000,81.000,80.000,750.500,640.000,743.000,758.000,41.184,80.263,78.819,1.012500,0.875801,0,,,,,,,,,,,,0.500000,0.875801,0.875801,1.000000,711.924,614.527,0.000000,756.146,665.144,1.000000,745.223,577.669,0.000000,748.877,643.350,1.000000
158,5.233333,football,753.606,589.922,cotracker_center_fallback,1,753.606,589.922,cotracker_center_fallback,1,750.123,600.888,4930.0,710.000,561.000,791.000,641.000,81.000,80.000,750.500,640.000,744.000,757.000,41.184,80.144,78.709,1.012500,0.872615,0,,,,,,,,,,,,0.500000,0.872615,0.872615,1.000000,711.940,615.007,0.000000,755.928,664.809,1.000000,745.457,577.879,0.000000,748.726,643.965,1.000000
159,5.266667,football,751.829,595.874,cotracker_center_fallback,1,751.829,595.874,cotracker_center_fallback,1,750.757,606.948,4784.5,710.000,567.000,791.000,646.000,81.000,79.000,753.000,645.000,749.000,757.000,41.225,80.628,76.616,1.025316,0.871260,0,,,,,,,,,,,,0.500000,0.871260,0.871260,1.000000,711.690,621.549,0.000000,756.197,664.522,1.000000,744.160,583.892,0.000000,748.533,648.499,1.000000
160,5.300000,football,749.534,607.548,cotracker_center_fallback,1,749.534,607.548,cotracker_center_fallback,1,751.209,616.720,4778.0,708.000,577.000,791.000,654.000,83.000,77.000,755.000,653.000,749.000,761.000,42.770,81.286,77.611,1.077922,0.838323,0,,,,,,,,,,,,0.500000,0.838323,0.838323,1.000000,709.537,633.006,0.000000,756.795,664.318,1.000000,742.098,594.305,0.000000,748.172,656.592,1.000000
161,5.333333,football,750.674,633.529,cotracker_box_center,1,750.500,632.000,cotracker_box_center,1,750.671,633.527,4503.5,711.000,594.000,791.000,671.000,80.000,77.000,753.500,670.000,750.000,757.000,43.267,80.662,72.430,1.038961,0.813700,0,,,,,,,,,,,,1.000000,0.813700,1.000000,1.000000,711.000,633.529,1.000000,790.000,633.529,1.000000,750.674,594.000,1.000000,750.674,670.000,1.000000
162,5.366667,football,751.018,654.664,cotracker_center_fallback,1,751.018,654.664,cotracker_center_fallback,1,754.366,655.507,4484.0,716.000,617.000,792.000,695.000,76.000,78.000,758.000,694.000,751.000,765.000,43.525,84.937,67.802,0.974359,0.852209,0,,,,,,,,,,,,0.500000,0.852209,0.852209,1.000000,714.001,645.114,0.000000,788.626,635.653,1.000000,752.062,605.351,1.000000,749.293,670.989,0.000000
163,5.400000,football,748.146,679.530,cotracker_center_fallback,1,748.146,679.530,cotracker_center_fallback,1,751.480,686.915,5125.0,711.000,645.000,793.000,727.000,82.000,82.000,746.000,726.000,740.000,752.000,43.347,82.906,79.417,1.000000,0.857159,0,,,,,,,,,,,,0.500000,0.857159,0.857159,1.000000,714.844,658.223,0.000000,788.287,636.153,1.000000,751.526,617.432,1.000000,749.144,670.879,0.000000
164,5.433333,football,749.181,682.052,cotracker_center_fallback,1,749.181,682.052,cotracker_center_fallback,1,751.639,687.072,5050.5,711.000,646.000,793.000,727.000,82.000,81.000,745.500,726.000,744.000,747.000,43.095,82.526,78.808,1.012346,0.866141,0,,,,,,,,,,,,0.500000,0.866141,0.866141,1.000000,716.666,653.209,0.000000,788.227,634.685,1.000000,752.327,618.327,1.000000,749.537,669.219,0.000000
165,5.466667,football,748.423,715.327,cotracker_center_fallback,1,748.423,715.327,cotracker_center_fallback,1,750.790,721.029,5308.5,710.000,678.000,793.000,765.000,83.000,87.000,753.000,764.000,753.000,753.000,43.353,84.883,80.266,0.954023,0.877853,0,,,,,,,,,,,,0.500000,0.877853,0.877853,1.000000,716.938,664.890,0.000000,788.147,634.445,1.000000,751.096,640.841,1.000000,750.466,669.816,0.000000
166,5.500000,football,745.924,751.210,cotracker_tb_center,1,749.528,669.230,cotracker_tb_center,1,748.979,762.321,5677.0,709.000,719.000,794.000,809.000,85.000,90.000,746.500,808.000,746.000,747.000,45.808,88.222,83.541,0.944444,0.844809,0,,,,,,,,,,,,0.750000,0.844809,0.844809,1.000000,718.839,665.587,0.000000,788.708,634.260,1.000000,747.963,668.369,1.000000,751.093,670.091,1.000000
167,5.533333,football,754.774,729.139,cotracker_tb_center,1,752.590,656.863,cotracker_tb_center,1,756.236,737.205,5406.0,716.000,695.000,800.000,778.000,84.000,83.000,754.500,777.000,744.000,765.000,44.266,85.878,82.070,1.012048,0.865837,0,,,,,,,,,,,,0.750000,0.865837,0.865837,1.000000,721.527,661.601,0.000000,788.843,633.886,1.000000,753.973,643.854,1.000000,751.206,669.872,1.000000
168,5.566667,football,760.438,699.424,cotracker_center_fallback,1,760.438,699.424,cotracker_center_fallback,1,762.789,704.196,5153.0,723.000,662.000,805.000,745.000,82.000,83.000,763.000,744.000,755.000,771.000,42.606,82.827,80.273,0.987952,0.876768,0,,,,,,,,,,,,0.250000,0.876768,0.876768,1.000000,724.069,652.905,0.000000,789.453,633.392,1.000000,757.634,625.496,0.000000,751.708,669.041,0.000000
169,5.600000,football,759.869,697.172,cotracker_center_fallback,1,759.869,697.172,cotracker_center_fallback,1,762.880,704.095,5167.0,724.000,662.000,806.000,745.000,82.000,83.000,763.000,744.000,757.000,769.000,42.681,82.936,80.654,0.987952,0.879150,0,,,,,,,,,,,,0.250000,0.879150,0.879150,1.000000,724.687,655.856,0.000000,790.363,633.882,1.000000,758.071,627.573,0.000000,752.689,669.591,0.000000
170,5.633333,football,769.046,672.944,cotracker_center_fallback,1,769.046,672.944,cotracker_center_fallback,1,771.700,674.042,4439.0,736.000,635.000,810.000,715.000,74.000,80.000,768.500,714.000,767.000,770.000,40.880,78.511,72.276,0.925000,0.769289,0,,,,,,,,,,,,0.000000,0.769289,0.769289,1.000000,728.696,647.081,0.000000,792.163,633.865,0.000000,763.344,612.362,0.000000,752.755,669.522,0.000000
171,5.666667,football,778.949,651.506,cotracker_center_fallback,1,778.949,651.506,cotracker_center_fallback,1,774.062,652.184,4968.0,732.000,611.000,818.000,693.000,86.000,82.000,775.000,692.000,775.000,775.000,42.589,82.286,76.755,1.048780,0.856967,0,,,,,,,,,,,,0.000000,0.856967,0.856967,1.000000,732.727,641.143,0.000000,792.629,634.289,0.000000,769.636,604.387,0.000000,754.665,670.840,0.000000
172,5.700000,football,784.414,634.461,cotracker_center_fallback,1,784.414,634.461,cotracker_center_fallback,1,780.780,635.238,5127.0,739.000,596.000,823.000,675.000,84.000,79.000,784.500,674.000,782.000,787.000,43.460,83.548,78.233,1.063291,0.848095,0,,,,,,,,,,,,0.000000,0.848095,0.848095,1.000000,736.414,636.622,0.000000,794.290,634.126,0.000000,775.309,594.962,0.000000,755.500,672.176,0.000000
173,5.733333,football,785.408,632.492,cotracker_center_fallback,1,785.408,632.492,cotracker_center_fallback,1,780.962,635.127,5192.5,739.000,596.000,824.000,675.000,85.000,79.000,784.500,674.000,781.000,788.000,43.602,84.572,78.737,1.075949,0.853169,0,,,,,,,,,,,,0.000000,0.853169,0.853169,1.000000,738.204,637.136,0.000000,795.334,634.283,0.000000,776.833,592.951,0.000000,755.599,672.111,0.000000
174,5.766667,football,792.965,627.293,cotracker_center_fallback,1,792.965,627.293,cotracker_center_fallback,1,786.462,629.236,5288.5,745.000,590.000,829.000,671.000,84.000,81.000,784.500,670.000,783.000,786.000,43.334,84.473,80.026,1.037037,0.878540,0,,,,,,,,,,,,0.000000,0.878540,0.878540,0.000000,745.207,635.083,0.000000,797.797,634.517,0.000000,785.292,588.032,0.000000,756.158,671.780,0.000000
175,5.800000,football,797.064,623.894,cotracker_center_fallback,1,797.064,623.894,cotracker_center_fallback,1,791.836,628.511,5295.0,751.000,586.000,833.000,672.000,82.000,86.000,791.000,671.000,791.000,791.000,42.855,83.292,81.535,0.953488,0.874982,0,,,,,,,,,,,,0.250000,0.874982,0.874982,1.000000,749.848,630.962,0.000000,799.029,633.784,0.000000,790.148,583.205,0.000000,756.391,671.293,1.000000
176,5.833333,football,802.222,628.819,cotracker_center_fallback,1,802.222,628.819,cotracker_center_fallback,1,797.202,632.787,5608.0,755.000,587.000,840.000,676.000,85.000,89.000,800.000,675.000,796.000,804.000,45.554,87.274,82.212,0.955056,0.872203,0,,,,,,,,,,,,0.000000,0.872203,0.872203,1.000000,757.382,631.920,0.000000,798.686,634.887,0.000000,797.433,584.789,0.000000,755.461,670.488,0.000000
177,5.866667,football,802.294,630.595,cotracker_center_fallback,1,802.294,630.595,cotracker_center_fallback,1,802.969,632.731,5227.5,761.000,591.000,845.000,675.000,84.000,84.000,796.500,674.000,794.000,799.000,44.373,84.550,80.054,1.000000,0.826007,0,,,,,,,,,,,,0.000000,0.826007,0.826007,1.000000,759.645,632.284,0.000000,797.302,634.259,0.000000,800.553,585.358,0.000000,755.776,669.167,0.000000
178,5.900000,football,804.180,582.952,cotracker_center_fallback,1,804.180,582.952,cotracker_center_fallback,1,803.674,585.367,5446.0,760.000,542.000,845.000,626.000,85.000,84.000,816.000,625.000,811.000,821.000,44.213,86.026,81.915,1.011905,0.864992,0,,,,,,,,,,,,0.000000,0.864992,0.864992,1.000000,759.701,590.898,0.000000,795.387,630.806,0.000000,797.396,547.017,0.000000,755.542,668.130,0.000000
179,5.933333,football,802.523,580.622,cotracker_center_fallback,1,802.523,580.622,cotracker_center_fallback,1,803.633,585.315,5460.5,760.000,542.000,845.000,626.000,85.000,84.000,816.000,625.000,812.000,820.000,44.169,86.236,82.376,1.011905,0.863694,0,,,,,,,,,,,,0.000000,0.863694,0.863694,1.000000,759.136,587.500,0.000000,793.582,631.370,0.000000,796.917,544.034,0.000000,753.535,668.501,0.000000
180,5.966667,football,801.308,534.414,cotracker_center_fallback,1,801.308,534.414,cotracker_center_fallback,1,804.429,539.006,5224.0,763.000,496.000,845.000,584.000,82.000,88.000,801.000,583.000,797.000,805.000,43.868,85.839,78.180,0.931818,0.828894,0,,,,,,,,,,,,0.250000,0.828894,0.828894,1.000000,757.824,547.884,0.000000,792.206,631.605,1.000000,792.627,508.933,0.000000,753.278,668.443,0.000000
181,6.000000,football,797.713,492.265,cotracker_center_fallback,1,797.713,492.265,cotracker_center_fallback,1,801.901,495.072,5343.5,759.000,453.000,843.000,538.000,84.000,85.000,802.500,537.000,797.000,808.000,43.642,86.340,79.924,0.988235,0.866667,0,,,,,,,,,,,,0.500000,0.866667,0.866667,1.000000,755.407,503.331,0.000000,791.776,632.216,1.000000,789.461,471.264,0.000000,752.469,669.540,1.000000
182,6.033333,football,800.545,460.251,cotracker_center_fallback,1,800.545,460.251,cotracker_center_fallback,1,800.274,462.418,5310.0,759.000,421.000,842.000,503.000,83.000,82.000,803.000,502.000,797.000,809.000,42.874,82.734,82.030,1.012195,0.880557,0,,,,,,,,,,,,0.500000,0.880557,0.880557,0.000000,758.892,469.117,0.000000,791.760,632.526,1.000000,791.077,453.437,0.000000,752.737,670.280,1.000000
183,6.066667,football,801.964,433.316,cotracker_center_fallback,1,801.964,433.316,cotracker_center_fallback,1,799.275,434.509,5460.5,758.000,393.000,841.000,477.000,83.000,84.000,801.500,476.000,797.000,806.000,43.536,84.849,82.430,0.988095,0.888740,0,,,,,,,,,,,,0.500000,0.888740,0.888740,0.000000,761.587,447.168,0.000000,791.656,632.598,1.000000,794.827,427.013,0.000000,752.640,670.599,1.000000
184,6.100000,football,801.104,431.168,cotracker_center_fallback,1,801.104,431.168,cotracker_center_fallback,1,799.192,434.349,5434.5,758.000,393.000,841.000,476.000,83.000,83.000,800.500,475.000,791.000,810.000,43.278,84.739,82.288,1.000000,0.897380,0,,,,,,,,,,,,0.500000,0.897380,0.897380,0.000000,760.696,445.806,0.000000,791.534,632.606,1.000000,792.824,428.529,0.000000,752.806,670.659,1.000000
185,6.133333,football,801.718,407.630,cotracker_center_fallback,1,801.718,407.630,cotracker_center_fallback,1,799.093,412.149,5392.5,758.000,371.000,841.000,455.000,83.000,84.000,793.500,454.000,791.000,796.000,42.790,83.483,82.778,0.988095,0.885120,0,,,,,,,,,,,,0.500000,0.885120,0.885120,0.000000,763.869,420.069,0.000000,791.430,632.759,1.000000,794.425,408.088,0.000000,752.491,670.804,1.000000
186,6.166667,football,801.909,391.285,cotracker_center_fallback,1,801.909,391.285,cotracker_center_fallback,1,800.180,393.496,5352.0,759.000,352.000,841.000,435.000,82.000,83.000,801.500,434.000,794.000,809.000,42.773,83.733,82.300,0.987952,0.900560,0,,,,,,,,,,,,0.500000,0.900560,0.900560,0.000000,763.684,403.888,0.000000,791.334,632.811,1.000000,795.227,389.612,0.000000,752.276,670.611,1.000000
187,6.200000,football,803.110,382.486,cotracker_center_fallback,1,803.110,382.486,cotracker_center_fallback,1,798.997,382.973,5247.5,758.000,343.000,839.000,425.000,81.000,82.000,801.000,424.000,796.000,806.000,42.278,82.940,81.472,0.987805,0.897649,0,,,,,,,,,,,,0.500000,0.897649,0.897649,0.000000,765.613,394.978,0.000000,791.238,632.854,1.000000,797.329,385.047,0.000000,751.788,670.727,1.000000
188,6.233333,football,802.856,382.435,cotracker_center_fallback,1,802.856,382.435,cotracker_center_fallback,1,798.774,382.814,5377.0,758.000,342.000,840.000,425.000,82.000,83.000,799.500,424.000,791.000,808.000,42.666,83.977,82.126,0.987952,0.904767,0,,,,,,,,,,,,0.500000,0.904767,0.904767,0.000000,765.288,395.335,0.000000,791.250,632.870,1.000000,796.600,388.466,0.000000,751.679,670.848,1.000000
189,6.266667,football,802.779,377.221,cotracker_center_fallback,1,802.779,377.221,cotracker_center_fallback,1,798.946,379.379,5346.0,758.000,339.000,841.000,421.000,83.000,82.000,798.500,420.000,791.000,806.000,43.000,83.637,82.055,1.012195,0.886527,0,,,,,,,,,,,,0.500000,0.886527,0.886527,0.000000,766.849,391.741,0.000000,791.198,633.115,1.000000,797.573,385.409,0.000000,751.321,671.227,1.000000
190,6.300000,football,801.911,375.271,cotracker_center_fallback,1,801.911,375.271,cotracker_center_fallback,1,799.128,380.423,5535.5,758.000,338.000,841.000,423.000,83.000,85.000,797.500,422.000,792.000,803.000,43.685,85.341,83.245,0.976471,0.888116,0,,,,,,,,,,,,0.500000,0.888116,0.888116,0.000000,766.039,389.045,0.000000,790.890,632.992,1.000000,796.020,385.207,0.000000,751.014,671.135,1.000000
191,6.333333,football,797.452,383.394,cotracker_center_fallback,1,797.452,383.394,cotracker_center_fallback,1,796.948,388.875,5191.0,757.000,347.000,838.000,429.000,81.000,82.000,679.000,864.000,678.000,680.000,42.657,82.378,80.862,0.987805,0.891835,0,,,,,,,,,,,,0.500000,0.891835,0.891835,0.000000,760.975,395.921,0.000000,790.888,632.833,1.000000,791.836,393.978,0.000000,750.923,670.965,1.000000
192,6.366667,football,798.039,398.964,cotracker_center_fallback,1,798.039,398.964,cotracker_center_fallback,1,797.880,401.751,5062.5,757.000,364.000,839.000,442.000,82.000,78.000,798.000,441.000,797.000,799.000,42.629,83.096,78.462,1.051282,0.882105,0,,,,,,,,,,,,0.500000,0.882105,0.882105,0.000000,761.053,410.880,0.000000,790.726,632.737,1.000000,790.473,409.600,0.000000,750.638,670.935,1.000000
193,6.400000,football,798.754,418.180,cotracker_box_center,1,798.500,418.000,cotracker_box_center,1,798.749,418.179,5157.5,758.000,377.000,840.000,460.000,82.000,83.000,799.000,459.000,795.000,803.000,42.045,82.294,79.888,0.987952,0.894474,0,,,,,,,,,,,,1.000000,0.894474,1.000000,1.000000,758.000,418.180,1.000000,839.000,418.180,1.000000,798.754,377.000,1.000000,798.754,459.000,1.000000
194,6.433333,football,799.366,418.489,cotracker_box_center,1,799.049,418.829,cotracker_box_center,1,798.628,418.300,5127.5,758.000,377.000,840.000,460.000,82.000,83.000,799.000,459.000,795.000,803.000,41.639,81.930,79.959,0.987952,0.897063,0,,,,,,,,,,,,1.000000,0.897063,1.000000,1.000000,758.994,418.799,1.000000,839.103,419.036,1.000000,799.526,377.783,1.000000,799.012,459.875,1.000000
195,6.466667,football,799.324,418.737,cotracker_box_center,1,798.681,419.284,cotracker_box_center,1,798.612,418.395,5198.0,758.000,377.000,840.000,460.000,82.000,83.000,799.500,459.000,793.000,806.000,41.840,82.304,80.456,0.987952,0.897587,0,,,,,,,,,,,,1.000000,0.897587,1.000000,1.000000,758.784,419.395,1.000000,838.579,419.118,1.000000,798.769,378.399,1.000000,799.056,460.170,1.000000
196,6.500000,football,801.486,445.011,cotracker_box_center,1,799.737,445.212,cotracker_box_center,1,797.418,443.793,5127.0,758.000,404.000,838.000,485.000,80.000,81.000,799.500,484.000,793.000,806.000,42.179,81.605,80.965,0.987654,0.891732,0,,,,,,,,,,,,1.000000,0.891732,1.000000,1.000000,760.439,445.091,1.000000,839.036,440.333,1.000000,800.740,406.688,1.000000,799.037,483.736,1.000000
197,6.533333,football,800.500,475.917,cotracker_lr_center,1,798.971,473.306,cotracker_lr_center,1,798.285,473.066,5171.5,759.000,431.000,837.000,516.000,78.000,85.000,800.500,515.000,798.000,803.000,42.330,83.554,80.492,0.917647,0.884648,0,,,,,,,,,,,,0.750000,0.884648,0.884648,1.000000,759.978,475.429,1.000000,837.964,471.184,1.000000,800.265,436.672,1.000000,797.519,513.180,0.000000
198,6.566667,football,799.070,511.418,cotracker_lr_center,1,798.123,507.557,cotracker_lr_center,1,798.224,510.285,5007.0,758.000,469.000,838.000,552.000,80.000,83.000,799.000,551.000,795.000,803.000,41.826,80.118,79.497,0.963855,0.877569,0,,,,,,,,,,,,0.750000,0.877569,0.877569,1.000000,758.705,509.174,1.000000,837.540,505.939,1.000000,800.099,472.922,1.000000,796.443,548.878,0.000000
199,6.600000,football,799.458,511.446,cotracker_center_fallback,1,799.458,511.446,cotracker_center_fallback,1,798.161,510.324,4983.5,758.000,470.000,838.000,552.000,80.000,82.000,798.500,551.000,795.000,802.000,41.802,80.027,79.067,0.975610,0.875036,0,,,,,,,,,,,,0.500000,0.875036,0.875036,1.000000,759.209,511.547,1.000000,836.899,508.118,0.000000,799.398,474.605,1.000000,797.385,549.510,0.000000
200,6.633333,football,800.494,550.610,cotracker_center_fallback,1,800.494,550.610,cotracker_center_fallback,1,797.702,549.540,5344.5,758.000,507.000,838.000,592.000,80.000,85.000,799.000,591.000,789.000,809.000,43.166,84.835,80.760,0.941176,0.903166,0,,,,,,,,,,,,0.500000,0.903166,0.903166,1.000000,761.083,551.227,1.000000,837.650,544.786,0.000000,799.816,511.583,1.000000,798.910,587.599,0.000000
201,6.666667,football,802.959,598.128,cotracker_center_fallback,1,802.959,598.128,cotracker_center_fallback,1,798.602,595.879,5093.5,758.000,558.000,841.000,634.000,83.000,76.000,787.000,633.000,783.000,791.000,43.280,86.861,76.700,1.092105,0.870014,0,,,,,,,,,,,,0.500000,0.870014,0.870014,1.000000,762.519,597.854,1.000000,839.065,591.683,0.000000,802.192,561.921,1.000000,799.614,629.911,0.000000
202,6.700000,football,801.366,653.906,cotracker_center_fallback,1,801.366,653.906,cotracker_center_fallback,1,802.971,648.510,4497.5,763.000,613.000,842.000,686.000,79.000,73.000,811.500,685.000,808.000,815.000,41.406,81.423,71.183,1.082192,0.869882,0,,,,,,,,,,,,0.250000,0.869882,0.869882,1.000000,762.589,649.991,0.000000,837.201,646.003,0.000000,801.568,618.792,1.000000,798.411,684.597,0.000000
203,6.733333,football,801.108,656.231,cotracker_center_fallback,1,801.108,656.231,cotracker_center_fallback,1,802.957,648.548,4489.0,763.000,613.000,842.000,686.000,79.000,73.000,809.500,685.000,805.000,814.000,41.449,81.648,71.077,1.082192,0.872242,0,,,,,,,,,,,,0.250000,0.872242,0.872242,1.000000,762.482,654.997,0.000000,837.048,651.216,0.000000,800.435,621.963,1.000000,797.984,690.929,0.000000
204,6.766667,football,802.345,716.156,cotracker_center_fallback,1,802.345,716.156,cotracker_center_fallback,1,799.133,710.062,5448.0,757.000,669.000,842.000,753.000,85.000,84.000,801.000,752.000,796.000,806.000,43.414,84.952,81.955,1.011905,0.874705,0,,,,,,,,,,,,0.250000,0.874705,0.874705,1.000000,764.674,713.973,0.000000,838.489,711.355,0.000000,803.204,682.014,1.000000,798.260,748.639,0.000000
205,6.800000,football,798.974,787.071,cotracker_center_fallback,1,798.974,787.071,cotracker_center_fallback,1,800.135,778.254,5158.5,760.000,736.000,842.000,817.000,82.000,81.000,800.000,816.000,790.000,810.000,43.004,82.521,80.590,1.012346,0.877055,0,,,,,,,,,,,,0.250000,0.877055,0.877055,1.000000,761.589,786.787,0.000000,835.887,782.248,0.000000,799.787,751.294,1.000000,794.226,816.260,0.000000
206,6.833333,football,799.446,851.837,cotracker_center_fallback,1,799.446,851.837,cotracker_center_fallback,1,800.346,843.145,5149.5,759.000,804.000,842.000,883.000,83.000,79.000,798.000,882.000,798.000,798.000,42.046,82.657,80.292,1.050633,0.886294,0,,,,,,,,,,,,0.250000,0.886294,0.886294,1.000000,763.456,853.117,0.000000,837.222,849.247,0.000000,801.065,814.256,1.000000,797.458,880.904,0.000000
207,6.866667,football,795.254,835.365,cotracker_center_fallback,1,795.254,835.365,cotracker_center_fallback,1,795.634,829.383,5246.5,755.000,790.000,838.000,869.000,83.000,79.000,791.000,868.000,776.000,806.000,42.810,83.911,81.003,1.050633,0.884378,0,,,,,,,,,,,,0.250000,0.884378,0.884378,1.000000,758.929,837.386,0.000000,833.246,831.114,0.000000,796.258,798.847,1.000000,792.251,868.745,0.000000
208,6.900000,football,790.518,811.945,cotracker_center_fallback,1,790.518,811.945,cotracker_center_fallback,1,790.839,806.789,5222.0,749.000,765.000,833.000,847.000,84.000,82.000,787.500,846.000,776.000,799.000,42.379,83.261,81.003,1.024390,0.888508,0,,,,,,,,,,,,0.250000,0.888508,0.888508,1.000000,754.043,815.310,0.000000,827.873,808.497,0.000000,790.332,776.956,1.000000,787.294,844.849,0.000000
209,6.933333,football,789.276,810.296,cotracker_center_fallback,1,789.276,810.296,cotracker_center_fallback,1,790.768,806.701,5221.0,749.000,765.000,833.000,847.000,84.000,82.000,788.000,846.000,778.000,798.000,42.300,83.024,80.897,1.024390,0.888338,0,,,,,,,,,,,,0.250000,0.888338,0.888338,1.000000,753.191,813.955,0.000000,826.818,808.009,0.000000,789.378,776.353,1.000000,785.735,844.463,0.000000
210,6.966667,football,783.525,794.014,cotracker_center_fallback,1,783.525,794.014,cotracker_center_fallback,1,785.775,791.360,5117.0,745.000,749.000,827.000,833.000,82.000,84.000,776.500,832.000,775.000,778.000,42.339,82.324,79.827,0.976190,0.878198,0,,,,,,,,,,,,0.250000,0.878198,0.878198,1.000000,747.827,799.055,0.000000,820.059,792.758,0.000000,783.969,762.257,1.000000,778.791,828.678,0.000000
211,7.000000,football,777.987,782.366,cotracker_center_fallback,1,777.987,782.366,cotracker_center_fallback,1,779.789,781.491,5211.0,741.000,740.000,821.000,823.000,80.000,83.000,779.000,822.000,774.000,784.000,42.680,82.809,80.617,0.963855,0.887564,0,,,,,,,,,,,,0.250000,0.887564,0.887564,1.000000,743.262,789.361,0.000000,814.781,783.423,0.000000,777.965,751.118,1.000000,773.990,819.977,0.000000
212,7.033333,football,772.487,781.925,cotracker_center_fallback,1,772.487,781.925,cotracker_center_fallback,1,774.858,780.648,5093.0,737.000,740.000,816.000,822.000,79.000,82.000,772.500,821.000,766.000,779.000,42.377,81.830,80.213,0.963415,0.862199,0,,,,,,,,,,,,0.250000,0.862199,0.862199,1.000000,738.495,789.030,0.000000,809.353,782.880,0.000000,772.629,751.164,1.000000,769.516,820.294,0.000000
213,7.066667,football,768.855,786.784,cotracker_center_fallback,1,768.855,786.784,cotracker_center_fallback,1,768.681,786.184,5234.0,728.000,746.000,810.000,828.000,82.000,82.000,772.000,827.000,765.000,779.000,42.898,83.567,80.427,1.000000,0.893739,0,,,,,,,,,,,,0.250000,0.893739,0.893739,1.000000,735.427,793.733,0.000000,805.229,786.388,0.000000,768.716,756.671,1.000000,766.356,823.837,0.000000
214,7.100000,football,768.695,787.088,cotracker_center_fallback,1,768.695,787.088,cotracker_center_fallback,1,768.239,786.284,5357.0,727.000,746.000,810.000,828.000,83.000,82.000,770.000,827.000,761.000,779.000,43.081,84.230,81.709,1.012195,0.901402,0,,,,,,,,,,,,0.250000,0.901402,0.901402,1.000000,735.607,794.508,0.000000,804.332,786.936,0.000000,768.375,757.117,1.000000,766.333,824.201,0.000000
215,7.133333,football,763.735,796.499,cotracker_center_fallback,1,763.735,796.499,cotracker_center_fallback,1,762.971,796.386,5067.5,722.000,757.000,804.000,836.000,82.000,79.000,763.000,835.000,759.000,767.000,42.373,83.041,78.608,1.037975,0.885237,0,,,,,,,,,,,,0.250000,0.885237,0.885237,1.000000,731.405,805.016,0.000000,799.311,796.329,0.000000,763.695,767.740,1.000000,761.288,832.608,0.000000
216,7.166667,football,754.862,815.727,cotracker_center_fallback,1,754.862,815.727,cotracker_center_fallback,1,755.944,816.335,5276.0,717.000,775.000,799.000,859.000,82.000,84.000,749.000,858.000,743.000,755.000,44.092,86.990,77.695,0.976190,0.882414,0,,,,,,,,,,,,0.250000,0.882414,0.882414,1.000000,723.141,823.894,0.000000,791.676,812.962,0.000000,755.816,786.718,1.000000,753.209,852.003,0.000000
217,7.200000,football,749.694,836.900,cotracker_center_fallback,1,749.694,836.900,cotracker_center_fallback,1,752.553,837.416,4825.5,715.000,797.000,792.000,877.000,77.000,80.000,750.500,876.000,744.000,757.000,41.485,80.907,77.354,0.962500,0.879678,0,,,,,,,,,,,,0.250000,0.879678,0.879678,1.000000,717.842,843.367,0.000000,786.215,832.890,0.000000,751.219,808.322,1.000000,747.091,871.397,0.000000
218,7.233333,football,748.831,837.478,cotracker_center_fallback,1,748.831,837.478,cotracker_center_fallback,1,751.705,837.631,4933.0,715.000,797.000,791.000,878.000,76.000,81.000,746.500,877.000,744.000,749.000,42.199,82.078,78.583,0.938272,0.879542,0,,,,,,,,,,,,0.250000,0.879542,0.879542,1.000000,717.165,843.984,0.000000,785.201,833.684,0.000000,750.233,808.919,1.000000,746.896,871.049,0.000000
219,7.266667,football,746.055,841.202,cotracker_center_fallback,1,746.055,841.202,cotracker_center_fallback,1,747.990,840.130,4870.5,709.000,801.000,788.000,878.000,79.000,77.000,746.500,877.000,738.000,755.000,41.346,79.872,79.007,1.025974,0.893511,0,,,,,,,,,,,,0.250000,0.893511,0.893511,1.000000,713.937,847.054,0.000000,783.154,837.605,0.000000,747.541,812.221,1.000000,745.246,873.451,0.000000
220,7.300000,football,741.512,834.237,cotracker_center_fallback,1,741.512,834.237,cotracker_center_fallback,1,743.738,832.021,5070.5,705.000,792.000,785.000,871.000,80.000,79.000,746.500,870.000,741.000,752.000,43.105,81.884,80.480,1.012658,0.881246,0,,,,,,,,,,,,0.250000,0.881246,0.881246,1.000000,709.929,841.217,0.000000,778.797,831.370,0.000000,741.761,803.796,1.000000,741.831,867.970,0.000000
221,7.333333,football,736.294,828.672,cotracker_center_fallback,1,736.294,828.672,cotracker_center_fallback,1,737.592,825.130,4924.0,699.000,785.000,777.000,865.000,78.000,80.000,742.000,864.000,736.000,748.000,41.369,80.951,78.352,0.975000,0.895978,0,,,,,,,,,,,,0.500000,0.895978,0.895978,1.000000,705.625,836.146,1.000000,772.932,824.756,0.000000,735.880,798.516,1.000000,737.435,861.410,0.000000
222,7.366667,football,731.797,829.019,cotracker_center_fallback,1,731.797,829.019,cotracker_center_fallback,1,733.063,825.130,4897.0,694.000,786.000,773.000,865.000,79.000,79.000,734.000,864.000,721.000,747.000,40.965,81.044,77.586,1.000000,0.899063,0,,,,,,,,,,,,0.250000,0.899063,0.899063,1.000000,702.428,835.757,0.000000,768.226,825.024,0.000000,731.178,798.690,1.000000,733.375,860.639,0.000000
223,7.400000,football,727.538,835.803,cotracker_lr_center,1,731.099,836.888,cotracker_lr_center,1,728.395,830.932,4879.5,690.000,792.000,768.000,871.000,78.000,79.000,724.000,870.000,716.000,732.000,41.210,80.273,78.526,0.987342,0.889522,0,,,,,,,,,,,,0.750000,0.889522,0.889522,1.000000,698.849,842.382,1.000000,763.348,831.395,1.000000,727.308,805.696,1.000000,729.532,867.611,0.000000
224,7.433333,football,726.803,836.245,cotracker_center_fallback,1,726.803,836.245,cotracker_center_fallback,1,728.186,830.959,4906.0,690.000,792.000,768.000,871.000,78.000,79.000,723.500,870.000,715.000,732.000,41.243,80.227,79.014,0.987342,0.890376,0,,,,,,,,,,,,0.500000,0.890376,0.890376,1.000000,698.051,842.448,1.000000,762.107,832.532,0.000000,726.395,805.820,1.000000,728.784,867.973,0.000000
225,7.466667,football,724.901,840.270,cotracker_box_center,1,725.000,840.500,cotracker_box_center,1,724.914,840.268,4341.0,687.000,805.000,764.000,877.000,77.000,72.000,723.500,876.000,723.000,724.000,39.436,78.343,71.416,1.069444,0.876450,0,,,,,,,,,,,,1.000000,0.876450,1.000000,1.000000,687.000,840.270,1.000000,763.000,840.270,1.000000,724.901,805.000,1.000000,724.901,876.000,1.000000
226,7.500000,football,721.923,834.859,cotracker_center_fallback,1,721.923,834.859,cotracker_center_fallback,1,720.826,839.945,4597.5,684.000,803.000,761.000,877.000,77.000,74.000,718.000,876.000,712.000,724.000,40.400,80.203,74.590,1.040541,0.903344,0,,,,,,,,,,,,0.500000,0.903344,0.903344,1.000000,684.475,837.552,0.000000,761.063,837.838,1.000000,721.149,802.564,0.000000,724.308,875.704,1.000000
227,7.533333,football,716.513,826.975,cotracker_center_fallback,1,716.513,826.975,cotracker_center_fallback,1,716.412,836.698,4814.0,679.000,798.000,756.000,876.000,77.000,78.000,711.000,875.000,701.000,721.000,40.875,79.551,78.042,0.987179,0.900859,0,,,,,,,,,,,,0.500000,0.900859,0.900859,1.000000,681.139,834.714,0.000000,759.093,836.732,1.000000,715.781,800.041,0.000000,724.001,875.780,1.000000
228,7.566667,football,712.378,824.370,cotracker_center_fallback,1,712.378,824.370,cotracker_center_fallback,1,712.617,837.259,4654.5,676.000,799.000,753.000,876.000,77.000,77.000,710.500,875.000,704.000,717.000,40.291,77.646,77.533,1.000000,0.880597,0,,,,,,,,,,,,0.500000,0.880597,0.880597,1.000000,678.880,834.431,0.000000,757.597,837.724,1.000000,713.270,800.412,0.000000,723.366,876.402,1.000000
229,7.600000,football,710.676,824.004,cotracker_center_fallback,1,710.676,824.004,cotracker_center_fallback,1,712.457,837.277,4652.5,676.000,799.000,752.000,876.000,76.000,77.000,710.500,875.000,705.000,716.000,40.219,77.791,77.293,0.987013,0.894040,0,,,,,,,,,,,,0.500000,0.894040,0.894040,1.000000,677.970,834.643,0.000000,757.386,838.654,1.000000,712.473,801.195,0.000000,723.094,876.613,1.000000
230,7.633333,football,707.797,826.982,cotracker_center_fallback,1,707.797,826.982,cotracker_center_fallback,1,709.408,841.795,4688.0,671.000,805.000,751.000,878.000,80.000,73.000,709.000,877.000,697.000,721.000,41.069,80.462,76.342,1.095890,0.880575,0,,,,,,,,,,,,0.500000,0.880575,0.880575,1.000000,676.619,837.469,0.000000,756.859,841.533,1.000000,712.194,804.574,0.000000,722.562,877.654,1.000000
231,7.666667,football,704.931,827.456,cotracker_center_fallback,1,704.931,827.456,cotracker_center_fallback,1,704.027,842.263,4761.0,663.000,805.000,746.000,878.000,83.000,73.000,710.000,877.000,702.000,718.000,42.853,82.452,76.248,1.136986,0.861811,0,,,,,,,,,,,,0.500000,0.861811,0.861811,1.000000,675.136,837.665,0.000000,755.229,841.951,1.000000,710.803,805.153,0.000000,720.965,877.362,1.000000
232,7.700000,football,700.418,826.578,cotracker_center_fallback,1,700.418,826.578,cotracker_center_fallback,1,700.433,840.849,4713.5,660.000,803.000,742.000,876.000,82.000,73.000,697.500,875.000,682.000,713.000,42.843,82.607,75.183,1.123288,0.870209,0,,,,,,,,,,,,0.500000,0.870209,0.870209,1.000000,672.712,837.180,0.000000,753.071,841.684,1.000000,708.542,805.114,0.000000,718.011,876.595,1.000000
233,7.733333,football,697.936,826.718,cotracker_center_fallback,1,697.936,826.718,cotracker_center_fallback,1,700.370,840.780,4706.5,660.000,803.000,742.000,876.000,82.000,73.000,696.500,875.000,682.000,711.000,42.696,82.708,75.189,1.123288,0.868917,0,,,,,,,,,,,,0.500000,0.868917,0.868917,0.000000,671.904,837.269,0.000000,752.211,841.896,1.000000,707.653,805.205,0.000000,716.807,876.419,1.000000
234,7.766667,football,693.762,826.932,cotracker_center_fallback,1,693.762,826.932,cotracker_center_fallback,1,697.552,840.435,4619.0,657.000,804.000,739.000,876.000,82.000,72.000,693.500,875.000,684.000,703.000,42.406,82.044,73.725,1.138889,0.856605,0,,,,,,,,,,,,0.500000,0.856605,0.856605,0.000000,670.178,837.354,0.000000,750.049,842.252,1.000000,705.372,805.317,0.000000,715.309,876.194,1.000000
235,7.800000,football,690.052,826.591,cotracker_center_fallback,1,690.052,826.591,cotracker_center_fallback,1,694.843,840.452,4491.5,656.000,804.000,736.000,876.000,80.000,72.000,692.000,875.000,681.000,703.000,41.111,79.634,73.556,1.111111,0.863102,0,,,,,,,,,,,,0.250000,0.863102,0.863102,0.000000,668.644,837.003,0.000000,748.988,842.599,0.000000,703.606,805.321,0.000000,713.586,875.934,1.000000
236,7.833333,football,686.759,826.815,cotracker_center_fallback,1,686.759,826.815,cotracker_center_fallback,1,692.442,840.128,4438.5,654.000,804.000,732.000,876.000,78.000,72.000,692.500,875.000,681.000,704.000,39.379,76.993,74.400,1.083333,0.880239,0,,,,,,,,,,,,0.250000,0.880239,0.880239,0.000000,667.046,836.898,0.000000,748.619,842.459,0.000000,702.253,805.123,0.000000,712.855,875.771,1.000000
237,7.866667,football,684.009,826.715,cotracker_center_fallback,1,684.009,826.715,cotracker_center_fallback,1,689.976,839.801,4449.5,651.000,803.000,730.000,876.000,79.000,73.000,691.000,875.000,679.000,703.000,39.503,76.387,75.203,1.082192,0.876641,0,,,,,,,,,,,,0.250000,0.876641,0.876641,0.000000,665.853,836.956,0.000000,749.268,842.309,0.000000,700.770,805.001,0.000000,712.117,875.782,1.000000
238,7.900000,football,681.671,827.746,cotracker_center_fallback,1,681.671,827.746,cotracker_center_fallback,1,687.851,839.607,4411.5,650.000,803.000,727.000,876.000,77.000,73.000,687.500,875.000,674.000,701.000,39.062,75.645,75.354,1.054795,0.880672,0,,,,,,,,,,,,0.250000,0.880672,0.880672,0.000000,664.452,837.701,0.000000,749.576,842.347,0.000000,699.501,805.276,0.000000,711.501,876.302,1.000000
239,7.933333,football,680.592,828.435,cotracker_center_fallback,1,680.592,828.435,cotracker_center_fallback,1,687.779,839.607,4415.0,649.000,803.000,727.000,876.000,78.000,73.000,687.000,875.000,674.000,700.000,39.029,75.730,75.127,1.068493,0.879668,0,,,,,,,,,,,,0.500000,0.879668,0.879668,0.000000,664.263,838.124,0.000000,750.818,842.681,1.000000,699.078,805.610,0.000000,711.272,876.548,1.000000
240,7.966667,football,677.822,830.083,cotracker_center_fallback,1,677.822,830.083,cotracker_center_fallback,1,685.791,839.501,4339.5,648.000,803.000,724.000,876.000,76.000,73.000,688.500,875.000,677.000,700.000,39.013,75.799,73.825,1.041096,0.888623,0,,,,,,,,,,,,0.500000,0.888623,0.888623,0.000000,662.648,839.367,0.000000,750.710,842.942,1.000000,697.604,806.392,0.000000,710.077,877.432,1.000000
241,8.000000,football,675.379,831.352,cotracker_center_fallback,1,675.379,831.352,cotracker_center_fallback,1,683.531,839.947,4231.0,647.000,803.000,722.000,877.000,75.000,74.000,690.000,876.000,687.000,693.000,38.895,75.308,72.623,1.013514,0.856596,0,,,,,,,,,,,,0.500000,0.856596,0.856596,0.000000,661.213,840.444,0.000000,750.836,843.174,1.000000,696.128,807.053,0.000000,709.109,877.879,1.000000
242,8.033333,football,672.428,831.805,cotracker_center_fallback,1,672.428,831.805,cotracker_center_fallback,1,681.431,840.273,4259.0,645.000,803.000,719.000,877.000,74.000,74.000,689.000,876.000,685.000,693.000,39.335,76.541,72.511,1.000000,0.843015,0,,,,,,,,,,,,0.500000,0.843015,0.843015,0.000000,658.466,841.173,0.000000,750.280,843.431,1.000000,694.375,807.532,0.000000,707.953,878.255,1.000000
