frame,time,ball_center_x,ball_center_y,radius,mask_area,source
1,0.000000,716.594,260.312,9.739,298.0,sam2_video_propagation
2,0.041667,715.566,257.373,9.424,279.0,sam2_video_propagation
3,0.083333,714.434,258.615,9.541,286.0,sam2_video_propagation
4,0.125000,712.913,265.354,10.124,322.0,sam2_video_propagation
5,0.166667,711.575,277.903,10.734,362.0,sam2_video_propagation
6,0.208333,710.172,297.984,10.896,373.0,sam2_video_propagation
7,0.250000,708.171,325.845,12.061,457.0,sam2_video_propagation
8,0.291667,706.459,361.968,12.952,527.0,sam2_video_propagation
9,0.333333,703.437,407.721,14.127,627.0,sam2_video_propagation
10,0.375000,700.468,465.880,15.554,760.0,sam2_video_propagation
11,0.416667,700.496,533.759,16.323,837.0,sam2_video_propagation
12,0.458333,698.427,489.899,13.727,592.0,sam2_video_propagation
13,0.500000,698.643,452.866,13.716,591.0,sam2_video_propagation
14,0.541667,698.881,421.465,13.576,579.0,sam2_video_propagation
15,0.583333,698.991,397.845,13.303,556.0,sam2_video_propagation
16,0.625000,699.208,380.932,12.964,528.0,sam2_video_propagation
17,0.666667,713.732,359.544,14.658,675.0,sam2_video_propagation
18,0.708333,736.775,323.784,13.291,555.0,sam2_video_propagation
19,0.750000,755.960,294.007,11.631,425.0,sam2_video_propagation
20,0.791667,771.679,272.393,10.540,349.0,sam2_video_propagation
21,0.833333,783.665,258.060,10.265,331.0,sam2_video_propagation
22,0.875000,794.802,249.218,9.657,293.0,sam2_video_propagation
23,0.916667,804.050,245.088,9.132,262.0,sam2_video_propagation
24,0.958333,811.446,246.317,8.740,240.0,sam2_video_propagation
25,1.000000,808.421,244.640,10.218,328.0,sam2_video_propagation
26,1.041667,798.745,234.126,10.061,318.0,sam2_video_propagation
27,1.083333,787.110,225.848,9.491,283.0,sam2_video_propagation
28,1.125000,776.170,223.764,9.288,271.0,sam2_video_propagation
29,1.166667,764.263,226.500,13.111,540.0,sam2_video_propagation
30,1.208333,756.900,235.290,11.424,410.0,sam2_video_propagation
31,1.250000,750.000,244.567,10.540,349.0,sam2_video_propagation
32,1.291667,742.562,258.962,13.351,560.0,sam2_video_propagation
33,1.333333,731.613,292.030,15.706,775.0,sam2_video_propagation
34,1.375000,723.470,333.371,19.257,1165.0,sam2_video_propagation
35,1.416667,713.977,364.946,12.399,483.0,sam2_video_propagation
36,1.458333,701.658,522.184,21.822,1496.0,sam2_video_propagation
37,1.500000,695.907,475.397,13.315,557.0,sam2_video_propagation
38,1.541667,694.887,502.183,15.023,709.0,sam2_video_propagation
39,1.583333,696.977,450.768,12.890,522.0,sam2_video_propagation
40,1.625000,698.193,414.429,13.207,548.0,sam2_video_propagation
41,1.666667,698.473,383.418,12.679,505.0,sam2_video_propagation
42,1.708333,698.685,358.808,12.679,505.0,sam2_video_propagation
43,1.750000,698.419,340.378,12.514,492.0,sam2_video_propagation
44,1.791667,697.366,329.260,12.578,497.0,sam2_video_propagation
45,1.833333,695.727,324.030,12.952,527.0,sam2_video_propagation
46,1.875000,693.185,324.401,13.183,546.0,sam2_video_propagation
47,1.916667,,,,0,sam2_video_propagation
48,1.958333,725.139,303.239,10.705,360.0,sam2_video_propagation
49,2.000000,745.237,285.059,12.903,523.0,sam2_video_propagation
50,2.041667,766.728,269.820,11.199,394.0,sam2_video_propagation
51,2.083333,784.193,259.731,10.202,327.0,sam2_video_propagation
52,2.125000,798.110,254.144,9.624,291.0,sam2_video_propagation
53,2.166667,809.241,253.441,9.950,311.0,sam2_video_propagation
54,2.208333,802.602,244.488,11.562,420.0,sam2_video_propagation
55,2.250000,789.364,230.879,9.982,313.0,sam2_video_propagation
56,2.291667,776.365,224.567,9.474,282.0,sam2_video_propagation
57,2.333333,763.041,223.884,9.236,268.0,sam2_video_propagation
58,2.375000,749.860,227.795,9.167,264.0,sam2_video_propagation
59,2.416667,736.335,236.361,9.253,269.0,sam2_video_propagation
60,2.458333,722.302,250.253,9.458,281.0,sam2_video_propagation
61,2.500000,709.498,269.288,9.525,285.0,sam2_video_propagation
62,2.541667,696.720,293.582,9.950,311.0,sam2_video_propagation
63,2.583333,684.580,322.285,10.077,319.0,sam2_video_propagation
64,2.625000,671.781,354.887,10.093,320.0,sam2_video_propagation
65,2.666667,661.504,390.071,10.388,339.0,sam2_video_propagation
66,2.708333,653.275,392.665,9.253,269.0,sam2_video_propagation
67,2.750000,647.730,366.986,9.474,282.0,sam2_video_propagation
68,2.791667,641.510,345.610,9.772,300.0,sam2_video_propagation
69,2.833333,635.722,330.408,9.918,309.0,sam2_video_propagation
70,2.875000,628.564,320.312,9.739,298.0,sam2_video_propagation
71,2.916667,620.060,315.217,10.555,350.0,sam2_video_propagation
72,2.958333,610.368,314.932,10.852,370.0,sam2_video_propagation
73,3.000000,599.411,320.264,11.672,428.0,sam2_video_propagation
74,3.041667,592.737,324.486,7.464,175.0,sam2_video_propagation
75,3.083333,590.440,321.193,7.269,166.0,sam2_video_propagation
76,3.125000,599.965,306.331,12.754,511.0,sam2_video_propagation
77,3.166667,615.506,289.119,12.361,480.0,sam2_video_propagation
78,3.208333,629.538,280.579,12.754,511.0,sam2_video_propagation
79,3.250000,642.672,277.666,12.878,521.0,sam2_video_propagation
80,3.291667,655.950,282.406,13.135,542.0,sam2_video_propagation
81,3.333333,668.766,293.747,13.493,572.0,sam2_video_propagation
82,3.375000,681.408,312.725,13.912,608.0,sam2_video_propagation
83,3.416667,694.048,338.317,14.071,622.0,sam2_video_propagation
84,3.458333,706.620,370.184,14.723,681.0,sam2_video_propagation
85,3.500000,731.215,344.963,15.787,783.0,sam2_video_propagation
86,3.541667,760.604,305.547,13.541,576.0,sam2_video_propagation
87,3.583333,783.586,275.539,11.604,423.0,sam2_video_propagation
88,3.625000,801.563,254.805,10.449,343.0,sam2_video_propagation
89,3.666667,817.827,242.800,10.779,365.0,sam2_video_propagation
90,3.708333,810.566,234.782,10.998,380.0,sam2_video_propagation
91,3.750000,801.324,227.519,9.558,287.0,sam2_video_propagation
92,3.791667,793.510,226.089,9.045,257.0,sam2_video_propagation
93,3.833333,787.538,230.394,9.167,264.0,sam2_video_propagation
94,3.875000,781.832,239.421,9.441,280.0,sam2_video_propagation
95,3.916667,776.158,252.265,9.624,291.0,sam2_video_propagation
96,3.958333,770.716,269.353,9.356,275.0,sam2_video_propagation
97,4.000000,765.676,292.758,10.249,330.0,sam2_video_propagation
98,4.041667,761.440,317.876,9.885,307.0,sam2_video_propagation
99,4.083333,756.726,310.067,9.525,285.0,sam2_video_propagation
100,4.125000,751.773,297.514,9.474,282.0,sam2_video_propagation
101,4.166667,747.654,290.541,9.202,266.0,sam2_video_propagation
102,4.208333,743.104,288.438,9.723,297.0,sam2_video_propagation
103,4.250000,738.748,291.227,10.249,330.0,sam2_video_propagation
104,4.291667,733.986,299.865,10.630,355.0,sam2_video_propagation
105,4.333333,729.518,315.495,11.227,396.0,sam2_video_propagation
106,4.375000,724.478,339.374,12.127,462.0,sam2_video_propagation
107,4.416667,719.311,372.772,13.564,578.0,sam2_video_propagation
108,4.458333,713.789,415.809,14.373,649.0,sam2_video_propagation
109,4.500000,708.247,467.958,15.605,765.0,sam2_video_propagation
110,4.541667,705.364,509.490,14.417,653.0,sam2_video_propagation
111,4.583333,704.464,464.957,14.461,657.0,sam2_video_propagation
112,4.625000,703.993,424.359,13.969,613.0,sam2_video_propagation
113,4.666667,703.044,391.221,14.003,616.0,sam2_video_propagation
114,4.708333,702.417,364.819,13.646,585.0,sam2_video_propagation
115,4.750000,700.878,345.476,13.517,574.0,sam2_video_propagation
116,4.791667,701.520,330.257,11.396,408.0,sam2_video_propagation
117,4.833333,,,,0,sam2_video_propagation
118,4.875000,720.293,298.131,8.406,222.0,sam2_video_propagation
119,4.916667,726.245,275.367,11.631,425.0,sam2_video_propagation
120,4.958333,737.847,258.649,10.690,359.0,sam2_video_propagation
121,5.000000,747.721,249.015,10.295,333.0,sam2_video_propagation
122,5.041667,757.528,244.567,9.508,284.0,sam2_video_propagation
123,5.083333,765.663,244.716,9.115,261.0,sam2_video_propagation
124,5.125000,773.679,249.829,8.849,246.0,sam2_video_propagation
125,5.166667,767.218,251.333,10.388,339.0,sam2_video_propagation
126,5.208333,749.454,242.975,8.740,240.0,sam2_video_propagation
127,5.250000,732.479,241.393,9.219,267.0,sam2_video_propagation
128,5.291667,714.709,243.781,8.938,251.0,sam2_video_propagation
129,5.333333,697.667,251.903,9.424,279.0,sam2_video_propagation
130,5.375000,680.734,263.090,8.813,244.0,sam2_video_propagation
131,5.416667,664.267,279.411,9.271,270.0,sam2_video_propagation
132,5.458333,647.401,299.748,9.339,274.0,sam2_video_propagation
133,5.500000,631.512,324.198,9.821,303.0,sam2_video_propagation
134,5.541667,615.672,354.664,11.270,399.0,sam2_video_propagation
135,5.583333,611.348,350.929,10.570,351.0,sam2_video_propagation
136,5.625000,621.470,316.219,10.013,315.0,sam2_video_propagation
137,5.666667,629.767,287.125,9.707,296.0,sam2_video_propagation
138,5.708333,644.915,270.023,13.291,555.0,sam2_video_propagation
139,5.750000,658.245,279.413,14.340,646.0,sam2_video_propagation
140,5.791667,666.533,300.277,12.766,512.0,sam2_video_propagation
141,5.833333,680.875,358.040,15.389,744.0,sam2_video_propagation
142,5.875000,691.276,400.716,15.858,790.0,sam2_video_propagation
143,5.916667,676.920,220.336,9.788,301.0,sam2_video_propagation
144,5.958333,700.387,404.510,16.371,842.0,sam2_video_propagation
145,6.000000,706.719,395.086,14.516,662.0,sam2_video_propagation
146,6.041667,708.724,343.926,15.848,789.0,sam2_video_propagation
147,6.083333,714.197,337.999,16.765,883.0,sam2_video_propagation
148,6.125000,719.466,342.137,16.126,817.0,sam2_video_propagation
149,6.166667,725.379,338.708,12.087,459.0,sam2_video_propagation
150,6.208333,731.194,336.974,10.418,341.0,sam2_video_propagation
151,6.250000,747.099,307.761,11.480,414.0,sam2_video_propagation
152,6.291667,770.012,278.694,13.564,578.0,sam2_video_propagation
153,6.333333,790.086,251.908,12.463,488.0,sam2_video_propagation
154,6.375000,807.070,233.715,11.713,431.0,sam2_video_propagation
155,6.416667,820.367,220.529,10.495,346.0,sam2_video_propagation
156,6.458333,831.956,212.140,9.657,293.0,sam2_video_propagation
157,6.500000,843.668,208.286,9.441,280.0,sam2_video_propagation
158,6.541667,851.097,206.941,10.896,373.0,sam2_video_propagation
159,6.583333,842.052,196.270,11.902,445.0,sam2_video_propagation
160,6.625000,831.104,184.082,9.236,268.0,sam2_video_propagation
161,6.666667,822.502,180.007,9.657,293.0,sam2_video_propagation
162,6.708333,814.574,179.326,9.624,291.0,sam2_video_propagation
163,6.750000,805.712,182.175,9.641,292.0,sam2_video_propagation
164,6.791667,797.864,189.332,9.690,295.0,sam2_video_propagation
165,6.833333,789.111,199.235,9.739,298.0,sam2_video_propagation
166,6.875000,780.409,214.015,10.171,325.0,sam2_video_propagation
167,6.916667,771.726,231.566,10.061,318.0,sam2_video_propagation
168,6.958333,763.050,253.565,10.749,363.0,sam2_video_propagation
169,7.000000,755.223,278.942,10.764,364.0,sam2_video_propagation
170,7.041667,747.391,309.507,11.312,402.0,sam2_video_propagation
171,7.083333,739.798,344.430,11.699,430.0,sam2_video_propagation
172,7.125000,732.236,385.202,12.296,475.0,sam2_video_propagation
173,7.166667,725.294,430.437,12.866,520.0,sam2_video_propagation
174,7.208333,717.321,484.690,13.969,613.0,sam2_video_propagation
175,7.250000,710.383,540.828,12.628,501.0,sam2_video_propagation
176,7.291667,701.417,608.677,15.797,784.0,sam2_video_propagation
177,7.333333,696.800,660.417,16.342,839.0,sam2_video_propagation
178,7.375000,698.074,607.651,15.254,731.0,sam2_video_propagation
179,7.416667,699.011,561.070,13.934,610.0,sam2_video_propagation
180,7.458333,699.184,516.366,14.150,629.0,sam2_video_propagation
181,7.500000,701.081,479.107,13.267,553.0,sam2_video_propagation
182,7.541667,702.775,447.704,13.552,577.0,sam2_video_propagation
183,7.583333,704.538,423.121,13.363,561.0,sam2_video_propagation
184,7.625000,705.815,405.176,12.841,518.0,sam2_video_propagation
185,7.666667,707.342,396.294,12.866,520.0,sam2_video_propagation
186,7.708333,707.731,396.160,13.375,562.0,sam2_video_propagation
187,7.750000,709.059,405.869,13.969,613.0,sam2_video_propagation
188,7.791667,709.298,426.138,15.023,709.0,sam2_video_propagation
189,7.833333,709.489,458.901,15.807,785.0,sam2_video_propagation
190,7.875000,708.492,506.015,17.752,990.0,sam2_video_propagation
191,7.916667,707.912,566.575,18.898,1122.0,sam2_video_propagation
192,7.958333,705.798,633.629,20.966,1381.0,sam2_video_propagation
193,8.000000,704.633,616.694,19.232,1162.0,sam2_video_propagation
194,8.041667,704.941,558.888,18.116,1031.0,sam2_video_propagation
195,8.083333,703.290,505.449,17.196,929.0,sam2_video_propagation
196,8.125000,702.635,460.629,16.381,843.0,sam2_video_propagation
197,8.166667,702.451,423.104,15.574,762.0,sam2_video_propagation
198,8.208333,702.250,393.234,14.884,696.0,sam2_video_propagation
199,8.250000,701.915,371.219,12.803,515.0,sam2_video_propagation
200,8.291667,718.121,338.659,12.964,528.0,sam2_video_propagation
201,8.333333,735.973,301.014,13.716,591.0,sam2_video_propagation
202,8.375000,752.583,270.514,12.691,506.0,sam2_video_propagation
203,8.416667,765.995,248.302,11.424,410.0,sam2_video_propagation
204,8.458333,777.352,235.125,10.925,375.0,sam2_video_propagation
205,8.500000,786.273,227.054,10.013,315.0,sam2_video_propagation
206,8.541667,795.189,225.368,9.624,291.0,sam2_video_propagation
207,8.583333,802.062,228.221,9.062,258.0,sam2_video_propagation
208,8.625000,804.543,234.997,10.155,324.0,sam2_video_propagation
209,8.666667,795.114,227.607,9.305,272.0,sam2_video_propagation
210,8.708333,785.734,226.867,9.288,271.0,sam2_video_propagation
211,8.750000,776.682,232.346,9.491,283.0,sam2_video_propagation
212,8.791667,767.589,243.122,9.558,287.0,sam2_video_propagation
213,8.833333,758.098,259.878,10.218,328.0,sam2_video_propagation
214,8.875000,749.473,282.518,10.372,338.0,sam2_video_propagation
215,8.916667,740.293,312.448,11.085,386.0,sam2_video_propagation
216,8.958333,731.521,349.028,11.754,434.0,sam2_video_propagation
217,9.000000,723.665,392.481,12.628,501.0,sam2_video_propagation
218,9.041667,714.874,444.235,13.658,586.0,sam2_video_propagation
219,9.083333,706.760,501.828,14.195,633.0,sam2_video_propagation
220,9.125000,697.611,559.224,12.890,522.0,sam2_video_propagation
221,9.166667,695.216,531.163,12.741,510.0,sam2_video_propagation
222,9.208333,695.810,497.216,12.565,496.0,sam2_video_propagation
223,9.250000,696.613,468.548,12.309,476.0,sam2_video_propagation
224,9.291667,697.204,448.124,13.387,563.0,sam2_video_propagation
225,9.333333,693.366,465.806,20.272,1291.0,sam2_video_propagation
226,9.375000,691.205,562.099,23.736,1770.0,sam2_video_propagation
227,9.416667,685.136,449.239,9.918,309.0,sam2_video_propagation
228,9.458333,682.970,540.993,22.454,1584.0,sam2_video_propagation
229,9.500000,680.724,492.333,17.859,1002.0,sam2_video_propagation
230,9.541667,679.009,445.608,14.831,691.0,sam2_video_propagation
231,9.583333,677.232,412.982,13.866,604.0,sam2_video_propagation
232,9.625000,675.167,390.557,14.417,653.0,sam2_video_propagation
233,9.666667,683.442,361.024,11.027,382.0,sam2_video_propagation
234,9.708333,708.385,327.231,14.884,696.0,sam2_video_propagation
235,9.750000,736.140,293.764,12.816,516.0,sam2_video_propagation
236,9.791667,757.964,270.691,11.535,418.0,sam2_video_propagation
237,9.833333,777.239,255.172,10.630,355.0,sam2_video_propagation
238,9.875000,795.135,247.778,9.202,266.0,sam2_video_propagation
239,9.916667,800.223,247.244,12.296,475.0,sam2_video_propagation
240,9.958333,788.884,233.204,9.508,284.0,sam2_video_propagation
