frame,time,stage_label,r_center_u,r_center_v,r_depth,r_support,r_contact,r_smooth_xy,r_smooth_z,r_reg,E_visual,E_depth,E_support,E_contact,E_smooth,E_reg,E_total,contact_active,audio_contact_frame
1,0.000000,stage3_translation3_init,0.000000000,0.000000000,0.000000000,,,,,,0.000000000,0.000000000,0.000000000,0.000000000,0.000000000,0.000000000,0.000000000,0,0
2,0.041667,stage3_translation3_init,0.000000000,0.000000000,0.000000000,,,0.003266681,0.004680090,,0.000000000,0.000000000,0.000000000,0.000000000,0.000032574,0.000000000,0.000032574,0,0
3,0.083333,stage3_translation3_init,0.000000000,0.000000000,0.000000000,,,0.001170345,-0.009896837,,0.000000000,0.000000000,0.000000000,0.000000000,0.000099317,0.000000000,0.000099317,0,0
4,0.125000,stage3_translation3_init,0.000000000,0.000000000,0.000000000,,,0.001495317,-0.002231596,,0.000000000,0.000000000,0.000000000,0.000000000,0.000007216,0.000000000,0.000007216,0,0
5,0.166667,stage3_translation3_init,0.000000000,0.000000000,0.000000000,,,0.004766502,0.012345779,,0.000000000,0.000000000,0.000000000,0.000000000,0.000175138,0.000000000,0.000175138,0,0
6,0.208333,stage3_translation3_init,0.000000000,0.000000000,0.000000000,,,0.013349086,-0.016972650,,0.000000000,0.000000000,0.000000000,0.000000000,0.000466269,0.000000000,0.000466269,0,0
7,0.250000,stage3_translation3_init,0.000000000,0.000000000,0.000000000,,,0.020834168,-0.015920804,,0.000000000,0.000000000,0.000000000,0.000000000,0.000687535,0.000000000,0.000687535,0,0
8,0.291667,stage3_translation3_init,0.000000000,0.000000000,0.000000000,,,0.025620088,-0.012195962,,0.000000000,0.000000000,0.000000000,0.000000000,0.000805130,0.000000000,0.000805130,0,0
9,0.333333,stage3_translation3_init,0.000000000,0.000000000,0.000000000,,,0.034072873,-0.007376788,,0.000000000,0.000000000,0.000000000,0.000000000,0.001215378,0.000000000,0.001215378,0,0
10,0.375000,stage3_translation3_init,0.000000000,0.000000000,0.000000000,,,0.009983697,0.011737121,,0.000000000,0.000000000,0.000000000,0.000000000,0.000237434,0.000000000,0.000237434,1,0
11,0.416667,stage3_translation3_init,0.000000000,0.000000000,0.000000000,,,0.021643518,0.003477086,,0.000000000,0.000000000,0.000000000,0.000000000,0.000480532,0.000000000,0.000480532,0,0
12,0.458333,stage3_translation3_init,0.000000000,0.000000000,0.000000000,,,0.021230735,-0.012807303,,0.000000000,0.000000000,0.000000000,0.000000000,0.000614771,0.000000000,0.000614771,0,0
13,0.500000,stage3_translation3_init,0.000000000,0.000000000,0.000000000,,,0.015092683,0.014945431,,0.000000000,0.000000000,0.000000000,0.000000000,0.000451155,0.000000000,0.000451155,0,0
14,0.541667,stage3_translation3_init,0.000000000,0.000000000,0.000000000,,,0.012651474,0.010175451,,0.000000000,0.000000000,0.000000000,0.000000000,0.000263600,0.000000000,0.000263600,0,0
15,0.583333,stage3_translation3_init,0.000000000,0.000000000,0.000000000,,,0.010430986,0.004654599,,0.000000000,0.000000000,0.000000000,0.000000000,0.000130471,0.000000000,0.000130471,0,0
16,0.625000,stage3_translation3_init,0.000000000,0.000000000,0.000000000,,,0.007956494,-0.001759338,,0.000000000,0.000000000,0.000000000,0.000000000,0.000066401,0.000000000,0.000066401,0,0
17,0.666667,stage3_translation3_init,0.000000000,0.000000000,0.000000000,,,0.004523763,-0.020111643,,0.000000000,0.000000000,0.000000000,0.000000000,0.000424943,0.000000000,0.000424943,0,0
18,0.708333,stage3_translation3_init,0.000000000,0.000000000,0.000000000,,,0.001575106,-0.018447114,,0.000000000,0.000000000,0.000000000,0.000000000,0.000342777,0.000000000,0.000342777,0,0
19,0.750000,stage3_translation3_init,0.000000000,0.000000000,0.000000000,,,0.007884820,-0.011486234,,0.000000000,0.000000000,0.000000000,0.000000000,0.000194104,0.000000000,0.000194104,0,0
20,0.791667,stage3_translation3_init,0.000000000,0.000000000,0.000000000,,,0.023066064,-0.015489690,,0.000000000,0.000000000,0.000000000,0.000000000,0.000771974,0.000000000,0.000771974,0,0
21,0.833333,stage3_translation3_init,0.000000000,0.000000000,0.000000000,,,0.026500455,-0.019332149,,0.000000000,0.000000000,0.000000000,0.000000000,0.001076006,0.000000000,0.001076006,0,0
22,0.875000,stage3_translation3_init,0.000000000,0.000000000,0.000000000,,,0.027866471,-0.020903658,,0.000000000,0.000000000,0.000000000,0.000000000,0.001213503,0.000000000,0.001213503,1,0
23,0.916667,stage3_translation3_init,0.000000000,0.000000000,0.000000000,,,0.004075546,-0.023433545,,0.000000000,0.000000000,0.000000000,0.000000000,0.000565741,0.000000000,0.000565741,0,0
24,0.958333,stage3_translation3_init,0.000000000,0.000000000,0.000000000,,,0.026136350,-0.011968777,,0.000000000,0.000000000,0.000000000,0.000000000,0.000826360,0.000000000,0.000826360,0,0
25,1.000000,stage3_translation3_init,0.000000000,0.000000000,0.000000000,,,0.018527091,-0.010609695,,0.000000000,0.000000000,0.000000000,0.000000000,0.000455819,0.000000000,0.000455819,0,0
26,1.041667,stage3_translation3_init,0.000000000,0.000000000,0.000000000,,,0.014029008,-0.006142032,,0.000000000,0.000000000,0.000000000,0.000000000,0.000234538,0.000000000,0.000234538,0,0
27,1.083333,stage3_translation3_init,0.000000000,0.000000000,0.000000000,,,0.010195560,-0.004842876,,0.000000000,0.000000000,0.000000000,0.000000000,0.000127403,0.000000000,0.000127403,0,0
28,1.125000,stage3_translation3_init,0.000000000,0.000000000,0.000000000,,,0.006924954,0.002499924,,0.000000000,0.000000000,0.000000000,0.000000000,0.000054205,0.000000000,0.000054205,0,0
29,1.166667,stage3_translation3_init,0.000000000,0.000000000,0.000000000,,,0.003709002,-0.001477594,,0.000000000,0.000000000,0.000000000,0.000000000,0.000015940,0.000000000,0.000015940,0,0
30,1.208333,stage3_translation3_init,0.000000000,0.000000000,0.000000000,,,0.001642923,0.000231657,,0.000000000,0.000000000,0.000000000,0.000000000,0.000002753,0.000000000,0.000002753,0,0
31,1.250000,stage3_translation3_init,0.000000000,0.000000000,0.000000000,,,0.001222953,-0.000465102,,0.000000000,0.000000000,0.000000000,0.000000000,0.000001712,0.000000000,0.000001712,0,0
32,1.291667,stage3_translation3_init,0.000000000,0.000000000,0.000000000,,,0.008218475,0.003851403,,0.000000000,0.000000000,0.000000000,0.000000000,0.000082377,0.000000000,0.000082377,0,0
33,1.333333,stage3_translation3_init,0.000000000,0.000000000,0.000000000,,,0.013277755,-0.000458394,,0.000000000,0.000000000,0.000000000,0.000000000,0.000176509,0.000000000,0.000176509,0,0
34,1.375000,stage3_translation3_init,0.000000000,0.000000000,0.000000000,,,0.024917729,-0.008282396,,0.000000000,0.000000000,0.000000000,0.000000000,0.000689491,0.000000000,0.000689491,0,0
35,1.416667,stage3_translation3_init,0.000000000,0.000000000,0.000000000,,,0.026915116,-0.008626750,,0.000000000,0.000000000,0.000000000,0.000000000,0.000798844,0.000000000,0.000798844,0,0
36,1.458333,stage3_translation3_init,0.000000000,0.000000000,0.000000000,,,0.009663518,-0.006741745,,0.000000000,0.000000000,0.000000000,0.000000000,0.000138835,0.000000000,0.000138835,1,0
37,1.500000,stage3_translation3_init,0.000000000,0.000000000,0.000000000,,,0.020111452,0.000286664,,0.000000000,0.000000000,0.000000000,0.000000000,0.000404553,0.000000000,0.000404553,0,0
38,1.541667,stage3_translation3_init,0.000000000,0.000000000,0.000000000,,,0.017513894,0.009356156,,0.000000000,0.000000000,0.000000000,0.000000000,0.000394274,0.000000000,0.000394274,0,0
39,1.583333,stage3_translation3_init,0.000000000,0.000000000,0.000000000,,,0.014900704,0.010542613,,0.000000000,0.000000000,0.000000000,0.000000000,0.000333178,0.000000000,0.000333178,0,0
40,1.625000,stage3_translation3_init,0.000000000,0.000000000,0.000000000,,,0.011620080,0.015449441,,0.000000000,0.000000000,0.000000000,0.000000000,0.000373711,0.000000000,0.000373711,0,0
41,1.666667,stage3_translation3_init,0.000000000,0.000000000,0.000000000,,,0.009084997,0.023450987,,0.000000000,0.000000000,0.000000000,0.000000000,0.000632486,0.000000000,0.000632486,0,0
42,1.708333,stage3_translation3_init,0.000000000,0.000000000,0.000000000,,,0.005775939,0.017180157,,0.000000000,0.000000000,0.000000000,0.000000000,0.000328519,0.000000000,0.000328519,0,0
43,1.750000,stage3_translation3_init,0.000000000,0.000000000,0.000000000,,,0.003511703,0.003063860,,0.000000000,0.000000000,0.000000000,0.000000000,0.000021719,0.000000000,0.000021719,0,0
44,1.791667,stage3_translation3_init,0.000000000,0.000000000,0.000000000,,,0.001981857,-0.008808766,,0.000000000,0.000000000,0.000000000,0.000000000,0.000081522,0.000000000,0.000081522,0,0
45,1.833333,stage3_translation3_init,0.000000000,0.000000000,0.000000000,,,0.004313159,-0.013845286,,0.000000000,0.000000000,0.000000000,0.000000000,0.000210295,0.000000000,0.000210295,0,0
46,1.875000,stage3_translation3_init,0.000000000,0.000000000,0.000000000,,,0.008752809,-0.021477880,,0.000000000,0.000000000,0.000000000,0.000000000,0.000537911,0.000000000,0.000537911,0,0
47,1.916667,stage3_translation3_init,0.000000000,0.000000000,0.000000000,,,0.015257170,-0.014171752,,0.000000000,0.000000000,0.000000000,0.000000000,0.000433620,0.000000000,0.000433620,0,0
48,1.958333,stage3_translation3_init,0.000000000,0.000000000,0.000000000,,,0.020602831,-0.022179558,,0.000000000,0.000000000,0.000000000,0.000000000,0.000916409,0.000000000,0.000916409,0,0
49,2.000000,stage3_translation3_init,0.000000000,0.000000000,0.000000000,,,0.023993041,-0.016994117,,0.000000000,0.000000000,0.000000000,0.000000000,0.000864466,0.000000000,0.000864466,0,0
50,2.041667,stage3_translation3_init,0.000000000,0.000000000,0.000000000,,,0.013479924,-0.003626455,,0.000000000,0.000000000,0.000000000,0.000000000,0.000194860,0.000000000,0.000194860,1,0
51,2.083333,stage3_translation3_init,0.000000000,0.000000000,0.000000000,,,0.017918619,0.003663574,,0.000000000,0.000000000,0.000000000,0.000000000,0.000334499,0.000000000,0.000334499,0,0
52,2.125000,stage3_translation3_init,0.000000000,0.000000000,0.000000000,,,0.017448849,0.002679257,,0.000000000,0.000000000,0.000000000,0.000000000,0.000311641,0.000000000,0.000311641,0,0
53,2.166667,stage3_translation3_init,0.000000000,0.000000000,0.000000000,,,0.014471174,0.007749764,,0.000000000,0.000000000,0.000000000,0.000000000,0.000269474,0.000000000,0.000269474,0,0
54,2.208333,stage3_translation3_init,0.000000000,0.000000000,0.000000000,,,0.012078119,-0.003563845,,0.000000000,0.000000000,0.000000000,0.000000000,0.000158582,0.000000000,0.000158582,0,0
55,2.250000,stage3_translation3_init,0.000000000,0.000000000,0.000000000,,,0.008407922,0.001541992,,0.000000000,0.000000000,0.000000000,0.000000000,0.000073071,0.000000000,0.000073071,0,0
56,2.291667,stage3_translation3_init,0.000000000,0.000000000,0.000000000,,,0.007013552,-0.000265645,,0.000000000,0.000000000,0.000000000,0.000000000,0.000049260,0.000000000,0.000049260,0,0
57,2.333333,stage3_translation3_init,0.000000000,0.000000000,0.000000000,,,0.003293604,0.003053574,,0.000000000,0.000000000,0.000000000,0.000000000,0.000020172,0.000000000,0.000020172,0,0
58,2.375000,stage3_translation3_init,0.000000000,0.000000000,0.000000000,,,0.002664367,0.013442346,,0.000000000,0.000000000,0.000000000,0.000000000,0.000187796,0.000000000,0.000187796,0,0
59,2.416667,stage3_translation3_init,0.000000000,0.000000000,0.000000000,,,0.004892224,0.015043371,,0.000000000,0.000000000,0.000000000,0.000000000,0.000250237,0.000000000,0.000250237,0,0
60,2.458333,stage3_translation3_init,0.000000000,0.000000000,0.000000000,,,0.011740464,0.011860552,,0.000000000,0.000000000,0.000000000,0.000000000,0.000278511,0.000000000,0.000278511,0,0
61,2.500000,stage3_translation3_init,0.000000000,0.000000000,0.000000000,,,0.020622643,0.007968899,,0.000000000,0.000000000,0.000000000,0.000000000,0.000488797,0.000000000,0.000488797,0,0
62,2.541667,stage3_translation3_init,0.000000000,0.000000000,0.000000000,,,0.028920078,0.019537868,,0.000000000,0.000000000,0.000000000,0.000000000,0.001218099,0.000000000,0.001218099,0,0
63,2.583333,stage3_translation3_init,0.000000000,0.000000000,0.000000000,,,0.021074311,0.002689990,,0.000000000,0.000000000,0.000000000,0.000000000,0.000451363,0.000000000,0.000451363,1,0
64,2.625000,stage3_translation3_init,0.000000000,0.000000000,0.000000000,,,0.016703215,0.007941619,,0.000000000,0.000000000,0.000000000,0.000000000,0.000342067,0.000000000,0.000342067,0,0
65,2.666667,stage3_translation3_init,0.000000000,0.000000000,0.000000000,,,0.022486774,-0.002041530,,0.000000000,0.000000000,0.000000000,0.000000000,0.000509823,0.000000000,0.000509823,0,0
66,2.708333,stage3_translation3_init,0.000000000,0.000000000,0.000000000,,,0.014578168,-0.005997134,,0.000000000,0.000000000,0.000000000,0.000000000,0.000248489,0.000000000,0.000248489,0,0
67,2.750000,stage3_translation3_init,0.000000000,0.000000000,0.000000000,,,0.012378280,-0.004132254,,0.000000000,0.000000000,0.000000000,0.000000000,0.000170297,0.000000000,0.000170297,0,0
68,2.791667,stage3_translation3_init,0.000000000,0.000000000,0.000000000,,,0.009002562,-0.003673412,,0.000000000,0.000000000,0.000000000,0.000000000,0.000094540,0.000000000,0.000094540,0,0
69,2.833333,stage3_translation3_init,0.000000000,0.000000000,0.000000000,,,0.005816733,-0.015863561,,0.000000000,0.000000000,0.000000000,0.000000000,0.000285487,0.000000000,0.000285487,0,0
70,2.875000,stage3_translation3_init,0.000000000,0.000000000,0.000000000,,,0.002979372,-0.003550429,,0.000000000,0.000000000,0.000000000,0.000000000,0.000021482,0.000000000,0.000021482,0,0
71,2.916667,stage3_translation3_init,0.000000000,0.000000000,0.000000000,,,0.001342292,-0.003368413,,0.000000000,0.000000000,0.000000000,0.000000000,0.000013148,0.000000000,0.000013148,0,0
72,2.958333,stage3_translation3_init,0.000000000,0.000000000,0.000000000,,,0.006892045,-0.004261498,,0.000000000,0.000000000,0.000000000,0.000000000,0.000065661,0.000000000,0.000065661,0,0
73,3.000000,stage3_translation3_init,0.000000000,0.000000000,0.000000000,,,0.013908030,0.001874719,,0.000000000,0.000000000,0.000000000,0.000000000,0.000196948,0.000000000,0.000196948,0,0
74,3.041667,stage3_translation3_init,0.000000000,0.000000000,0.000000000,,,0.019812418,-0.016300041,,0.000000000,0.000000000,0.000000000,0.000000000,0.000658223,0.000000000,0.000658223,0,0
75,3.083333,stage3_translation3_init,0.000000000,0.000000000,0.000000000,,,0.027489458,-0.008622725,,0.000000000,0.000000000,0.000000000,0.000000000,0.000830022,0.000000000,0.000830022,0,0
76,3.125000,stage3_translation3_init,0.000000000,0.000000000,0.000000000,,,0.007871800,-0.002443128,,0.000000000,0.000000000,0.000000000,0.000000000,0.000067934,0.000000000,0.000067934,1,0
77,3.166667,stage3_translation3_init,0.000000000,0.000000000,0.000000000,,,0.019965159,0.001462836,,0.000000000,0.000000000,0.000000000,0.000000000,0.000400747,0.000000000,0.000400747,0,0
78,3.208333,stage3_translation3_init,0.000000000,0.000000000,0.000000000,,,0.017666380,0.016819703,,0.000000000,0.000000000,0.000000000,0.000000000,0.000595003,0.000000000,0.000595003,0,0
79,3.250000,stage3_translation3_init,0.000000000,0.000000000,0.000000000,,,0.014481780,0.015863113,,0.000000000,0.000000000,0.000000000,0.000000000,0.000461360,0.000000000,0.000461360,0,0
80,3.291667,stage3_translation3_init,0.000000000,0.000000000,0.000000000,,,0.011088991,0.008170145,,0.000000000,0.000000000,0.000000000,0.000000000,0.000189717,0.000000000,0.000189717,0,0
81,3.333333,stage3_translation3_init,0.000000000,0.000000000,0.000000000,,,0.008652501,0.018507487,,0.000000000,0.000000000,0.000000000,0.000000000,0.000417393,0.000000000,0.000417393,0,0
82,3.375000,stage3_translation3_init,0.000000000,0.000000000,0.000000000,,,0.003239189,0.007914786,,0.000000000,0.000000000,0.000000000,0.000000000,0.000073136,0.000000000,0.000073136,0,0
83,3.416667,stage3_translation3_init,0.000000000,0.000000000,0.000000000,,,0.001594806,0.007227419,,0.000000000,0.000000000,0.000000000,0.000000000,0.000054779,0.000000000,0.000054779,0,0
84,3.458333,stage3_translation3_init,0.000000000,0.000000000,0.000000000,,,0.007193700,0.002897497,,0.000000000,0.000000000,0.000000000,0.000000000,0.000060145,0.000000000,0.000060145,0,0
85,3.500000,stage3_translation3_init,0.000000000,0.000000000,0.000000000,,,0.014344987,-0.014337668,,0.000000000,0.000000000,0.000000000,0.000000000,0.000411347,0.000000000,0.000411347,0,0
86,3.541667,stage3_translation3_init,0.000000000,0.000000000,0.000000000,,,0.021751024,-0.021517235,,0.000000000,0.000000000,0.000000000,0.000000000,0.000936098,0.000000000,0.000936098,0,0
87,3.583333,stage3_translation3_init,0.000000000,0.000000000,0.000000000,,,0.026142544,-0.018917582,,0.000000000,0.000000000,0.000000000,0.000000000,0.001041308,0.000000000,0.001041308,1,0
88,3.625000,stage3_translation3_init,0.000000000,0.000000000,0.000000000,,,0.002303435,-0.000544706,,0.000000000,0.000000000,0.000000000,0.000000000,0.000005603,0.000000000,0.000005603,0,0
89,3.666667,stage3_translation3_init,0.000000000,0.000000000,0.000000000,,,0.020632156,0.008183114,,0.000000000,0.000000000,0.000000000,0.000000000,0.000492649,0.000000000,0.000492649,0,0
90,3.708333,stage3_translation3_init,0.000000000,0.000000000,0.000000000,,,0.016822685,0.011461637,,0.000000000,0.000000000,0.000000000,0.000000000,0.000414372,0.000000000,0.000414372,0,0
91,3.750000,stage3_translation3_init,0.000000000,0.000000000,0.000000000,,,0.012396547,0.014864038,,0.000000000,0.000000000,0.000000000,0.000000000,0.000374614,0.000000000,0.000374614,0,0
92,3.791667,stage3_translation3_init,0.000000000,0.000000000,0.000000000,,,0.009350335,0.017722180,,0.000000000,0.000000000,0.000000000,0.000000000,0.000401504,0.000000000,0.000401504,0,0
93,3.833333,stage3_translation3_init,0.000000000,0.000000000,0.000000000,,,0.005274192,0.014201715,,0.000000000,0.000000000,0.000000000,0.000000000,0.000229506,0.000000000,0.000229506,0,0
94,3.875000,stage3_translation3_init,0.000000000,0.000000000,0.000000000,,,0.003851158,0.005070508,,0.000000000,0.000000000,0.000000000,0.000000000,0.000040541,0.000000000,0.000040541,0,0
95,3.916667,stage3_translation3_init,0.000000000,0.000000000,0.000000000,,,0.000936341,-0.005430515,,0.000000000,0.000000000,0.000000000,0.000000000,0.000030367,0.000000000,0.000030367,0,0
96,3.958333,stage3_translation3_init,0.000000000,0.000000000,0.000000000,,,0.004723984,-0.011739804,,0.000000000,0.000000000,0.000000000,0.000000000,0.000160139,0.000000000,0.000160139,0,0
97,4.000000,stage3_translation3_init,0.000000000,0.000000000,0.000000000,,,0.014611108,-0.014107800,,0.000000000,0.000000000,0.000000000,0.000000000,0.000412515,0.000000000,0.000412515,0,0
98,4.041667,stage3_translation3_init,0.000000000,0.000000000,0.000000000,,,0.024596693,-0.017695795,,0.000000000,0.000000000,0.000000000,0.000000000,0.000918138,0.000000000,0.000918138,0,0
99,4.083333,stage3_translation3_init,0.000000000,0.000000000,0.000000000,,,0.031468783,-0.023337394,,0.000000000,0.000000000,0.000000000,0.000000000,0.001534918,0.000000000,0.001534918,1,0
100,4.125000,stage3_translation3_init,0.000000000,0.000000000,0.000000000,,,0.005019686,-0.013009891,,0.000000000,0.000000000,0.000000000,0.000000000,0.000194455,0.000000000,0.000194455,0,0
101,4.166667,stage3_translation3_init,0.000000000,0.000000000,0.000000000,,,0.018221266,-0.001763363,,0.000000000,0.000000000,0.000000000,0.000000000,0.000335124,0.000000000,0.000335124,0,0
102,4.208333,stage3_translation3_init,0.000000000,0.000000000,0.000000000,,,0.016377636,-0.005259679,,0.000000000,0.000000000,0.000000000,0.000000000,0.000295891,0.000000000,0.000295891,0,0
103,4.250000,stage3_translation3_init,0.000000000,0.000000000,0.000000000,,,0.012526416,-0.000494171,,0.000000000,0.000000000,0.000000000,0.000000000,0.000157155,0.000000000,0.000157155,0,0
104,4.291667,stage3_translation3_init,0.000000000,0.000000000,0.000000000,,,0.008914423,-0.002263795,,0.000000000,0.000000000,0.000000000,0.000000000,0.000084592,0.000000000,0.000084592,0,0
105,4.333333,stage3_translation3_init,0.000000000,0.000000000,0.000000000,,,0.007266867,0.000995945,,0.000000000,0.000000000,0.000000000,0.000000000,0.000053799,0.000000000,0.000053799,0,0
106,4.375000,stage3_translation3_init,0.000000000,0.000000000,0.000000000,,,0.004271130,0.002774066,,0.000000000,0.000000000,0.000000000,0.000000000,0.000025938,0.000000000,0.000025938,0,0
107,4.416667,stage3_translation3_init,0.000000000,0.000000000,0.000000000,,,0.001513973,0.002435078,,0.000000000,0.000000000,0.000000000,0.000000000,0.000008222,0.000000000,0.000008222,0,0
108,4.458333,stage3_translation3_init,0.000000000,0.000000000,0.000000000,,,0.003445419,0.008429082,,0.000000000,0.000000000,0.000000000,0.000000000,0.000082920,0.000000000,0.000082920,0,0
109,4.500000,stage3_translation3_init,0.000000000,0.000000000,0.000000000,,,0.010102866,0.009630298,,0.000000000,0.000000000,0.000000000,0.000000000,0.000194811,0.000000000,0.000194811,0,0
110,4.541667,stage3_translation3_init,0.000000000,0.000000000,0.000000000,,,0.018805472,0.005544107,,0.000000000,0.000000000,0.000000000,0.000000000,0.000384383,0.000000000,0.000384383,0,0
111,4.583333,stage3_translation3_init,0.000000000,0.000000000,0.000000000,,,0.024261234,0.006725645,,0.000000000,0.000000000,0.000000000,0.000000000,0.000633842,0.000000000,0.000633842,0,0
112,4.625000,stage3_translation3_init,0.000000000,0.000000000,0.000000000,,,0.020799247,-0.003104557,,0.000000000,0.000000000,0.000000000,0.000000000,0.000442247,0.000000000,0.000442247,1,0
113,4.666667,stage3_translation3_init,0.000000000,0.000000000,0.000000000,,,0.013093110,0.000245073,,0.000000000,0.000000000,0.000000000,0.000000000,0.000171490,0.000000000,0.000171490,0,0
114,4.708333,stage3_translation3_init,0.000000000,0.000000000,0.000000000,,,0.019461781,0.004484658,,0.000000000,0.000000000,0.000000000,0.000000000,0.000398873,0.000000000,0.000398873,0,0
115,4.750000,stage3_translation3_init,0.000000000,0.000000000,0.000000000,,,0.017345792,-0.003771799,,0.000000000,0.000000000,0.000000000,0.000000000,0.000315103,0.000000000,0.000315103,0,0
116,4.791667,stage3_translation3_init,0.000000000,0.000000000,0.000000000,,,0.012479705,-0.003076830,,0.000000000,0.000000000,0.000000000,0.000000000,0.000165210,0.000000000,0.000165210,0,0
117,4.833333,stage3_translation3_init,0.000000000,0.000000000,0.000000000,,,0.009271162,-0.001878297,,0.000000000,0.000000000,0.000000000,0.000000000,0.000089482,0.000000000,0.000089482,0,0
118,4.875000,stage3_translation3_init,0.000000000,0.000000000,0.000000000,,,0.005706030,-0.007367397,,0.000000000,0.000000000,0.000000000,0.000000000,0.000086837,0.000000000,0.000086837,0,0
119,4.916667,stage3_translation3_init,0.000000000,0.000000000,0.000000000,,,0.002752634,0.001425270,,0.000000000,0.000000000,0.000000000,0.000000000,0.000009608,0.000000000,0.000009608,0,0
120,4.958333,stage3_translation3_init,0.000000000,0.000000000,0.000000000,,,0.001240827,-0.004341102,,0.000000000,0.000000000,0.000000000,0.000000000,0.000020385,0.000000000,0.000020385,0,0
121,5.000000,stage3_translation3_init,0.000000000,0.000000000,0.000000000,,,0.002566694,0.001733400,,0.000000000,0.000000000,0.000000000,0.000000000,0.000009593,0.000000000,0.000009593,0,0
122,5.041667,stage3_translation3_init,0.000000000,0.000000000,0.000000000,,,0.010728179,0.002617541,,0.000000000,0.000000000,0.000000000,0.000000000,0.000121945,0.000000000,0.000121945,0,0
123,5.083333,stage3_translation3_init,0.000000000,0.000000000,0.000000000,,,0.019517207,0.008862879,,0.000000000,0.000000000,0.000000000,0.000000000,0.000459472,0.000000000,0.000459472,0,0
124,5.125000,stage3_translation3_init,0.000000000,0.000000000,0.000000000,,,0.025093445,-0.000714200,,0.000000000,0.000000000,0.000000000,0.000000000,0.000630191,0.000000000,0.000630191,0,0
125,5.166667,stage3_translation3_init,0.000000000,0.000000000,0.000000000,,,0.021430713,-0.003972151,,0.000000000,0.000000000,0.000000000,0.000000000,0.000475053,0.000000000,0.000475053,1,0
126,5.208333,stage3_translation3_init,0.000000000,0.000000000,0.000000000,,,0.013088392,-0.003007511,,0.000000000,0.000000000,0.000000000,0.000000000,0.000180351,0.000000000,0.000180351,0,0
127,5.250000,stage3_translation3_init,0.000000000,0.000000000,0.000000000,,,0.019654608,0.009366442,,0.000000000,0.000000000,0.000000000,0.000000000,0.000474034,0.000000000,0.000474034,0,0
128,5.291667,stage3_translation3_init,0.000000000,0.000000000,0.000000000,,,0.017491036,0.001979815,,0.000000000,0.000000000,0.000000000,0.000000000,0.000309856,0.000000000,0.000309856,0,0
129,5.333333,stage3_translation3_init,0.000000000,0.000000000,0.000000000,,,0.017050032,0.002587578,,0.000000000,0.000000000,0.000000000,0.000000000,0.000297399,0.000000000,0.000297399,0,0
130,5.375000,stage3_translation3_init,0.000000000,0.000000000,0.000000000,,,0.008919518,-0.008333825,,0.000000000,0.000000000,0.000000000,0.000000000,0.000149010,0.000000000,0.000149010,0,0
131,5.416667,stage3_translation3_init,0.000000000,0.000000000,0.000000000,,,0.004681378,-0.001434214,,0.000000000,0.000000000,0.000000000,0.000000000,0.000023972,0.000000000,0.000023972,0,0
132,5.458333,stage3_translation3_init,0.000000000,0.000000000,0.000000000,,,0.002604023,0.007482331,,0.000000000,0.000000000,0.000000000,0.000000000,0.000062766,0.000000000,0.000062766,0,0
133,5.500000,stage3_translation3_init,0.000000000,0.000000000,0.000000000,,,0.005117079,0.006703732,,0.000000000,0.000000000,0.000000000,0.000000000,0.000071125,0.000000000,0.000071125,0,0
134,5.541667,stage3_translation3_init,0.000000000,0.000000000,0.000000000,,,0.013716311,-0.004007928,,0.000000000,0.000000000,0.000000000,0.000000000,0.000204201,0.000000000,0.000204201,0,0
135,5.583333,stage3_translation3_init,0.000000000,0.000000000,0.000000000,,,0.022137503,-0.005312003,,0.000000000,0.000000000,0.000000000,0.000000000,0.000518286,0.000000000,0.000518286,0,0
136,5.625000,stage3_translation3_init,0.000000000,0.000000000,0.000000000,,,0.027443897,-0.009273868,,0.000000000,0.000000000,0.000000000,0.000000000,0.000839172,0.000000000,0.000839172,0,0
137,5.666667,stage3_translation3_init,0.000000000,0.000000000,0.000000000,,,0.003321531,-0.002422109,,0.000000000,0.000000000,0.000000000,0.000000000,0.000016899,0.000000000,0.000016899,1,0
138,5.708333,stage3_translation3_init,0.000000000,0.000000000,0.000000000,,,0.021358001,0.003563845,,0.000000000,0.000000000,0.000000000,0.000000000,0.000468865,0.000000000,0.000468865,0,0
139,5.750000,stage3_translation3_init,0.000000000,0.000000000,0.000000000,,,0.018187158,0.001630988,,0.000000000,0.000000000,0.000000000,0.000000000,0.000333433,0.000000000,0.000333433,0,0
140,5.791667,stage3_translation3_init,0.000000000,0.000000000,0.000000000,,,0.014089842,0.006707757,,0.000000000,0.000000000,0.000000000,0.000000000,0.000243518,0.000000000,0.000243518,0,0
141,5.833333,stage3_translation3_init,0.000000000,0.000000000,0.000000000,,,0.009269208,0.005868337,,0.000000000,0.000000000,0.000000000,0.000000000,0.000120356,0.000000000,0.000120356,0,0
142,5.875000,stage3_translation3_init,0.000000000,0.000000000,0.000000000,,,0.005551827,-0.006109385,,0.000000000,0.000000000,0.000000000,0.000000000,0.000068147,0.000000000,0.000068147,0,0
143,5.916667,stage3_translation3_init,0.000000000,0.000000000,0.000000000,,,0.003889056,-0.005600456,,0.000000000,0.000000000,0.000000000,0.000000000,0.000046490,0.000000000,0.000046490,0,0
144,5.958333,stage3_translation3_init,0.000000000,0.000000000,0.000000000,,,0.005087845,0.001019200,,0.000000000,0.000000000,0.000000000,0.000000000,0.000026925,0.000000000,0.000026925,0,0
145,6.000000,stage3_translation3_init,0.000000000,0.000000000,0.000000000,,,0.011242837,0.000179780,,0.000000000,0.000000000,0.000000000,0.000000000,0.000126434,0.000000000,0.000126434,0,0
146,6.041667,stage3_translation3_init,0.000000000,0.000000000,0.000000000,,,0.020483472,0.003747203,,0.000000000,0.000000000,0.000000000,0.000000000,0.000433614,0.000000000,0.000433614,0,0
147,6.083333,stage3_translation3_init,0.000000000,0.000000000,0.000000000,,,0.024715081,-0.007184934,,0.000000000,0.000000000,0.000000000,0.000000000,0.000662459,0.000000000,0.000662459,0,0
148,6.125000,stage3_translation3_init,0.000000000,0.000000000,0.000000000,,,0.017057862,-0.010403530,,0.000000000,0.000000000,0.000000000,0.000000000,0.000399204,0.000000000,0.000399204,1,0
149,6.166667,stage3_translation3_init,0.000000000,0.000000000,0.000000000,,,0.015020622,0.004926952,,0.000000000,0.000000000,0.000000000,0.000000000,0.000249894,0.000000000,0.000249894,0,0
150,6.208333,stage3_translation3_init,0.000000000,0.000000000,0.000000000,,,0.015537435,0.011039915,,0.000000000,0.000000000,0.000000000,0.000000000,0.000363292,0.000000000,0.000363292,0,0
151,6.250000,stage3_translation3_init,0.000000000,0.000000000,0.000000000,,,0.014110376,0.004574548,,0.000000000,0.000000000,0.000000000,0.000000000,0.000220029,0.000000000,0.000220029,0,0
152,6.291667,stage3_translation3_init,0.000000000,0.000000000,0.000000000,,,0.015258419,0.003301331,,0.000000000,0.000000000,0.000000000,0.000000000,0.000243718,0.000000000,0.000243718,0,0
153,6.333333,stage3_translation3_init,0.000000000,0.000000000,0.000000000,,,0.010705442,-0.002254404,,0.000000000,0.000000000,0.000000000,0.000000000,0.000119689,0.000000000,0.000119689,0,0
154,6.375000,stage3_translation3_init,0.000000000,0.000000000,0.000000000,,,0.003904034,-0.000213321,,0.000000000,0.000000000,0.000000000,0.000000000,0.000015287,0.000000000,0.000015287,0,0
155,6.416667,stage3_translation3_init,0.000000000,0.000000000,0.000000000,,,0.000605887,0.003498999,,0.000000000,0.000000000,0.000000000,0.000000000,0.000012610,0.000000000,0.000012610,0,0
156,6.458333,stage3_translation3_init,0.000000000,0.000000000,0.000000000,,,0.002007594,0.006950594,,0.000000000,0.000000000,0.000000000,0.000000000,0.000052341,0.000000000,0.000052341,0,0
157,6.500000,stage3_translation3_init,0.000000000,0.000000000,0.000000000,,,0.009239185,-0.001824184,,0.000000000,0.000000000,0.000000000,0.000000000,0.000088690,0.000000000,0.000088690,0,0
158,6.541667,stage3_translation3_init,0.000000000,0.000000000,0.000000000,,,0.019775826,-0.002456097,,0.000000000,0.000000000,0.000000000,0.000000000,0.000397116,0.000000000,0.000397116,0,0
159,6.583333,stage3_translation3_init,0.000000000,0.000000000,0.000000000,,,0.025208265,-0.009174140,,0.000000000,0.000000000,0.000000000,0.000000000,0.000719621,0.000000000,0.000719621,0,0
160,6.625000,stage3_translation3_init,0.000000000,0.000000000,0.000000000,,,0.020113467,-0.012136483,,0.000000000,0.000000000,0.000000000,0.000000000,0.000551846,0.000000000,0.000551846,1,0
161,6.666667,stage3_translation3_init,0.000000000,0.000000000,0.000000000,,,0.015320712,-0.003448911,,0.000000000,0.000000000,0.000000000,0.000000000,0.000246619,0.000000000,0.000246619,0,0
162,6.708333,stage3_translation3_init,0.000000000,0.000000000,0.000000000,,,0.018689199,0.004176528,,0.000000000,0.000000000,0.000000000,0.000000000,0.000366730,0.000000000,0.000366730,0,0
163,6.750000,stage3_translation3_init,0.000000000,0.000000000,0.000000000,,,0.015765555,0.003621088,,0.000000000,0.000000000,0.000000000,0.000000000,0.000261665,0.000000000,0.000261665,0,0
164,6.791667,stage3_translation3_init,0.000000000,0.000000000,0.000000000,,,0.011620986,0.019235998,,0.000000000,0.000000000,0.000000000,0.000000000,0.000505071,0.000000000,0.000505071,0,0
165,6.833333,stage3_translation3_init,0.000000000,0.000000000,0.000000000,,,0.009432616,0.017924321,,0.000000000,0.000000000,0.000000000,0.000000000,0.000410256,0.000000000,0.000410256,0,0
166,6.875000,stage3_translation3_init,0.000000000,0.000000000,0.000000000,,,0.006856024,0.017653309,,0.000000000,0.000000000,0.000000000,0.000000000,0.000358644,0.000000000,0.000358644,0,0
167,6.916667,stage3_translation3_init,0.000000000,0.000000000,0.000000000,,,0.004573288,0.013033146,,0.000000000,0.000000000,0.000000000,0.000000000,0.000190778,0.000000000,0.000190778,0,0
168,6.958333,stage3_translation3_init,0.000000000,0.000000000,0.000000000,,,0.002334959,-0.002066574,,0.000000000,0.000000000,0.000000000,0.000000000,0.000009723,0.000000000,0.000009723,0,0
169,7.000000,stage3_translation3_init,0.000000000,0.000000000,0.000000000,,,0.002527550,-0.000459288,,0.000000000,0.000000000,0.000000000,0.000000000,0.000006599,0.000000000,0.000006599,0,0
170,7.041667,stage3_translation3_init,0.000000000,0.000000000,0.000000000,,,0.005675256,-0.009323062,,0.000000000,0.000000000,0.000000000,0.000000000,0.000119128,0.000000000,0.000119128,0,0
171,7.083333,stage3_translation3_init,0.000000000,0.000000000,0.000000000,,,0.014729842,-0.020521737,,0.000000000,0.000000000,0.000000000,0.000000000,0.000638110,0.000000000,0.000638110,0,0
172,7.125000,stage3_translation3_init,0.000000000,0.000000000,0.000000000,,,0.022715046,-0.023057439,,0.000000000,0.000000000,0.000000000,0.000000000,0.001047619,0.000000000,0.001047619,0,0
173,7.166667,stage3_translation3_init,0.000000000,0.000000000,0.000000000,,,0.024472291,-0.014244200,,0.000000000,0.000000000,0.000000000,0.000000000,0.000801790,0.000000000,0.000801790,1,0
174,7.208333,stage3_translation3_init,0.000000000,0.000000000,0.000000000,,,0.004946395,-0.011472818,,0.000000000,0.000000000,0.000000000,0.000000000,0.000156092,0.000000000,0.000156092,0,0
175,7.250000,stage3_translation3_init,0.000000000,0.000000000,0.000000000,,,0.019489122,0.007977396,,0.000000000,0.000000000,0.000000000,0.000000000,0.000443465,0.000000000,0.000443465,0,0
176,7.291667,stage3_translation3_init,0.000000000,0.000000000,0.000000000,,,0.014969580,0.003285678,,0.000000000,0.000000000,0.000000000,0.000000000,0.000234884,0.000000000,0.000234884,0,0
177,7.333333,stage3_translation3_init,0.000000000,0.000000000,0.000000000,,,0.014718819,0.006557940,,0.000000000,0.000000000,0.000000000,0.000000000,0.000259650,0.000000000,0.000259650,0,0
178,7.375000,stage3_translation3_init,0.000000000,0.000000000,0.000000000,,,0.010402669,0.002436420,,0.000000000,0.000000000,0.000000000,0.000000000,0.000114152,0.000000000,0.000114152,0,0
179,7.416667,stage3_translation3_init,0.000000000,0.000000000,0.000000000,,,0.006562107,0.006205089,,0.000000000,0.000000000,0.000000000,0.000000000,0.000081564,0.000000000,0.000081564,0,0
180,7.458333,stage3_translation3_init,0.000000000,0.000000000,0.000000000,,,0.004640073,-0.005783813,,0.000000000,0.000000000,0.000000000,0.000000000,0.000054983,0.000000000,0.000054983,0,0
181,7.500000,stage3_translation3_init,0.000000000,0.000000000,0.000000000,,,0.003218389,0.001646193,,0.000000000,0.000000000,0.000000000,0.000000000,0.000013068,0.000000000,0.000013068,0,0
182,7.541667,stage3_translation3_init,0.000000000,0.000000000,0.000000000,,,0.006189420,-0.003497658,,0.000000000,0.000000000,0.000000000,0.000000000,0.000050543,0.000000000,0.000050543,0,0
183,7.583333,stage3_translation3_init,0.000000000,0.000000000,0.000000000,,,0.008936712,0.004619716,,0.000000000,0.000000000,0.000000000,0.000000000,0.000101207,0.000000000,0.000101207,0,0
184,7.625000,stage3_translation3_init,0.000000000,0.000000000,0.000000000,,,0.015168948,0.005671116,,0.000000000,0.000000000,0.000000000,0.000000000,0.000262259,0.000000000,0.000262259,0,0
185,7.666667,stage3_translation3_init,0.000000000,0.000000000,0.000000000,,,0.021614573,0.000026833,,0.000000000,0.000000000,0.000000000,0.000000000,0.000467190,0.000000000,0.000467190,0,0
186,7.708333,stage3_translation3_init,0.000000000,0.000000000,0.000000000,,,0.025488094,-0.009220650,,0.000000000,0.000000000,0.000000000,0.000000000,0.000734663,0.000000000,0.000734663,1,0
187,7.750000,stage3_translation3_init,0.000000000,0.000000000,0.000000000,,,0.001215772,-0.003961865,,0.000000000,0.000000000,0.000000000,0.000000000,0.000017174,0.000000000,0.000017174,0,0
188,7.791667,stage3_translation3_init,0.000000000,0.000000000,0.000000000,,,0.017815239,0.001061685,,0.000000000,0.000000000,0.000000000,0.000000000,0.000318510,0.000000000,0.000318510,0,0
189,7.833333,stage3_translation3_init,0.000000000,0.000000000,0.000000000,,,0.017430377,0.001602814,,0.000000000,0.000000000,0.000000000,0.000000000,0.000306387,0.000000000,0.000306387,0,0
190,7.875000,stage3_translation3_init,0.000000000,0.000000000,0.000000000,,,0.013503321,-0.008823971,,0.000000000,0.000000000,0.000000000,0.000000000,0.000260202,0.000000000,0.000260202,0,0
191,7.916667,stage3_translation3_init,0.000000000,0.000000000,0.000000000,,,0.011104211,-0.015763832,,0.000000000,0.000000000,0.000000000,0.000000000,0.000371802,0.000000000,0.000371802,0,0
192,7.958333,stage3_translation3_init,0.000000000,0.000000000,0.000000000,,,0.006447095,-0.009624931,,0.000000000,0.000000000,0.000000000,0.000000000,0.000134204,0.000000000,0.000134204,0,0
