frame,time,x,y,z,yaw,yaw_deg,pitch,pitch_deg,roll,roll_deg,scale,source
1,0.000000,0.016666536,-0.048478395,3.985554759,0.000000000,0.000000,0.026142239,1.497840,-0.000000077,-0.000004,1.160788871,observation_bbox_da3_fit_axial_gauge_yaw_zero
2,0.041667,0.017903806,-0.039322203,3.957908615,0.000000000,0.000000,0.024535599,1.405786,-0.000373601,-0.021406,1.165603369,observation_bbox_da3_fit_axial_gauge_yaw_zero
3,0.083333,0.019681238,-0.030711651,4.037704158,0.000000000,0.000000,0.010703065,0.613240,-0.000179434,-0.010281,1.201067172,observation_bbox_da3_fit_axial_gauge_yaw_zero
4,0.125000,0.020736488,-0.021068398,4.008404361,0.000000000,0.000000,0.010266867,0.588248,-0.000149072,-0.008541,1.162940425,observation_bbox_da3_fit_axial_gauge_yaw_zero
5,0.166667,0.021265390,-0.009995254,3.931124533,0.000000000,0.000000,0.003630178,0.207994,-0.000030553,-0.001751,1.208991589,observation_bbox_da3_fit_axial_gauge_yaw_zero
6,0.208333,0.020772846,-0.002257959,3.802095248,0.000000000,0.000000,0.015873838,0.909504,-0.000277431,-0.015896,1.144049344,observation_bbox_da3_fit_axial_gauge_yaw_zero
7,0.250000,0.020186660,0.004717721,3.724142039,0.000000000,0.000000,0.012148110,0.696035,0.000295974,0.016958,1.179626159,observation_bbox_da3_fit_axial_gauge_yaw_zero
8,0.291667,0.022248959,0.008866180,3.658580986,0.000000000,0.000000,0.003124427,0.179016,0.000049475,0.002835,1.155126096,observation_bbox_da3_fit_axial_gauge_yaw_zero
9,0.333333,0.022403108,0.011850873,3.640129251,0.000000000,0.000000,0.000308118,0.017654,-0.000006310,-0.000362,1.158829927,observation_bbox_da3_fit_axial_gauge_yaw_zero
10,0.375000,0.021032419,0.013629590,3.635634626,0.000000000,0.000000,0.012981489,0.743785,0.000063359,0.003630,1.118514306,observation_bbox_da3_fit_axial_gauge_yaw_zero
11,0.416667,0.021060799,0.014036870,3.622619914,0.000000000,0.000000,0.008101197,0.464164,-0.000148791,-0.008525,1.119686007,observation_bbox_da3_fit_axial_gauge_yaw_zero
12,0.458333,0.022275199,0.014867697,3.603062394,0.000000000,0.000000,0.010538851,0.603832,-0.000125760,-0.007206,1.088082612,observation_bbox_da3_fit_axial_gauge_yaw_zero
13,0.500000,0.022136632,0.014780398,3.577079492,0.000000000,0.000000,0.010149655,0.581532,-0.000233244,-0.013364,1.083153620,observation_bbox_da3_fit_axial_gauge_yaw_zero
14,0.541667,0.022140351,0.014728931,3.571292853,0.000000000,0.000000,0.010846852,0.621479,-0.000138908,-0.007959,1.078697295,observation_bbox_da3_fit_axial_gauge_yaw_zero
15,0.583333,0.020949831,0.013909039,3.582206419,0.000000000,0.000000,0.006410266,0.367281,-0.000089675,-0.005138,1.111013725,observation_bbox_da3_fit_axial_gauge_yaw_zero
16,0.625000,0.022052087,0.013779384,3.577081361,0.000000000,0.000000,0.002635829,0.151022,-0.000078745,-0.004512,1.126121856,observation_bbox_da3_fit_axial_gauge_yaw_zero
17,0.666667,0.021739973,0.011822425,3.594573416,0.000000000,0.000000,0.000198754,0.011388,-0.000009104,-0.000522,1.144478734,observation_bbox_da3_fit_axial_gauge_yaw_zero
18,0.708333,0.019253638,0.007449723,3.587250032,0.000000000,0.000000,0.003063115,0.175504,-0.000004733,-0.000271,1.156104993,observation_bbox_da3_fit_axial_gauge_yaw_zero
19,0.750000,0.014576474,-0.000265663,3.623722058,0.000000000,0.000000,0.006965264,0.399080,-0.000096317,-0.005519,1.160787889,observation_bbox_da3_fit_axial_gauge_yaw_zero
20,0.791667,0.010945778,-0.013790089,3.663298787,0.000000000,0.000000,0.018650817,1.068613,0.000372216,0.021326,1.134720850,observation_bbox_da3_fit_axial_gauge_yaw_zero
21,0.833333,0.006462330,-0.027423852,3.757144632,0.000000000,0.000000,0.003629697,0.207966,-0.000052823,-0.003027,1.209448491,observation_bbox_da3_fit_axial_gauge_yaw_zero
22,0.875000,0.002447834,-0.045670736,3.812986382,0.000000000,0.000000,0.029347785,1.681504,0.000338140,0.019374,1.167990931,observation_bbox_da3_fit_axial_gauge_yaw_zero
23,0.916667,-0.006724094,-0.067479430,4.005348079,0.000000000,0.000000,0.031675004,1.814844,-0.000000046,-0.000003,1.237550003,observation_bbox_da3_fit_axial_gauge_yaw_zero
24,0.958333,-0.017039980,-0.092674119,4.181132878,0.000000000,0.000000,0.036422522,2.086857,-0.000000005,-0.000000,1.242522272,observation_bbox_da3_fit_axial_gauge_yaw_zero
25,1.000000,-0.028035519,-0.120134765,4.328064031,0.000000000,0.000000,0.040045397,2.294432,0.000738111,0.042291,1.294769291,observation_bbox_da3_fit_axial_gauge_yaw_zero
26,1.041667,-0.039152769,-0.140581509,4.234807834,0.000000000,0.000000,0.017927728,1.027183,0.000381658,0.021867,1.275491134,observation_bbox_da3_fit_axial_gauge_yaw_zero
27,1.083333,-0.054276197,-0.172692320,4.397359104,0.000000000,0.000000,0.024190658,1.386023,0.000584634,0.033497,1.334861064,observation_bbox_da3_fit_axial_gauge_yaw_zero
28,1.125000,-0.072600957,-0.204141441,4.498615519,0.000000000,0.000000,0.024281532,1.391229,0.000684651,0.039228,1.356371787,observation_bbox_da3_fit_axial_gauge_yaw_zero
29,1.166667,-0.089431791,-0.236613268,4.549506468,0.000000000,0.000000,0.062072678,3.556502,0.000483112,0.027680,1.350011118,observation_bbox_da3_fit_axial_gauge_yaw_zero
30,1.208333,-0.107624897,-0.262127314,4.481112519,0.000000000,0.000000,0.072811315,4.171781,0.000858423,0.049184,1.368579359,observation_bbox_da3_fit_axial_gauge_yaw_zero
31,1.250000,-0.115421858,-0.271616782,4.193617637,0.000000000,0.000000,0.046104758,2.641608,0.000699750,0.040093,1.293769798,observation_bbox_da3_fit_axial_gauge_yaw_zero
32,1.291667,-0.128466575,-0.289522872,4.064786703,0.000000000,0.000000,0.086861763,4.976812,0.001672780,0.095843,1.252249532,observation_bbox_da3_fit_axial_gauge_yaw_zero
33,1.333333,-0.140546876,-0.298552405,3.857519156,0.000000000,0.000000,0.047094832,2.698335,0.002301463,0.131864,1.199621384,observation_bbox_da3_fit_axial_gauge_yaw_zero
34,1.375000,-0.149096595,-0.312921117,3.743383938,0.000000000,0.000000,0.053176643,3.046797,0.002777945,0.159165,1.162328755,observation_bbox_da3_fit_axial_gauge_yaw_zero
35,1.416667,-0.164684919,-0.332300232,3.725613563,0.000000000,0.000000,0.047424753,2.717238,0.001484807,0.085073,1.199925309,observation_bbox_da3_fit_axial_gauge_yaw_zero
36,1.458333,-0.178592036,-0.358410898,3.746298628,0.000000000,0.000000,0.110872626,6.352534,0.000000149,0.000009,1.214610044,observation_bbox_da3_fit_axial_gauge_yaw_zero
37,1.500000,-0.198467958,-0.386277704,3.798579428,0.000000000,0.000000,0.116248961,6.660575,-0.000000007,-0.000000,1.185760945,observation_bbox_da3_fit_axial_gauge_yaw_zero
38,1.541667,-0.215671313,-0.407989690,3.812724807,0.000000000,0.000000,0.122946556,7.044319,0.005391284,0.308898,1.200567635,observation_bbox_da3_fit_axial_gauge_yaw_zero
39,1.583333,-0.230771133,-0.426794019,3.800345073,0.000000000,0.000000,0.128514226,7.363323,0.009394182,0.538247,1.191924699,observation_bbox_da3_fit_axial_gauge_yaw_zero
40,1.625000,-0.243496191,-0.439963618,3.769545283,0.000000000,0.000000,0.131266273,7.521003,0.010146389,0.581345,1.214538505,observation_bbox_da3_fit_axial_gauge_yaw_zero
41,1.666667,-0.256568124,-0.452534428,3.734843822,0.000000000,0.000000,0.135749577,7.777878,-0.000000001,-0.000000,1.189095689,observation_bbox_da3_fit_axial_gauge_yaw_zero
42,1.708333,-0.266703526,-0.465784021,3.715420092,0.000000000,0.000000,0.141780266,8.123411,0.008290781,0.475027,1.215591861,observation_bbox_da3_fit_axial_gauge_yaw_zero
43,1.750000,-0.274999486,-0.475455285,3.676970413,0.000000000,0.000000,0.073567804,4.215125,0.004555643,0.261019,1.175203205,observation_bbox_da3_fit_axial_gauge_yaw_zero
44,1.791667,-0.287146316,-0.488119103,3.671649863,0.000000000,0.000000,0.067966787,3.894210,0.004429898,0.253814,1.188768868,observation_bbox_da3_fit_axial_gauge_yaw_zero
45,1.833333,-0.299527520,-0.500892289,3.681491998,0.000000000,0.000000,0.078527187,4.499276,0.007165295,0.410541,1.163273325,observation_bbox_da3_fit_axial_gauge_yaw_zero
46,1.875000,-0.309800725,-0.508530679,3.661344528,0.000000000,0.000000,0.056077015,3.212976,0.004010435,0.229781,1.192359618,observation_bbox_da3_fit_axial_gauge_yaw_zero
47,1.916667,-0.316437939,-0.515292374,3.633723139,0.000000000,0.000000,0.070867035,4.060382,0.005249821,0.300793,1.172431292,observation_bbox_da3_fit_axial_gauge_yaw_zero
48,1.958333,-0.329485854,-0.530149036,3.672292204,0.000000000,0.000000,0.059781598,3.425233,0.004561789,0.261371,1.223838658,observation_bbox_da3_fit_axial_gauge_yaw_zero
49,2.000000,-0.342371746,-0.547756090,3.721287462,0.000000000,0.000000,0.069995242,4.010432,0.005492511,0.314698,1.249305940,observation_bbox_da3_fit_axial_gauge_yaw_zero
50,2.041667,-0.350556240,-0.554428009,3.713754262,0.000000000,0.000000,0.060171325,3.447563,0.004870151,0.279039,1.240779811,observation_bbox_da3_fit_axial_gauge_yaw_zero
51,2.083333,-0.352610637,-0.555280672,3.668768600,0.000000000,0.000000,0.072304853,4.142763,0.005972163,0.342180,1.228818724,observation_bbox_da3_fit_axial_gauge_yaw_zero
52,2.125000,-0.354717966,-0.553855447,3.618771266,0.000000000,0.000000,0.072651345,4.162615,0.006152850,0.352532,1.195181508,observation_bbox_da3_fit_axial_gauge_yaw_zero
53,2.166667,-0.361251507,-0.561564886,3.625898717,0.000000000,0.000000,0.068555788,3.927957,0.005881821,0.337004,1.243575821,observation_bbox_da3_fit_axial_gauge_yaw_zero
54,2.208333,-0.366106232,-0.566656653,3.625045801,0.000000000,0.000000,0.069425073,3.977764,0.006051355,0.346717,1.242451150,observation_bbox_da3_fit_axial_gauge_yaw_zero
55,2.250000,-0.369713439,-0.572707539,3.632421355,0.000000000,0.000000,0.073314321,4.200601,0.006450273,0.369573,1.241460189,observation_bbox_da3_fit_axial_gauge_yaw_zero
56,2.291667,-0.373099664,-0.578736953,3.640008628,0.000000000,0.000000,0.062298772,3.569457,0.005540042,0.317421,1.225284978,observation_bbox_da3_fit_axial_gauge_yaw_zero
57,2.333333,-0.393477625,-0.610955523,3.813017446,0.000000000,0.000000,0.063473492,3.636763,0.005684102,0.325675,1.289948314,observation_bbox_da3_fit_axial_gauge_yaw_zero
58,2.375000,-0.388343848,-0.604057152,3.738964242,0.000000000,0.000000,0.076110236,4.360795,0.006852864,0.392640,1.279303460,observation_bbox_da3_fit_axial_gauge_yaw_zero
59,2.416667,-0.383917576,-0.597474733,3.681445106,0.000000000,0.000000,0.070439591,4.035891,0.006381503,0.365633,1.248138717,observation_bbox_da3_fit_axial_gauge_yaw_zero
60,2.458333,-0.382529709,-0.595938531,3.654858638,0.000000000,0.000000,0.071739566,4.110374,0.006496330,0.372212,1.277101631,observation_bbox_da3_fit_axial_gauge_yaw_zero
61,2.500000,-0.383708301,-0.598940950,3.643683038,0.000000000,0.000000,0.080469717,4.610575,0.007365601,0.422018,1.240870422,observation_bbox_da3_fit_axial_gauge_yaw_zero
62,2.541667,-0.385497890,-0.605076027,3.662088577,0.000000000,0.000000,0.097221095,5.570358,0.011577139,0.663321,1.273408614,observation_bbox_da3_fit_axial_gauge_yaw_zero
63,2.583333,-0.384455282,-0.604439337,3.640890882,0.000000000,0.000000,0.166400299,9.534035,0.019860911,1.137946,1.295264433,observation_bbox_da3_fit_axial_gauge_yaw_zero
64,2.625000,-0.381797728,-0.602576842,3.612331595,0.000000000,0.000000,0.145483972,8.335618,0.017365899,0.994993,1.265128709,observation_bbox_da3_fit_axial_gauge_yaw_zero
65,2.666667,-0.384113294,-0.608508114,3.621652075,0.000000000,0.000000,0.158247904,9.066937,0.019018156,1.089660,1.315827659,observation_bbox_da3_fit_axial_gauge_yaw_zero
66,2.708333,-0.382804536,-0.612494467,3.611529981,0.000000000,0.000000,0.149232998,8.550421,0.004927078,0.282301,1.255806155,observation_bbox_da3_fit_axial_gauge_yaw_zero
67,2.750000,-0.381187663,-0.616153608,3.599506184,0.000000000,0.000000,0.153183050,8.776742,-0.000465718,-0.026684,1.268712337,observation_bbox_da3_fit_axial_gauge_yaw_zero
68,2.791667,-0.379699238,-0.617657569,3.576945221,0.000000000,0.000000,0.161112335,9.231057,0.069405687,3.976653,1.196965551,observation_bbox_da3_fit_axial_gauge_yaw_zero
69,2.833333,-0.378162656,-0.621371325,3.571894546,0.000000000,0.000000,0.158279512,9.068748,0.088234204,5.055447,1.189404786,observation_bbox_da3_fit_axial_gauge_yaw_zero
70,2.875000,-0.375726513,-0.620422175,3.549021885,0.000000000,0.000000,0.162618887,9.317376,0.090256620,5.171323,1.180218733,observation_bbox_da3_fit_axial_gauge_yaw_zero
71,2.916667,-0.376824419,-0.624134219,3.549772856,0.000000000,0.000000,0.159277261,9.125915,0.135846614,7.783438,1.140438849,observation_bbox_da3_fit_axial_gauge_yaw_zero
72,2.958333,-0.378096807,-0.628409217,3.558899300,0.000000000,0.000000,0.160235834,9.180837,0.134839220,7.725718,1.144135952,observation_bbox_da3_fit_axial_gauge_yaw_zero
73,3.000000,-0.379471048,-0.632313587,3.562051552,0.000000000,0.000000,0.161399748,9.247524,0.132186875,7.573750,1.122712582,observation_bbox_da3_fit_axial_gauge_yaw_zero
74,3.041667,-0.379636252,-0.634676043,3.562095399,0.000000000,0.000000,0.161842089,9.272869,0.133032940,7.622226,1.122036425,observation_bbox_da3_fit_axial_gauge_yaw_zero
75,3.083333,-0.383397909,-0.640020585,3.584303406,0.000000000,0.000000,0.154188296,8.834339,0.190399683,10.909098,1.085970549,observation_bbox_da3_fit_axial_gauge_yaw_zero
76,3.125000,-0.384469658,-0.644306203,3.595464534,0.000000000,0.000000,0.154827769,8.870978,0.189740112,10.871308,1.089848164,observation_bbox_da3_fit_axial_gauge_yaw_zero
77,3.166667,-0.386052940,-0.647025178,3.598763253,0.000000000,0.000000,0.154215141,8.835877,0.222402762,12.742740,1.081305866,observation_bbox_da3_fit_axial_gauge_yaw_zero
78,3.208333,-0.385647151,-0.647382189,3.594200814,0.000000000,0.000000,0.151270265,8.667148,0.264824399,15.173320,1.043255743,observation_bbox_da3_fit_axial_gauge_yaw_zero
79,3.250000,-0.383497876,-0.646207111,3.585444512,0.000000000,0.000000,0.154972630,8.879278,0.223338384,12.796347,1.053223406,observation_bbox_da3_fit_axial_gauge_yaw_zero
80,3.291667,-0.382501088,-0.644877728,3.576807331,0.000000000,0.000000,0.155020150,8.882000,0.223831405,12.824595,1.050318129,observation_bbox_da3_fit_axial_gauge_yaw_zero
81,3.333333,-0.380955797,-0.644290889,3.570806307,0.000000000,0.000000,0.154788191,8.868710,0.224125339,12.841436,1.071672652,observation_bbox_da3_fit_axial_gauge_yaw_zero
82,3.375000,-0.381275369,-0.644331489,3.577070318,0.000000000,0.000000,0.151023429,8.653005,0.266414254,15.264412,1.037302460,observation_bbox_da3_fit_axial_gauge_yaw_zero
83,3.416667,-0.381365659,-0.644525051,3.590157821,0.000000000,0.000000,0.157502480,9.024227,0.158151003,9.061385,1.123066126,observation_bbox_da3_fit_axial_gauge_yaw_zero
84,3.458333,-0.377871428,-0.636695032,3.567565227,0.000000000,0.000000,0.156100103,8.943877,0.161352479,9.244816,1.137748769,observation_bbox_da3_fit_axial_gauge_yaw_zero
85,3.500000,-0.373763148,-0.629819150,3.553537641,0.000000000,0.000000,0.158768367,9.096757,-0.000000013,-0.000001,1.251577207,observation_bbox_da3_fit_axial_gauge_yaw_zero
86,3.541667,-0.371380656,-0.621926311,3.537444254,0.000000000,0.000000,0.155845623,8.929296,0.005551094,0.318054,1.228991966,observation_bbox_da3_fit_axial_gauge_yaw_zero
87,3.583333,-0.368594322,-0.613974612,3.533364288,0.000000000,0.000000,0.166095024,9.516544,0.014888202,0.853031,1.255046056,observation_bbox_da3_fit_axial_gauge_yaw_zero
88,3.625000,-0.365511339,-0.607112394,3.538039684,0.000000000,0.000000,0.189092393,10.834196,0.016732214,0.958685,1.258782332,observation_bbox_da3_fit_axial_gauge_yaw_zero
89,3.666667,-0.371842387,-0.613482844,3.628034197,0.000000000,0.000000,0.095839705,5.491211,0.011162058,0.639539,1.275630149,observation_bbox_da3_fit_axial_gauge_yaw_zero
90,3.708333,-0.374074593,-0.613157212,3.670405855,0.000000000,0.000000,0.069742632,3.995958,0.006120000,0.350650,1.288623581,observation_bbox_da3_fit_axial_gauge_yaw_zero
91,3.750000,-0.367989003,-0.601041488,3.646359962,0.000000000,0.000000,0.079842885,4.574660,0.006982903,0.400091,1.214249942,observation_bbox_da3_fit_axial_gauge_yaw_zero
92,3.791667,-0.360545813,-0.588296775,3.620752488,0.000000000,0.000000,0.071558110,4.099978,0.006146925,0.352193,1.226957439,observation_bbox_da3_fit_axial_gauge_yaw_zero
93,3.833333,-0.351564700,-0.573582607,3.594597039,0.000000000,0.000000,0.076706863,4.394979,0.006446113,0.369335,1.225615634,observation_bbox_da3_fit_axial_gauge_yaw_zero
94,3.875000,-0.341909397,-0.562006468,3.593358490,0.000000000,0.000000,0.075386730,4.319341,0.006135325,0.351528,1.225697904,observation_bbox_da3_fit_axial_gauge_yaw_zero
95,3.916667,-0.333568746,-0.550944451,3.609015733,0.000000000,0.000000,0.171633123,9.833854,0.013473609,0.771981,1.217311024,observation_bbox_da3_fit_axial_gauge_yaw_zero
96,3.958333,-0.323435288,-0.540006045,3.640212424,0.000000000,0.000000,0.098305285,5.632478,0.010025141,0.574398,1.204350308,observation_bbox_da3_fit_axial_gauge_yaw_zero
97,4.000000,-0.310383538,-0.519416702,3.631782375,0.000000000,0.000000,0.045625683,2.614159,0.004495409,0.257568,1.184287477,observation_bbox_da3_fit_axial_gauge_yaw_zero
98,4.041667,-0.293763699,-0.497344854,3.598452991,0.000000000,0.000000,0.160418179,9.191285,0.010970957,0.628590,1.162213194,observation_bbox_da3_fit_axial_gauge_yaw_zero
99,4.083333,-0.278284197,-0.472705736,3.582949253,0.000000000,0.000000,0.060291084,3.454425,0.005472403,0.313546,1.173831692,observation_bbox_da3_fit_axial_gauge_yaw_zero
100,4.125000,-0.263155628,-0.447831136,3.577847020,0.000000000,0.000000,0.074162614,4.249205,0.006398962,0.366633,1.142119187,observation_bbox_da3_fit_axial_gauge_yaw_zero
101,4.166667,-0.250280377,-0.425805942,3.592991881,0.000000000,0.000000,0.122039445,6.992345,0.006836645,0.391711,1.210594564,observation_bbox_da3_fit_axial_gauge_yaw_zero
102,4.208333,-0.231962359,-0.404735330,3.634259052,0.000000000,0.000000,0.060169387,3.447452,0.004630492,0.265308,1.193864199,observation_bbox_da3_fit_axial_gauge_yaw_zero
103,4.250000,-0.218575092,-0.385093098,3.680815529,0.000000000,0.000000,0.113411522,6.498002,0.008152049,0.467078,1.161483902,observation_bbox_da3_fit_axial_gauge_yaw_zero
104,4.291667,-0.200864763,-0.359722711,3.729137520,0.000000000,0.000000,0.050251856,2.879219,0.003354634,0.192206,1.201956815,observation_bbox_da3_fit_axial_gauge_yaw_zero
105,4.333333,-0.178116310,-0.328518848,3.668664971,0.000000000,0.000000,0.104521495,5.988641,0.006359347,0.364364,1.135551910,observation_bbox_da3_fit_axial_gauge_yaw_zero
106,4.375000,-0.159124549,-0.298138729,3.647158940,0.000000000,0.000000,0.085570763,4.902844,0.004615003,0.264420,1.183425787,observation_bbox_da3_fit_axial_gauge_yaw_zero
107,4.416667,-0.142419474,-0.275405063,3.697664225,0.000000000,0.000000,0.090148972,5.165156,0.002740965,0.157046,1.190736543,observation_bbox_da3_fit_axial_gauge_yaw_zero
108,4.458333,-0.129344888,-0.254646623,3.794106011,0.000000000,0.000000,0.030421990,1.743052,0.001413591,0.080993,1.173462084,observation_bbox_da3_fit_axial_gauge_yaw_zero
109,4.500000,-0.119564528,-0.240662308,3.994508399,0.000000000,0.000000,0.026955532,1.544438,0.000472887,0.027094,1.236980721,observation_bbox_da3_fit_axial_gauge_yaw_zero
110,4.541667,-0.105181648,-0.217702124,4.073690115,0.000000000,0.000000,0.068234517,3.909550,0.000910054,0.052142,1.270061854,observation_bbox_da3_fit_axial_gauge_yaw_zero
111,4.583333,-0.088751074,-0.195733755,4.142629223,0.000000000,0.000000,0.060929797,3.491020,0.000553189,0.031695,1.277908426,observation_bbox_da3_fit_axial_gauge_yaw_zero
112,4.625000,-0.080469495,-0.183641979,4.459410967,0.000000000,0.000000,0.055893557,3.202465,0.000317655,0.018200,1.377958108,observation_bbox_da3_fit_axial_gauge_yaw_zero
113,4.666667,-0.069254101,-0.164240804,4.614483309,0.000000000,0.000000,0.025364430,1.453275,0.000602580,0.034525,1.425748280,observation_bbox_da3_fit_axial_gauge_yaw_zero
114,4.708333,-0.054384396,-0.142641686,4.654157267,0.000000000,0.000000,0.044067623,2.524889,0.001032403,0.059152,1.407711426,observation_bbox_da3_fit_axial_gauge_yaw_zero
115,4.750000,-0.045912031,-0.122544478,4.671139912,0.000000000,0.000000,0.041102698,2.355011,-0.000000009,-0.000001,1.447946605,observation_bbox_da3_fit_axial_gauge_yaw_zero
116,4.791667,-0.036390434,-0.102764977,4.647268262,0.000000000,0.000000,0.036954763,2.117352,0.000000003,0.000000,1.437599976,observation_bbox_da3_fit_axial_gauge_yaw_zero
117,4.833333,-0.025710816,-0.083120285,4.447234099,0.000000000,0.000000,0.033072991,1.894943,0.000000019,0.000001,1.332951821,observation_bbox_da3_fit_axial_gauge_yaw_zero
118,4.875000,-0.019984609,-0.066097085,4.308393656,0.000000000,0.000000,0.029642803,1.698408,-0.000180448,-0.010339,1.277483417,observation_bbox_da3_fit_axial_gauge_yaw_zero
119,4.916667,-0.012808111,-0.053412147,4.221330744,0.000000000,0.000000,0.027508627,1.576128,0.000000549,0.000031,1.306417178,observation_bbox_da3_fit_axial_gauge_yaw_zero
120,4.958333,-0.007066100,-0.041981639,4.057383849,0.000000000,0.000000,0.024907741,1.427108,0.000000011,0.000001,1.230856647,observation_bbox_da3_fit_axial_gauge_yaw_zero
121,5.000000,-0.002597964,-0.031689746,3.983473394,0.000000000,0.000000,0.027056436,1.550220,-0.000298225,-0.017087,1.218961452,observation_bbox_da3_fit_axial_gauge_yaw_zero
122,5.041667,0.000116094,-0.025748012,3.938040429,0.000000000,0.000000,0.002168141,0.124225,-0.000051015,-0.002923,1.215391454,observation_bbox_da3_fit_axial_gauge_yaw_zero
123,5.083333,0.002637651,-0.020749602,3.853366486,0.000000000,0.000000,0.020058565,1.149271,0.000000007,0.000000,1.177967903,observation_bbox_da3_fit_axial_gauge_yaw_zero
124,5.125000,0.006195797,-0.014984556,3.768216561,0.000000000,0.000000,0.018530951,1.061745,0.000005573,0.000319,1.142588831,observation_bbox_da3_fit_axial_gauge_yaw_zero
125,5.166667,0.006210903,-0.010096288,3.736007597,0.000000000,0.000000,0.017246897,0.988174,0.000000016,0.000001,1.132011416,observation_bbox_da3_fit_axial_gauge_yaw_zero
126,5.208333,0.008687480,-0.006196658,3.700792773,0.000000000,0.000000,0.016909141,0.968822,-0.000007895,-0.000452,1.141336237,observation_bbox_da3_fit_axial_gauge_yaw_zero
127,5.250000,0.010725311,-0.003121399,3.662934174,0.000000000,0.000000,0.007108188,0.407269,0.000067530,0.003869,1.138492949,observation_bbox_da3_fit_axial_gauge_yaw_zero
128,5.291667,0.010739433,0.000938476,3.641623410,0.000000000,0.000000,0.014840082,0.850274,0.000139960,0.008019,1.126825114,observation_bbox_da3_fit_axial_gauge_yaw_zero
129,5.333333,0.010736764,0.004598233,3.636431950,0.000000000,0.000000,0.013995567,0.801887,0.000156591,0.008972,1.146157321,observation_bbox_da3_fit_axial_gauge_yaw_zero
130,5.375000,0.010611719,0.007825448,3.621312446,0.000000000,0.000000,0.013699801,0.784941,0.000064327,0.003686,1.162980336,observation_bbox_da3_fit_axial_gauge_yaw_zero
131,5.416667,0.008232713,0.010526000,3.604481864,0.000000000,0.000000,0.005953693,0.341121,0.000041686,0.002388,1.184826680,observation_bbox_da3_fit_axial_gauge_yaw_zero
132,5.458333,0.008073678,0.012039966,3.623648224,0.000000000,0.000000,0.011898744,0.681748,0.000088745,0.005085,1.145613537,observation_bbox_da3_fit_axial_gauge_yaw_zero
133,5.500000,0.007986992,0.013783013,3.601723412,0.000000000,0.000000,0.001602016,0.091789,0.000035190,0.002016,1.190827678,observation_bbox_da3_fit_axial_gauge_yaw_zero
134,5.541667,0.007862546,0.013698753,3.575247454,0.000000000,0.000000,0.001545877,0.088572,-0.000030439,-0.001744,1.182132503,observation_bbox_da3_fit_axial_gauge_yaw_zero
135,5.583333,0.007844674,0.013522505,3.555710859,0.000000000,0.000000,0.001752847,0.100431,-0.000031999,-0.001833,1.175679560,observation_bbox_da3_fit_axial_gauge_yaw_zero
136,5.625000,0.007038479,0.013170930,3.546435190,0.000000000,0.000000,0.012480028,0.715053,0.000073763,0.004226,1.141519138,observation_bbox_da3_fit_axial_gauge_yaw_zero
137,5.666667,0.007008527,0.013259738,3.525313243,0.000000000,0.000000,0.005059117,0.289866,0.000058302,0.003340,1.155971403,observation_bbox_da3_fit_axial_gauge_yaw_zero
138,5.708333,0.006957526,0.013998423,3.524785341,0.000000000,0.000000,0.011228445,0.643342,0.000071588,0.004102,1.115127438,observation_bbox_da3_fit_axial_gauge_yaw_zero
139,5.750000,0.005789004,0.014105381,3.515131439,0.000000000,0.000000,0.011681642,0.669309,0.000129173,0.007401,1.104543937,observation_bbox_da3_fit_axial_gauge_yaw_zero
140,5.791667,0.005999357,0.014810306,3.503727761,0.000000000,0.000000,0.002584512,0.148082,0.000094984,0.005442,1.123912098,observation_bbox_da3_fit_axial_gauge_yaw_zero
141,5.833333,0.005803077,0.014807915,3.509515043,0.000000000,0.000000,0.002035913,0.116649,0.000036893,0.002114,1.130336794,observation_bbox_da3_fit_axial_gauge_yaw_zero
142,5.875000,0.003671196,0.014815563,3.530381189,0.000000000,0.000000,0.002874257,0.164683,-0.000060778,-0.003482,1.133868113,observation_bbox_da3_fit_axial_gauge_yaw_zero
143,5.916667,0.003650671,0.014662260,3.544260776,0.000000000,0.000000,0.014784445,0.847086,-0.000250727,-0.014366,1.108812608,observation_bbox_da3_fit_axial_gauge_yaw_zero
144,5.958333,0.003659919,0.014864888,3.534962070,0.000000000,0.000000,0.001795767,0.102890,0.000025354,0.001453,1.141713525,observation_bbox_da3_fit_axial_gauge_yaw_zero
145,6.000000,0.003649970,0.014762740,3.527695495,0.000000000,0.000000,0.002848792,0.163224,0.000058750,0.003366,1.134388334,observation_bbox_da3_fit_axial_gauge_yaw_zero
146,6.041667,0.003660290,0.014738411,3.522469009,0.000000000,0.000000,0.002452319,0.140508,-0.000044417,-0.002545,1.135153179,observation_bbox_da3_fit_axial_gauge_yaw_zero
147,6.083333,0.003682597,0.014773421,3.530145780,0.000000000,0.000000,0.002599179,0.148922,0.000041333,0.002368,1.136579126,observation_bbox_da3_fit_axial_gauge_yaw_zero
148,6.125000,0.004878040,0.015757498,3.553587368,0.000000000,0.000000,0.003165038,0.181343,0.000061412,0.003519,1.121723389,observation_bbox_da3_fit_axial_gauge_yaw_zero
149,6.166667,0.004918564,0.015789067,3.559518589,0.000000000,0.000000,0.003145226,0.180208,0.000060506,0.003467,1.123622845,observation_bbox_da3_fit_axial_gauge_yaw_zero
150,6.208333,0.005797150,0.014967396,3.556660404,0.000000000,0.000000,0.001837131,0.105260,-0.000028563,-0.001637,1.148195636,observation_bbox_da3_fit_axial_gauge_yaw_zero
151,6.250000,0.003973176,0.015092305,3.557581352,0.000000000,0.000000,0.001510376,0.086538,0.000056583,0.003242,1.147946984,observation_bbox_da3_fit_axial_gauge_yaw_zero
152,6.291667,0.004874031,0.015091521,3.556838839,0.000000000,0.000000,0.000355858,0.020389,0.000008879,0.000509,1.157088253,observation_bbox_da3_fit_axial_gauge_yaw_zero
153,6.333333,0.002845931,0.014622427,3.579360239,0.000000000,0.000000,0.010863481,0.622432,0.000033483,0.001918,1.138451587,observation_bbox_da3_fit_axial_gauge_yaw_zero
154,6.375000,0.002761245,0.014522954,3.581451275,0.000000000,0.000000,0.011315256,0.648316,-0.000063820,-0.003657,1.139278273,observation_bbox_da3_fit_axial_gauge_yaw_zero
155,6.416667,0.002729530,0.014508792,3.580244212,0.000000000,0.000000,0.011078635,0.634759,0.000044493,0.002549,1.139310356,observation_bbox_da3_fit_axial_gauge_yaw_zero
156,6.458333,0.004046433,0.015157250,3.575299631,0.000000000,0.000000,0.001359710,0.077906,-0.000023094,-0.001323,1.155359674,observation_bbox_da3_fit_axial_gauge_yaw_zero
157,6.500000,0.003969936,0.015114851,3.588667908,0.000000000,0.000000,0.001982295,0.113577,0.000058112,0.003330,1.157529423,observation_bbox_da3_fit_axial_gauge_yaw_zero
158,6.541667,0.003946971,0.015100852,3.578960809,0.000000000,0.000000,0.001865768,0.106901,-0.000036823,-0.002110,1.154489454,observation_bbox_da3_fit_axial_gauge_yaw_zero
159,6.583333,0.003856451,0.015694168,3.601610653,0.000000000,0.000000,0.010640288,0.609644,-0.000113203,-0.006486,1.111932754,observation_bbox_da3_fit_axial_gauge_yaw_zero
160,6.625000,0.003857792,0.015181847,3.610110541,0.000000000,0.000000,0.002034989,0.116596,-0.000019218,-0.001101,1.164374783,observation_bbox_da3_fit_axial_gauge_yaw_zero
161,6.666667,0.003734767,0.015568424,3.625486137,0.000000000,0.000000,0.010613843,0.608128,0.000036666,0.002101,1.123571597,observation_bbox_da3_fit_axial_gauge_yaw_zero
162,6.708333,0.003771307,0.015189897,3.612246939,0.000000000,0.000000,0.002022562,0.115884,-0.000051023,-0.002923,1.165343655,observation_bbox_da3_fit_axial_gauge_yaw_zero
163,6.750000,0.002826159,0.015186321,3.624384857,0.000000000,0.000000,0.006383760,0.365762,-0.000054087,-0.003099,1.154529045,observation_bbox_da3_fit_axial_gauge_yaw_zero
164,6.791667,0.002700100,0.015115561,3.628670879,0.000000000,0.000000,0.008371504,0.479652,0.000027070,0.001551,1.152639641,observation_bbox_da3_fit_axial_gauge_yaw_zero
165,6.833333,0.002666263,0.015739573,3.634222938,0.000000000,0.000000,0.010582477,0.606331,-0.000000012,-0.000001,1.129105253,observation_bbox_da3_fit_axial_gauge_yaw_zero
166,6.875000,0.001793631,0.015699418,3.626822124,0.000000000,0.000000,0.010691280,0.612565,-0.000000031,-0.000002,1.134857772,observation_bbox_da3_fit_axial_gauge_yaw_zero
167,6.916667,0.001793958,0.015703606,3.624882549,0.000000000,0.000000,0.010687466,0.612347,-0.000000029,-0.000002,1.134224470,observation_bbox_da3_fit_axial_gauge_yaw_zero
168,6.958333,0.001819031,0.015726516,3.625262775,0.000000000,0.000000,0.010682836,0.612081,-0.000000055,-0.000003,1.134436638,observation_bbox_da3_fit_axial_gauge_yaw_zero
169,7.000000,0.001845223,0.015814925,3.635298461,0.000000000,0.000000,0.010671816,0.611450,-0.000000055,-0.000003,1.137677343,observation_bbox_da3_fit_axial_gauge_yaw_zero
170,7.041667,0.002788008,0.015737761,3.644452718,0.000000000,0.000000,0.010383734,0.594944,0.004782272,0.274004,1.147414675,observation_bbox_da3_fit_axial_gauge_yaw_zero
171,7.083333,0.002772361,0.015708660,3.640372715,0.000000000,0.000000,0.010366335,0.593947,0.004982603,0.285482,1.145876888,observation_bbox_da3_fit_axial_gauge_yaw_zero
172,7.125000,0.002808979,0.015816868,3.653765917,0.000000000,0.000000,0.010329832,0.591856,0.005234065,0.299890,1.150010222,observation_bbox_da3_fit_axial_gauge_yaw_zero
173,7.166667,0.001842587,0.015912323,3.654791870,0.000000000,0.000000,0.010668816,0.611278,-0.000000059,-0.000003,1.143812386,observation_bbox_da3_fit_axial_gauge_yaw_zero
174,7.208333,0.001843230,0.015905802,3.658507068,0.000000000,0.000000,0.010675682,0.611672,-0.000000042,-0.000002,1.145024464,observation_bbox_da3_fit_axial_gauge_yaw_zero
175,7.250000,0.001843369,0.015909140,3.658415236,0.000000000,0.000000,0.010674712,0.611616,-0.000000082,-0.000005,1.145001234,observation_bbox_da3_fit_axial_gauge_yaw_zero
176,7.291667,0.001767901,0.015878828,3.652878689,0.000000000,0.000000,0.010676064,0.611693,-0.000000081,-0.000005,1.143241275,observation_bbox_da3_fit_axial_gauge_yaw_zero
177,7.333333,0.001752023,0.015845652,3.651558230,0.000000000,0.000000,0.010682710,0.612074,-0.000000013,-0.000001,1.142760979,observation_bbox_da3_fit_axial_gauge_yaw_zero
178,7.375000,0.001697769,0.015774567,3.645235474,0.000000000,0.000000,0.010692042,0.612609,-0.000000019,-0.000001,1.140581816,observation_bbox_da3_fit_axial_gauge_yaw_zero
179,7.416667,0.001698643,0.015782189,3.646987862,0.000000000,0.000000,0.010692127,0.612614,-0.000000008,-0.000000,1.141137267,observation_bbox_da3_fit_axial_gauge_yaw_zero
180,7.458333,0.001695117,0.015749483,3.639520488,0.000000000,0.000000,0.010691799,0.612595,-0.000000026,-0.000001,1.138768039,observation_bbox_da3_fit_axial_gauge_yaw_zero
181,7.500000,0.001718407,0.015810635,3.654860959,0.000000000,0.000000,0.010694836,0.612769,-0.000000042,-0.000002,1.143689610,observation_bbox_da3_fit_axial_gauge_yaw_zero
182,7.541667,0.001697635,0.015795517,3.650124139,0.000000000,0.000000,0.010692378,0.612628,-0.000000031,-0.000002,1.142133282,observation_bbox_da3_fit_axial_gauge_yaw_zero
183,7.583333,0.001694409,0.015808011,3.648480631,0.000000000,0.000000,0.010688013,0.612378,-0.000000011,-0.000001,1.141695689,observation_bbox_da3_fit_axial_gauge_yaw_zero
184,7.625000,0.001705129,0.015193081,3.655566990,0.000000000,0.000000,0.011097872,0.635861,-0.000146424,-0.008389,1.163422415,observation_bbox_da3_fit_axial_gauge_yaw_zero
185,7.666667,0.001667078,0.015801635,3.655519294,0.000000000,0.000000,0.010693382,0.612686,-0.000000044,-0.000003,1.143538635,observation_bbox_da3_fit_axial_gauge_yaw_zero
186,7.708333,0.001668632,0.015223115,3.672861644,0.000000000,0.000000,0.011104646,0.636249,-0.000146357,-0.008386,1.168642243,observation_bbox_da3_fit_axial_gauge_yaw_zero
187,7.750000,0.001631582,0.015846484,3.668475127,0.000000000,0.000000,0.010696192,0.612847,-0.000000014,-0.000001,1.147574270,observation_bbox_da3_fit_axial_gauge_yaw_zero
188,7.791667,0.000774260,0.015926356,3.661648629,0.000000000,0.000000,0.009909494,0.567772,0.006563058,0.376036,1.151492490,observation_bbox_da3_fit_axial_gauge_yaw_zero
189,7.833333,0.000779366,0.015929526,3.668314658,0.000000000,0.000000,0.010220614,0.585598,0.006229875,0.356946,1.153821306,observation_bbox_da3_fit_axial_gauge_yaw_zero
190,7.875000,0.000761581,0.015204798,3.672856300,0.000000000,0.000000,0.011187323,0.640986,-0.000145685,-0.008347,1.176725319,observation_bbox_da3_fit_axial_gauge_yaw_zero
191,7.916667,0.000758716,0.015205391,3.682227399,0.000000000,0.000000,0.011176142,0.640346,-0.000145571,-0.008341,1.179743599,observation_bbox_da3_fit_axial_gauge_yaw_zero
192,7.958333,0.000730155,0.015936981,3.674714357,0.000000000,0.000000,0.010238637,0.586631,0.006096318,0.349293,1.155911346,observation_bbox_da3_fit_axial_gauge_yaw_zero
193,8.000000,0.000728780,0.015152873,3.665408177,0.000000000,0.000000,0.011185199,0.640865,-0.000145587,-0.008342,1.174499360,observation_bbox_da3_fit_axial_gauge_yaw_zero
194,8.041667,0.000712993,0.015854190,3.658076300,0.000000000,0.000000,0.010224281,0.585808,0.006290627,0.360426,1.150640092,observation_bbox_da3_fit_axial_gauge_yaw_zero
195,8.083333,0.000715494,0.015826344,3.657944503,0.000000000,0.000000,0.010319953,0.591290,0.005364080,0.307339,1.151242854,observation_bbox_da3_fit_axial_gauge_yaw_zero
196,8.125000,0.000727566,0.015128357,3.659285443,0.000000000,0.000000,0.011171479,0.640079,-0.000145397,-0.008331,1.172332911,observation_bbox_da3_fit_axial_gauge_yaw_zero
197,8.166667,0.000486289,0.015795673,3.665659798,0.000000000,0.000000,0.010652752,0.610358,-0.000028018,-0.001605,1.143882322,observation_bbox_da3_fit_axial_gauge_yaw_zero
198,8.208333,0.001584998,0.015712576,3.654394185,0.000000000,0.000000,0.010805710,0.619122,0.000000008,0.000000,1.149984258,observation_bbox_da3_fit_axial_gauge_yaw_zero
199,8.250000,0.000746846,0.015874498,3.663590916,0.000000000,0.000000,0.010234604,0.586400,0.006185625,0.354410,1.152393943,observation_bbox_da3_fit_axial_gauge_yaw_zero
200,8.291667,0.000735148,0.015167932,3.671976502,0.000000000,0.000000,0.011181138,0.640632,-0.000145542,-0.008339,1.176482399,observation_bbox_da3_fit_axial_gauge_yaw_zero
201,8.333333,0.000755053,0.015236766,3.689063287,0.000000000,0.000000,0.011190354,0.641160,-0.000145705,-0.008348,1.181939166,observation_bbox_da3_fit_axial_gauge_yaw_zero
202,8.375000,0.000738299,0.015937649,3.683839875,0.000000000,0.000000,0.010327032,0.591695,0.005299934,0.303664,1.159503468,observation_bbox_da3_fit_axial_gauge_yaw_zero
203,8.416667,0.000739312,0.015959275,3.688896638,0.000000000,0.000000,0.010328495,0.591779,0.005287174,0.302933,1.161113992,observation_bbox_da3_fit_axial_gauge_yaw_zero
204,8.458333,0.000736324,0.015959378,3.686625345,0.000000000,0.000000,0.010339160,0.592390,0.005144696,0.294769,1.160486799,observation_bbox_da3_fit_axial_gauge_yaw_zero
205,8.500000,0.000705172,0.015927053,3.682912085,0.000000000,0.000000,0.010342328,0.592572,0.005150340,0.295093,1.159255785,observation_bbox_da3_fit_axial_gauge_yaw_zero
206,8.541667,0.000662531,0.015870271,3.685398866,0.000000000,0.000000,0.010457283,0.599158,0.004137068,0.237037,1.160771821,observation_bbox_da3_fit_axial_gauge_yaw_zero
207,8.583333,0.000693755,0.015939963,3.689620289,0.000000000,0.000000,0.010375838,0.594492,0.004854931,0.278167,1.161658464,observation_bbox_da3_fit_axial_gauge_yaw_zero
208,8.625000,0.000661262,0.015910542,3.692485909,0.000000000,0.000000,0.010427411,0.597447,0.004423068,0.253423,1.162800133,observation_bbox_da3_fit_axial_gauge_yaw_zero
209,8.666667,-0.000395795,0.015935882,3.697821541,0.000000000,0.000000,0.010722705,0.614366,-0.000133026,-0.007622,1.156818639,observation_bbox_da3_fit_axial_gauge_yaw_zero
210,8.708333,0.000588012,0.015863810,3.687364911,0.000000000,0.000000,0.010417312,0.596868,0.004590531,0.263018,1.161003330,observation_bbox_da3_fit_axial_gauge_yaw_zero
211,8.750000,0.000573319,0.015850056,3.682649774,0.000000000,0.000000,0.010445656,0.598492,0.004275457,0.244966,1.159752125,observation_bbox_da3_fit_axial_gauge_yaw_zero
212,8.791667,-0.000425587,0.015854496,3.690503658,0.000000000,0.000000,0.010740628,0.615393,-0.000133215,-0.007633,1.154990064,observation_bbox_da3_fit_axial_gauge_yaw_zero
213,8.833333,0.000673578,0.015969989,3.690360365,0.000000000,0.000000,0.010322319,0.591425,0.005332745,0.305544,1.161491542,observation_bbox_da3_fit_axial_gauge_yaw_zero
214,8.875000,-0.000424648,0.015864916,3.693462914,0.000000000,0.000000,0.010746126,0.615708,-0.000133284,-0.007637,1.155896283,observation_bbox_da3_fit_axial_gauge_yaw_zero
215,8.916667,0.000701604,0.015935974,3.684175382,0.000000000,0.000000,0.010332908,0.592032,0.005247194,0.300642,1.159647085,observation_bbox_da3_fit_axial_gauge_yaw_zero
216,8.958333,0.000687085,0.015946258,3.687884404,0.000000000,0.000000,0.010352125,0.593133,0.005061560,0.290006,1.160940507,observation_bbox_da3_fit_axial_gauge_yaw_zero
217,9.000000,0.000675367,0.016012130,3.700167185,0.000000000,0.000000,0.010325241,0.591593,0.005305583,0.303987,1.164617301,observation_bbox_da3_fit_axial_gauge_yaw_zero
218,9.041667,0.000675107,0.015982566,3.698747909,0.000000000,0.000000,0.010369818,0.594147,0.004908188,0.281218,1.164485750,observation_bbox_da3_fit_axial_gauge_yaw_zero
219,9.083333,0.000672139,0.015970560,3.696432404,0.000000000,0.000000,0.010375985,0.594500,0.004851668,0.277980,1.163819904,observation_bbox_da3_fit_axial_gauge_yaw_zero
220,9.125000,0.000657760,0.015952327,3.694277818,0.000000000,0.000000,0.010379181,0.594683,0.004847798,0.277758,1.163175026,observation_bbox_da3_fit_axial_gauge_yaw_zero
221,9.166667,-0.000250137,0.016153148,3.700226902,0.000000000,0.000000,0.007136069,0.408867,0.025303289,1.449772,1.160262627,observation_bbox_da3_fit_axial_gauge_yaw_zero
222,9.208333,-0.000355364,0.016079100,3.690355603,0.000000000,0.000000,0.008484968,0.486153,0.025603399,1.466967,1.156756193,observation_bbox_da3_fit_axial_gauge_yaw_zero
223,9.250000,-0.000342607,0.016107571,3.692252347,0.000000000,0.000000,0.007757650,0.444481,0.025720790,1.473693,1.157340033,observation_bbox_da3_fit_axial_gauge_yaw_zero
224,9.291667,-0.000370600,0.016089484,3.690588482,0.000000000,0.000000,0.008357922,0.478874,0.025740958,1.474848,1.156725968,observation_bbox_da3_fit_axial_gauge_yaw_zero
225,9.333333,-0.001328296,0.016150397,3.694796844,0.000000000,0.000000,0.004364279,0.250055,0.045557517,2.610253,1.152921985,observation_bbox_da3_fit_axial_gauge_yaw_zero
226,9.375000,-0.001336892,0.016099931,3.686810513,0.000000000,0.000000,0.004443245,0.254579,0.045697331,2.618264,1.150292846,observation_bbox_da3_fit_axial_gauge_yaw_zero
227,9.416667,-0.001414298,0.016035013,3.684783710,0.000000000,0.000000,0.006754461,0.387002,0.044942721,2.575028,1.150170989,observation_bbox_da3_fit_axial_gauge_yaw_zero
228,9.458333,-0.001413486,0.016025893,3.682667998,0.000000000,0.000000,0.006749200,0.386701,0.044997441,2.578163,1.149455501,observation_bbox_da3_fit_axial_gauge_yaw_zero
229,9.500000,-0.001320991,0.016101831,3.684946874,0.000000000,0.000000,0.004470349,0.256132,0.045753203,2.621465,1.149652091,observation_bbox_da3_fit_axial_gauge_yaw_zero
230,9.541667,-0.001385487,0.016063983,3.685766296,0.000000000,0.000000,0.006666669,0.381972,0.045768257,2.622328,1.149748373,observation_bbox_da3_fit_axial_gauge_yaw_zero
231,9.583333,-0.001418773,0.016065623,3.689761684,0.000000000,0.000000,0.006694410,0.383561,0.045531365,2.608755,1.151211932,observation_bbox_da3_fit_axial_gauge_yaw_zero
232,9.625000,-0.001401864,0.016053679,3.685402359,0.000000000,0.000000,0.006661622,0.381683,0.045843641,2.626647,1.149568813,observation_bbox_da3_fit_axial_gauge_yaw_zero
233,9.666667,-0.001387510,0.016066806,3.684400472,0.000000000,0.000000,0.006668844,0.382097,0.045718717,2.619490,1.149362583,observation_bbox_da3_fit_axial_gauge_yaw_zero
234,9.708333,-0.001413727,0.016024406,3.679935193,0.000000000,0.000000,0.006680701,0.382776,0.045662827,2.616287,1.148010513,observation_bbox_da3_fit_axial_gauge_yaw_zero
235,9.750000,-0.001434158,0.015982568,3.677038127,0.000000000,0.000000,0.006693309,0.383498,0.045615994,2.613604,1.147147112,observation_bbox_da3_fit_axial_gauge_yaw_zero
236,9.791667,-0.001432704,0.015966449,3.673309928,0.000000000,0.000000,0.006689456,0.383278,0.045653048,2.615727,1.145945060,observation_bbox_da3_fit_axial_gauge_yaw_zero
237,9.833333,-0.001381417,0.016022082,3.674940611,0.000000000,0.000000,0.006655430,0.381328,0.045863044,2.627759,1.146269962,observation_bbox_da3_fit_axial_gauge_yaw_zero
238,9.875000,-0.001369858,0.016072075,3.684734653,0.000000000,0.000000,0.006666918,0.381986,0.045717951,2.619446,1.149466603,observation_bbox_da3_fit_axial_gauge_yaw_zero
239,9.916667,-0.001412434,0.016021379,3.676562113,0.000000000,0.000000,0.006664593,0.381853,0.045792365,2.623709,1.146840190,observation_bbox_da3_fit_axial_gauge_yaw_zero
240,9.958333,-0.001405689,0.016047663,3.678806628,0.000000000,0.000000,0.006659397,0.381555,0.045800164,2.624156,1.147538121,observation_bbox_da3_fit_axial_gauge_yaw_zero
