frame,state_000,state_001,state_002
1,-0.31104722352190584,0.074913411957452783,3.6110502408215899
2,-0.30941456513641846,0.059226087326490075,3.6112122070255417
3,-0.30641660701995654,0.058563116420640091,3.611353071529642
4,-0.30636957208980009,0.058620798947372273,3.6113532600585962
5,-0.29688564973722315,0.083180234475367154,3.6113583535562106
6,-0.29096357956311569,0.14777215035902555,3.6111642953547709
7,-0.28784875901307522,0.25108001543350417,3.6107571553205209
8,-0.28276129212234019,0.37971078959834959,3.6103043871180405
9,-0.27248906849703086,0.55046248307106804,3.6099370392732104
10,-0.274380307743399,0.59308792825287038,3.6116097342790048
11,-0.27705690953518924,0.48693891007242196,3.6156307431119443
12,-0.27342787604332969,0.38779700647609627,3.6197937145581722
13,-0.28167462616996081,0.3101427096216543,3.623608885710484
14,-0.28073568413863026,0.24623512957356858,3.6271092055157363
15,-0.27729331301723226,0.19495781525784772,3.6302273641196856
16,-0.27866570577275956,0.15673545054816265,3.6329227649622231
17,-0.27404920974622615,0.13933537822227618,3.6352170130145036
18,-0.27068059175095294,0.14239100662139426,3.6370583001958563
19,-0.26370134699377384,0.18290297961604585,3.6383602053625288
20,-0.26254458310129208,0.30420234598794338,3.6388769277164568
21,-0.25972661318774398,0.44841316641377049,3.6388481314228334
22,-0.25113643649674233,0.60007851733074025,3.6381617728231928
23,-0.2511638528308282,0.60000148128260078,3.6381631560588343
24,-0.26332645606611638,0.4598049215439719,3.6414860334013199
25,-0.2756233268272606,0.36164455357098868,3.644663465761715
26,-0.285558530193465,0.28542811830756692,3.6464647984919978
27,-0.29580234893370577,0.22973921913960182,3.6454780918934357
28,-0.2981755569728568,0.19011934538729788,3.6429986292139889
29,-0.29598272774220052,0.16945848367141664,3.64019171011405
30,-0.29558634274485024,0.16342464619170635,3.6382040989223148
31,-0.29556027938517881,0.16349041611892368,3.6382033467461876
32,-0.29022749263886394,0.21197164851995345,3.6350223683014855
33,-0.26820229770838322,0.28304535906195882,3.6299456397836036
34,-0.27664902246621298,0.42531520308970699,3.6234803702417806
35,-0.26547045438626815,0.58059540244273478,3.6172626257925549
36,-0.26271743350743426,0.6376069951853619,3.6131184539162371
37,-0.27858082773811566,0.52491637634650501,3.6124224124550079
38,-0.28920671675526832,0.42181402078963731,3.6129139997865818
39,-0.29092001311542809,0.33425837982072082,3.614477366504349
40,-0.30145301364053451,0.26698957660387618,3.6166979580964318
41,-0.31535873640791318,0.21658867401336851,3.6193713113878587
42,-0.31982425696700573,0.18397556764105802,3.6223442058360042
43,-0.32584058721220688,0.16617605364411248,3.6254006992565446
44,-0.32204292876129764,0.15948032541863336,3.6284988768922655
45,-0.3078827713992055,0.17582904591520165,3.6315159404152317
46,-0.29435424336660782,0.22384539399386344,3.6342839417803643
47,-0.27760998545854654,0.31045232064997391,3.6367603166121762
48,-0.25568909292341546,0.43287671623221319,3.638991236365563
49,-0.22588304868467668,0.57708843697202783,3.6411637164212252
50,-0.20974020407954885,0.65569057566381128,3.6442008064543816
51,-0.19486046965945808,0.55149608287710217,3.6495765736943584
52,-0.18830368391052155,0.44838311569362888,3.6540765513097453
53,-0.16993545854363665,0.36259517946353859,3.6567777747290244
54,-0.1512817343326337,0.29592929645400873,3.6568128627293865
55,-0.14270162520985027,0.24691613911205976,3.6548034882956526
56,-0.12431878015069921,0.21017161978390639,3.6514088340932678
57,-0.11104487145981698,0.19497816587705843,3.6470135935908461
58,-0.094182772553899355,0.19266054428168478,3.6420382825055451
59,-0.08236694985750638,0.21509980473460366,3.6366807414658786
60,-0.063767290030535939,0.2751591029797788,3.6311012157067104
61,-0.054104965895351534,0.38582809151456132,3.6253871981714374
62,-0.050635147205235313,0.53419579372759918,3.6198238773233502
63,-0.047184709720561185,0.64370295399392363,3.6153461701103549
64,-0.06594824128709284,0.55344041137520616,3.6139470703404686
65,-0.06273731140847276,0.434213296207553,3.6126711589380096
66,-0.071627336192743515,0.35847533874517912,3.6097592320319465
67,-0.088662396591111081,0.29492708051211297,3.6046141872495596
68,-0.098726974655811456,0.24788351827776173,3.5976222971242877
69,-0.10600641637959551,0.21988542503354291,3.5891095316195902
70,-0.1160974527340506,0.20721103798215182,3.5793825682071532
71,-0.12316473265456805,0.20968290184293686,3.568718138518296
72,-0.13966833367832118,0.24373538314044807,3.5572782160881915
73,-0.15440707800434159,0.31655591826079577,3.5453369506105843
74,-0.17342227934493526,0.42843427389647848,3.5333140411059798
75,-0.1931529424422859,0.581725353328711,3.521876475460946
76,-0.21950832334791712,0.61578640465169687,3.5137224442586978
77,-0.2499443939929282,0.50922493601976138,3.5099406084624651
78,-0.2730546464765628,0.40864771925036508,3.5091217218635342
79,-0.28843233939590007,0.32761085028360459,3.5118229226376734
80,-0.30352293660814467,0.26909279284042548,3.5188707571534739
81,-0.32421374576100531,0.22737909216290017,3.5291927687450722
82,-0.32812661068968429,0.21037393196061599,3.5418794023893256
83,-0.33308425674309772,0.21569506998662852,3.5559961670375198
84,-0.34198961163060243,0.25260904336722922,3.5707784189363667
85,-0.36020538815135711,0.33227330863307486,3.5855524623092578
86,-0.3517732898251224,0.45763223022840144,3.6000161140280516
87,-0.36093604755735992,0.61191530430130758,3.6135556278048928
88,-0.36110869672769358,0.60316548800477054,3.62791489679898
89,-0.36214071853093094,0.48583985106034588,3.6410085640049887
90,-0.36073616032238964,0.38882593818842343,3.6496402827297709
91,-0.35537399670514802,0.31614656215820686,3.6519977098592724
92,-0.35361312471369299,0.26091390583272311,3.6495165494939279
93,-0.34962342320226092,0.22930319626673537,3.6434411697800355
94,-0.34088804379457438,0.20856977669241109,3.6348607811779856
95,-0.33658653492819723,0.20838636352377912,3.6244034398060303
96,-0.32429643778306205,0.23015537257120403,3.6126353603180501
97,-0.32109211903240154,0.31007389799377089,3.5997695018661933
98,-0.29587311651476095,0.44388281767683685,3.5864591988671606
99,-0.2534839676596789,0.61675133730439458,3.5733046935001211
100,-0.23154725387945685,0.61110530673865737,3.5630998529459363
101,-0.21293320986551595,0.51230812566960338,3.5627654040164018
102,-0.20613916819873843,0.42354162701929515,3.5624648793451659
103,-0.1909544928568721,0.35523401385432535,3.5624826075369755
104,-0.18270606203912335,0.30677829993500966,3.5632237916047647
105,-0.17087100561525823,0.26751797279936196,3.5645897152747019
106,-0.16144485351387661,0.24475230437875076,3.5663172163722696
107,-0.15455436437677139,0.23883448584801334,3.5682493384386076
108,-0.14211442922409975,0.25250165127861524,3.5702897563352241
109,-0.12866092704852794,0.30448073067803261,3.5722046411721253
110,-0.11430980355030318,0.40498290237463308,3.5738887780117876
111,-0.098337110373736589,0.53366306950091758,3.5755421356958133
112,-0.091588144475478889,0.64729988358148183,3.5776596474958611
113,-0.10896023472588307,0.58019079264728834,3.5823775848628099
114,-0.11652242508142004,0.47270164052533709,3.5871728221616244
115,-0.12733447595035877,0.38047852690983203,3.5906336766178129
116,-0.13552011536014397,0.31363845772778337,3.5919422863967272
117,-0.14503492851345573,0.26403243440177254,3.5916201930048244
118,-0.15068008330317248,0.23455346453638423,3.5900714735543233
119,-0.15322488366711978,0.21912227104374518,3.587666874462645
120,-0.15035592747604321,0.2138045040088879,3.5846940600466799
121,-0.14685976636969772,0.22720000216755334,3.5812922007108527
122,-0.14362208190299883,0.28544717801907826,3.5775165428772726
123,-0.14383113539679634,0.38922245474093936,3.573560965260171
124,-0.14821506027408729,0.52594869235795205,3.5697614220094311
125,-0.1531711574951046,0.64323547034249018,3.5669410700448663
126,-0.17747239831179068,0.5789947176168474,3.5673547697819425
127,-0.19861220468336571,0.46945797787545929,3.5687860905456219
128,-0.2294784224335869,0.37889053686682173,3.5699769369915373
129,-0.24436552919601831,0.28693591113193334,3.5708501428929909
130,-0.25930011882859016,0.24223774824471148,3.5710859351225763
131,-0.27280709434109696,0.2205836849891154,3.5709432775668648
132,-0.28490697262673137,0.22017146506806404,3.5705186921573029
133,-0.2949120700506293,0.24366822478035299,3.5698698527103914
134,-0.29939908918843794,0.31875049136529154,3.5689226082113192
135,-0.31027159874594556,0.4404387580494476,3.5677260078045689
136,-0.31683158939172257,0.59477937776531764,3.5665432491356772
137,-0.31908679240689752,0.61377807094398251,3.5672942272645001
138,-0.31110642578986891,0.49588884736690514,3.5695716254514975
139,-0.30175669531062366,0.39589958652410717,3.570534168777669
140,-0.29553252669302565,0.31661070015182835,3.5692308742962688
141,-0.28376592891165142,0.26539665319802674,3.566130107988509
142,-0.27297364226027049,0.23899389356322331,3.5616557299799347
143,-0.25316560354548329,0.23617515124955293,3.5562325008526314
144,-0.23220294658938292,0.25438330948967497,3.5501495262708556
145,-0.20842830293837034,0.3102934528204061,3.5435939759040602
146,-0.17665101788121917,0.41484935912569643,3.5368144575837519
147,-0.1647233697943403,0.55047413225710229,3.5302190445627453
148,-0.14239646388795682,0.64398595591816221,3.5250922169674039
149,-0.14877972771804487,0.56068169509741894,3.5234572749670257
150,-0.1426614231545047,0.4709905193554319,3.5227728562870206
151,-0.14087570752990006,0.39320925996480444,3.5225581366041023
152,-0.13936780613766592,0.31046574037563929,3.52287792735823
153,-0.13310172346557769,0.25420161770690541,3.5233147114566736
154,-0.12609273481375499,0.23456863211073237,3.5236167375634353
155,-0.12138474729586474,0.23527344923498297,3.5237430558070106
156,-0.12131738069270162,0.23536047143265953,3.5237427374386363
157,-0.11396928283784791,0.28881068941656796,3.5238121870767891
158,-0.12697299063049261,0.39409026176339923,3.5238451616374178
159,-0.15050186407501209,0.53126784023131712,3.5240812037076399
160,-0.16922312778397608,0.6442397586293771,3.5252951900732832
161,-0.19708468806945628,0.56965569655957948,3.5297161340746896
162,-0.23153199442484948,0.47239263246559932,3.5345148931005888
163,-0.26161260213212945,0.39119025989694833,3.5387320261104591
164,-0.28225256903142121,0.32759901200184954,3.541884272669197
165,-0.30413957384719847,0.28035624535046916,3.544160365792564
166,-0.31638525804907569,0.24481818612898962,3.5458570866908166
167,-0.32657487291649379,0.22313830631083334,3.5470863371534769
168,-0.33375487765719836,0.21355138687676842,3.5479935133949358
169,-0.34529114087400103,0.21994445064952817,3.5486166409606477
170,-0.35133597979190928,0.25107983649551624,3.5490556259252326
171,-0.35597867164705704,0.3335767006691695,3.5492369416446241
172,-0.34882764407683048,0.46251705654792968,3.5494069178012313
173,-0.33009556056126499,0.59945977159866548,3.5500890990212821
174,-0.33042233835221746,0.58074916682418221,3.5531205101017966
175,-0.32862115292200456,0.46986677957972922,3.5573384951547884
176,-0.31566980206855111,0.38757379448258822,3.5607270720821735
177,-0.30031545339389965,0.30628355120260831,3.5629383817620952
178,-0.28613367220566333,0.25070178254339182,3.5640562071011055
179,-0.2683870796238616,0.21758187460524495,3.5643864382410073
180,-0.25057591337912127,0.20251326030878133,3.5641498976964407
181,-0.23289919833641831,0.20505827605724533,3.5635099988690082
182,-0.20945836807802262,0.22918465589506859,3.5625953602018292
183,-0.18351356565696225,0.26962975428867791,3.5615233219061424
184,-0.16052226058400751,0.34681773620811934,3.5602615875309231
185,-0.14216217561005079,0.46171448182557739,3.5589520912889276
186,-0.11649500065094361,0.60037345721401192,3.5579695515446019
187,-0.12082371831695526,0.59869010367473952,3.5593625794577037
188,-0.15211869524048541,0.50658543228995689,3.5621343941000774
189,-0.17291728456688568,0.41349934668657035,3.5648479844834373
190,-0.20029884513710924,0.34761175490656121,3.5667388421960018
191,-0.22541738774765771,0.29514111366571494,3.5682231783377381
192,-0.23888246420952336,0.26345046093743091,3.5694879552349166
