frame,time,tx,ty,tz,qw,qx,qy,qz,radius_m,coord_frame,u_obs,v_obs,radius_obs_px,u_proj,v_proj,radius_proj_px,bottom_proj_v,floor_v,support_type,support_source,support_confidence,residual_px,contact_frame,audio_contact_frame,human_contact_event,floor_contact_event,human_contact_state,floor_contact_state,contact_part,contact_side,contact_label,active_part,active_part_y,active_part_z,u_ref_obs,v_ref_obs,contact_u,contact_v,contact_depth_offset_m,contact_depth_offset_used_m,z_contact_final,global_z_ref,z_ref_global_shift,z_ref_anchor_segment,contact_depth_gap,source
1,0.000000,-0.933269,0.908213,6.718690,1.000000,0.000000,0.000000,0.000000,0.120000,gvhmr_incam,654.000,837.500,,654.000,837.500,,,868.998,proxy_support,radius_free_proxy_observations,0.984126,0.000000,0,0,0,0,0,0,foot,left,left_foot,left_foot,0.938462,6.709749,654.000,837.500,619.000,844.000,0.091118,0.091118,6.809824,6.718706,4.234391,6.718706,0.100075,sequence_se3_optimizer
2,0.033333,-0.933254,0.908208,6.718682,1.000000,0.000000,0.000000,0.000000,0.120000,gvhmr_incam,654.170,837.902,,654.170,837.902,,,868.998,proxy_support,radius_free_proxy_observations,0.984126,0.000000,0,0,0,1,0,1,floor,,floor,left_foot,0.937442,6.703704,654.170,837.902,618.000,844.000,0.200667,0.200667,6.919373,6.718706,4.244267,6.718706,0.215668,sequence_se3_optimizer
3,0.066667,-0.933239,0.908202,6.718673,1.000000,0.000000,0.000000,0.000000,0.120000,gvhmr_incam,654.102,837.968,,654.102,837.968,,,868.998,proxy_support,radius_free_proxy_observations,0.984126,0.000000,0,0,0,0,0,1,foot,left,left_foot,left_foot,0.934794,6.695471,654.102,837.968,618.000,844.000,0.157906,0.157906,6.876612,6.718706,4.252766,6.718706,0.181140,sequence_se3_optimizer
4,0.100000,-0.933223,0.908197,6.718664,1.000000,0.000000,0.000000,0.000000,0.120000,gvhmr_incam,653.801,837.846,,653.801,837.846,,,868.998,proxy_support,radius_free_proxy_observations,0.984126,0.000000,0,0,0,0,0,1,foot,left,left_foot,left_foot,0.932170,6.688560,653.801,837.846,617.000,842.000,0.178775,0.178775,6.897481,6.718706,4.255811,6.718706,0.208921,sequence_se3_optimizer
5,0.133333,-0.933207,0.908194,6.718655,1.000000,0.000000,0.000000,0.000000,0.120000,gvhmr_incam,653.770,837.825,,653.770,837.825,,,868.998,proxy_support,radius_free_proxy_observations,0.984126,0.000000,0,0,0,0,0,0,foot,left,left_foot,left_foot,0.928628,6.679928,653.770,837.825,617.000,842.000,0.151302,0.151302,6.870008,6.718706,4.267279,6.718706,0.190080,sequence_se3_optimizer
6,0.166667,-0.933189,0.908191,6.718645,1.000000,0.000000,0.000000,0.000000,0.120000,gvhmr_incam,653.819,837.781,,653.819,837.781,,,868.998,proxy_support,radius_free_proxy_observations,0.984126,0.000000,0,0,0,0,0,0,foot,left,left_foot,left_foot,0.924734,6.670431,653.819,837.781,617.000,842.000,0.180867,0.180867,6.899573,6.718706,4.280086,6.718706,0.229142,sequence_se3_optimizer
7,0.200000,-0.933170,0.908175,6.718635,1.000000,0.000000,0.000000,0.000000,0.120000,gvhmr_incam,653.867,837.769,,653.867,837.769,,,868.998,proxy_support,radius_free_proxy_observations,0.984126,0.000000,0,0,0,0,0,0,foot,left,left_foot,left_foot,0.923400,6.663061,653.867,837.769,618.000,845.000,0.180699,0.180699,6.899405,6.718706,4.287420,6.718706,0.236344,sequence_se3_optimizer
8,0.233333,-0.933150,0.908105,6.718624,1.000000,0.000000,0.000000,0.000000,0.120000,gvhmr_incam,653.930,837.727,,653.930,837.727,,,868.998,proxy_support,radius_free_proxy_observations,0.984126,0.000000,0,0,0,0,0,0,foot,left,left_foot,left_foot,0.923543,6.660546,653.930,837.727,617.000,841.000,0.183299,0.183299,6.902005,6.718706,4.289865,6.718706,0.241458,sequence_se3_optimizer
9,0.266667,-0.933128,0.908311,6.718611,1.000000,0.000000,0.000000,0.000000,0.120000,gvhmr_incam,653.986,837.652,,653.986,837.652,,,868.998,proxy_support,radius_free_proxy_observations,0.984126,0.000000,0,0,0,0,0,0,foot,left,left_foot,left_foot,0.924749,6.660575,653.986,837.652,617.000,843.000,0.112531,0.112531,6.831237,6.718706,4.288296,6.718706,0.170662,sequence_se3_optimizer
10,0.300000,-0.933104,0.908015,6.718597,1.000000,0.000000,0.000000,0.000000,0.120000,gvhmr_incam,654.038,837.609,,654.038,837.609,,,868.998,proxy_support,radius_free_proxy_observations,0.984126,0.000000,0,0,0,0,0,0,foot,left,left_foot,left_foot,0.926108,6.658776,654.038,837.609,617.000,847.000,0.084395,0.084395,6.803101,6.718706,4.292633,6.718706,0.144325,sequence_se3_optimizer
11,0.333333,-0.933078,0.908256,6.718581,1.000000,0.000000,0.000000,0.000000,0.120000,gvhmr_incam,653.972,837.612,,653.972,837.612,,,868.998,proxy_support,radius_free_proxy_observations,0.984126,0.000000,0,0,0,0,0,0,foot,left,left_foot,left_foot,0.927897,6.659274,653.972,837.612,617.000,847.000,0.071150,0.071150,6.789856,6.718706,4.299925,6.718706,0.130582,sequence_se3_optimizer
12,0.366667,-0.933049,0.908163,6.718563,1.000000,0.000000,0.000000,0.000000,0.120000,gvhmr_incam,653.976,837.712,,653.976,837.712,,,868.998,proxy_support,radius_free_proxy_observations,0.984126,0.000000,0,0,0,1,0,1,floor,,floor,left_foot,0.930191,6.654934,653.976,837.712,617.000,846.000,0.037447,0.037447,6.756153,6.718706,4.306937,6.718706,0.101218,sequence_se3_optimizer
13,0.400000,-0.933016,0.908164,6.718542,1.000000,0.000000,0.000000,0.000000,0.120000,gvhmr_incam,654.015,837.824,,654.015,837.824,,,868.998,proxy_support,radius_free_proxy_observations,0.984126,0.000000,0,0,0,0,0,1,foot,left,left_foot,left_foot,0.932321,6.651474,654.015,837.824,618.000,844.000,0.041385,0.041385,6.760091,6.718706,4.303888,6.718706,0.108616,sequence_se3_optimizer
14,0.433333,-0.932979,0.908170,6.718517,1.000000,0.000000,0.000000,0.000000,0.120000,gvhmr_incam,654.028,837.859,,654.028,837.859,,,868.998,proxy_support,radius_free_proxy_observations,0.984126,0.000000,0,0,0,0,0,0,foot,left,left_foot,left_foot,0.933296,6.660299,654.028,837.859,619.000,850.000,0.031669,0.031669,6.750375,6.718706,4.304226,6.718706,0.090076,sequence_se3_optimizer
15,0.466667,-0.932938,0.908171,6.718487,1.000000,0.000000,0.000000,0.000000,0.120000,gvhmr_incam,654.155,837.911,,654.155,837.911,,,868.998,proxy_support,radius_free_proxy_observations,0.984126,0.000000,0,0,0,1,0,1,floor,,floor,left_foot,0.933583,6.666112,654.155,837.911,617.000,842.000,0.090029,0.090029,6.808735,6.718706,4.305723,6.718706,0.142623,sequence_se3_optimizer
16,0.500000,-0.932892,0.908168,6.718454,1.000000,0.000000,0.000000,0.000000,0.120000,gvhmr_incam,654.179,837.852,,654.179,837.852,,,868.998,proxy_support,radius_free_proxy_observations,0.984126,0.000000,0,0,0,0,0,1,foot,left,left_foot,left_foot,0.931915,6.674203,654.179,837.852,617.000,842.000,0.076517,0.076517,6.795223,6.718706,4.315924,6.718706,0.121020,sequence_se3_optimizer
17,0.533333,-0.932839,0.908160,6.718413,1.000000,0.000000,0.000000,0.000000,0.120000,gvhmr_incam,654.285,837.889,,654.285,837.889,,,868.998,proxy_support,radius_free_proxy_observations,0.984126,0.000000,0,0,0,0,0,1,foot,left,left_foot,left_foot,0.929947,6.682101,654.285,837.889,617.000,842.000,0.081970,0.081970,6.800676,6.718706,4.317028,6.718706,0.118575,sequence_se3_optimizer
18,0.566667,-0.932778,0.908149,6.718365,1.000000,0.000000,0.000000,0.000000,0.120000,gvhmr_incam,654.347,837.902,,654.347,837.902,,,868.998,proxy_support,radius_free_proxy_observations,0.984126,0.000000,0,0,0,0,0,1,foot,left,left_foot,left_foot,0.927154,6.680662,654.347,837.902,617.000,842.000,0.094602,0.094602,6.813308,6.718706,4.313677,6.718706,0.132646,sequence_se3_optimizer
19,0.600000,-0.932710,0.908136,6.718308,1.000000,0.000000,0.000000,0.000000,0.120000,gvhmr_incam,654.294,837.907,,654.294,837.907,,,868.998,proxy_support,radius_free_proxy_observations,0.984126,0.000000,0,0,0,0,0,1,foot,left,left_foot,left_foot,0.927437,6.687319,654.294,837.907,618.000,847.000,0.294268,0.294268,7.012974,6.718706,4.304266,6.718706,0.325654,sequence_se3_optimizer
20,0.633333,-0.932631,0.908124,6.718243,1.000000,0.000000,0.000000,0.000000,0.120000,gvhmr_incam,654.443,837.902,,654.443,837.902,,,868.998,proxy_support,radius_free_proxy_observations,0.984126,0.000000,0,0,0,0,0,1,foot,left,left_foot,left_foot,0.928537,6.690660,654.443,837.902,617.000,842.000,0.101772,0.101772,6.820478,6.718706,4.298377,6.718706,0.129817,sequence_se3_optimizer
21,0.666667,-0.932541,0.908116,6.718167,1.000000,0.000000,0.000000,0.000000,0.120000,gvhmr_incam,654.378,837.780,,654.378,837.780,,,868.998,proxy_support,radius_free_proxy_observations,0.984126,0.000000,0,0,0,0,0,1,foot,left,left_foot,left_foot,0.929186,6.698761,654.378,837.780,617.000,843.000,0.257731,0.257731,6.976437,6.718706,4.298538,6.718706,0.277676,sequence_se3_optimizer
22,0.700000,-0.932438,0.908115,6.718079,1.000000,0.000000,0.000000,0.000000,0.120000,gvhmr_incam,654.271,837.687,,654.271,837.687,,,868.998,proxy_support,radius_free_proxy_observations,0.984126,0.000000,0,0,0,0,0,1,foot,left,left_foot,left_foot,0.929368,6.703583,654.271,837.687,618.000,843.000,0.028804,0.028804,6.747510,6.718706,4.297718,6.718706,0.043927,sequence_se3_optimizer
23,0.733333,-0.932320,0.908125,6.717979,1.000000,0.000000,0.000000,0.000000,0.120000,gvhmr_incam,654.257,837.717,,654.257,837.717,,,868.998,proxy_support,radius_free_proxy_observations,0.984126,0.000000,0,0,0,0,0,1,foot,left,left_foot,left_foot,0.930446,6.701982,654.257,837.717,618.000,844.000,0.042575,0.042575,6.761281,6.718706,4.286685,6.718706,0.059298,sequence_se3_optimizer
24,0.766667,-0.932182,0.908148,6.717865,1.000000,0.000000,0.000000,0.000000,0.120000,gvhmr_incam,654.224,837.632,,654.224,837.632,,,868.998,proxy_support,radius_free_proxy_observations,0.984126,0.000000,0,0,0,0,0,1,foot,left,left_foot,left_foot,0.930138,6.695570,654.224,837.632,617.000,842.000,0.129988,0.129988,6.848694,6.718706,4.270646,6.718706,0.153123,sequence_se3_optimizer
25,0.800000,-0.932023,0.908188,6.717734,1.000000,0.000000,0.000000,0.000000,0.120000,gvhmr_incam,654.207,837.668,,654.207,837.668,,,868.998,proxy_support,radius_free_proxy_observations,0.984126,0.000000,0,0,0,0,0,1,foot,left,left_foot,left_foot,0.929435,6.694598,654.207,837.668,617.000,843.000,0.299789,0.299789,7.018495,6.718706,4.264421,6.718706,0.323897,sequence_se3_optimizer
26,0.833333,-0.931838,0.908245,6.717586,1.000000,0.000000,0.000000,0.000000,0.120000,gvhmr_incam,654.131,837.686,,654.131,837.686,,,868.998,proxy_support,radius_free_proxy_observations,0.984126,0.000000,0,0,0,0,0,1,foot,left,left_foot,left_foot,0.928665,6.692117,654.131,837.686,617.000,842.000,0.093246,0.093246,6.811952,6.718706,4.263858,6.718706,0.119835,sequence_se3_optimizer
27,0.866667,-0.931623,0.908320,6.717418,1.000000,0.000000,0.000000,0.000000,0.120000,gvhmr_incam,654.010,837.632,,654.010,837.632,,,868.998,proxy_support,radius_free_proxy_observations,0.984126,0.000000,0,0,0,0,0,1,foot,left,left_foot,left_foot,0.928655,6.683447,654.010,837.632,617.000,842.000,0.067860,0.067860,6.786566,6.718706,4.266001,6.718706,0.103118,sequence_se3_optimizer
28,0.900000,-0.931373,0.908413,6.717227,1.000000,0.000000,0.000000,0.000000,0.120000,gvhmr_incam,653.935,837.671,,653.935,837.671,,,868.998,proxy_support,radius_free_proxy_observations,0.984126,0.000000,0,0,0,0,0,1,foot,left,left_foot,left_foot,0.928815,6.676996,653.935,837.671,617.000,842.000,0.107331,0.107331,6.826037,6.718706,4.258125,6.718706,0.149041,sequence_se3_optimizer
29,0.933333,-0.931083,0.908523,6.717012,1.000000,0.000000,0.000000,0.000000,0.120000,gvhmr_incam,654.001,837.606,,654.001,837.606,,,868.998,proxy_support,radius_free_proxy_observations,0.984126,0.000000,0,0,0,0,0,1,foot,left,left_foot,left_foot,0.929168,6.678268,654.001,837.606,617.000,842.000,0.098975,0.098975,6.817681,6.718706,4.249260,6.718706,0.139413,sequence_se3_optimizer
30,0.966667,-0.930746,0.908646,6.716769,1.000000,0.000000,0.000000,0.000000,0.120000,gvhmr_incam,653.894,837.668,,653.894,837.668,,,868.998,proxy_support,radius_free_proxy_observations,0.984126,0.000000,0,0,0,0,0,1,foot,left,left_foot,left_foot,0.932065,6.666778,653.894,837.668,617.000,842.000,0.108579,0.108579,6.827285,6.718706,4.248462,6.718706,0.160507,sequence_se3_optimizer
31,1.000000,-0.930357,0.908782,6.716496,1.000000,0.000000,0.000000,0.000000,0.120000,gvhmr_incam,653.917,837.720,,653.917,837.720,,,868.998,proxy_support,radius_free_proxy_observations,0.984126,0.000000,0,0,0,0,0,1,foot,left,left_foot,left_foot,0.936827,6.658965,653.917,837.720,617.000,842.000,0.129213,0.129213,6.847919,6.718706,4.253927,6.718706,0.188954,sequence_se3_optimizer
32,1.033333,-0.929907,0.908925,6.716188,1.000000,0.000000,0.000000,0.000000,0.120000,gvhmr_incam,653.993,837.738,,653.993,837.738,,,868.998,proxy_support,radius_free_proxy_observations,0.984126,0.000000,0,0,0,0,0,1,foot,left,left_foot,left_foot,0.941768,6.666178,653.993,837.738,618.000,850.000,0.131726,0.131726,6.850432,6.718706,4.255229,6.718706,0.184254,sequence_se3_optimizer
33,1.066667,-0.929389,0.909073,6.715843,1.000000,0.000000,0.000000,0.000000,0.120000,gvhmr_incam,653.000,838.000,,653.000,838.000,,,868.998,proxy_support,radius_free_proxy_observations,0.984126,0.000000,0,0,0,0,0,1,foot,left,left_foot,left_foot,0.944392,6.674597,653.000,838.000,617.000,843.000,0.148562,0.148562,6.867268,6.718706,4.259661,6.718706,0.192670,sequence_se3_optimizer
34,1.100000,-0.928794,0.909221,6.715455,1.000000,0.000000,0.000000,0.000000,0.120000,gvhmr_incam,652.708,838.625,,652.708,838.625,,,868.998,proxy_support,radius_free_proxy_observations,0.984126,0.000000,0,0,0,0,0,1,foot,left,left_foot,left_foot,0.943467,6.675766,652.708,838.625,617.000,843.000,0.143099,0.143099,6.861805,6.718706,4.261420,6.718706,0.186038,sequence_se3_optimizer
35,1.133333,-0.928111,0.909366,6.715022,1.000000,0.000000,0.000000,0.000000,0.120000,gvhmr_incam,652.864,838.748,,652.864,838.748,,,868.998,proxy_support,radius_free_proxy_observations,0.984126,0.000000,0,0,0,0,0,1,foot,left,left_foot,left_foot,0.940259,6.681797,652.864,838.748,617.000,843.000,0.133222,0.133222,6.851928,6.718706,4.267103,6.718706,0.170131,sequence_se3_optimizer
36,1.166667,-0.927332,0.909503,6.714538,1.000000,0.000000,0.000000,0.000000,0.120000,gvhmr_incam,652.936,838.445,,652.936,838.445,,,868.998,proxy_support,radius_free_proxy_observations,0.984126,0.000000,0,0,0,0,0,1,foot,left,left_foot,left_foot,0.935537,6.680017,652.936,838.445,617.000,843.000,0.092147,0.092147,6.810853,6.718706,4.267674,6.718706,0.130836,sequence_se3_optimizer
37,1.200000,-0.926445,0.909627,6.713998,1.000000,0.000000,0.000000,0.000000,0.120000,gvhmr_incam,653.085,838.284,,653.085,838.284,,,868.998,proxy_support,radius_free_proxy_observations,0.984126,0.000000,0,0,0,0,0,1,foot,left,left_foot,left_foot,0.931583,6.676761,653.085,838.284,618.000,844.000,0.041779,0.041779,6.760485,6.718706,4.258700,6.718706,0.083724,sequence_se3_optimizer
38,1.233333,-0.925441,0.909731,6.713397,1.000000,0.000000,0.000000,0.000000,0.120000,gvhmr_incam,653.152,838.345,,653.152,838.345,,,868.998,proxy_support,radius_free_proxy_observations,0.984126,0.000000,0,0,0,0,0,1,foot,left,left_foot,left_foot,0.930020,6.669746,653.152,838.345,618.000,844.000,0.098543,0.098543,6.817249,6.718706,4.252335,6.718706,0.147503,sequence_se3_optimizer
39,1.266667,-0.924309,0.909810,6.712729,1.000000,0.000000,0.000000,0.000000,0.120000,gvhmr_incam,653.814,838.171,,653.814,838.171,,,868.998,proxy_support,radius_free_proxy_observations,0.984126,0.000000,0,0,0,0,0,1,foot,left,left_foot,left_foot,0.928937,6.659429,653.814,838.171,618.000,847.000,0.027629,0.027629,6.746335,6.718706,4.241258,6.718706,0.086906,sequence_se3_optimizer
40,1.300000,-0.923080,0.909862,6.712008,1.000000,0.000000,0.000000,0.000000,0.120000,gvhmr_incam,653.481,838.188,,653.481,838.188,,,868.998,proxy_support,radius_free_proxy_observations,0.984126,0.000000,0,0,0,0,0,0,foot,left,left_foot,left_foot,0.930002,6.648218,653.481,838.188,616.000,845.000,0.017574,0.017574,6.736280,6.718706,4.225580,6.718706,0.088062,sequence_se3_optimizer
41,1.333333,-0.921770,0.909889,6.711240,1.000000,0.000000,0.000000,0.000000,0.120000,gvhmr_incam,653.469,838.188,,653.469,838.188,,,868.998,proxy_support,radius_free_proxy_observations,0.984126,0.000000,0,0,0,0,0,0,foot,left,left_foot,left_foot,0.931678,6.635000,653.469,838.188,618.000,843.000,0.021087,0.021087,6.739793,6.718706,4.210268,6.718706,0.104793,sequence_se3_optimizer
42,1.366667,-0.920363,0.909883,6.710413,1.000000,0.000000,0.000000,0.000000,0.120000,gvhmr_incam,653.546,838.162,,653.546,838.162,,,868.998,proxy_support,radius_free_proxy_observations,0.984126,0.000000,0,0,0,0,0,0,foot,left,left_foot,left_foot,0.935024,6.634801,653.546,838.162,618.000,846.000,0.015268,0.015268,6.733974,6.718706,4.191027,6.718706,0.099173,sequence_se3_optimizer
43,1.400000,-0.918843,0.909836,6.709515,1.000000,0.000000,0.000000,0.000000,0.120000,gvhmr_incam,653.704,838.100,,653.704,838.100,,,868.998,proxy_support,radius_free_proxy_observations,0.984126,0.000000,0,0,0,1,0,1,floor,,floor,left_foot,0.941473,6.633226,653.704,838.100,619.000,854.000,-0.006599,-0.006599,6.712107,6.718706,4.185947,6.718706,0.078881,sequence_se3_optimizer
44,1.433333,-0.917146,0.909723,6.708510,1.000000,0.000000,0.000000,0.000000,0.120000,gvhmr_incam,653.766,838.099,,653.766,838.099,,,868.998,proxy_support,radius_free_proxy_observations,0.984126,0.000000,0,0,0,0,0,1,foot,left,left_foot,left_foot,0.948225,6.646417,653.766,838.099,619.000,854.000,-0.000058,-0.000058,6.718648,6.718706,4.175387,6.718706,0.072231,sequence_se3_optimizer
45,1.466667,-0.915152,0.909497,6.707352,1.000000,0.000000,0.000000,0.000000,0.120000,gvhmr_incam,653.733,838.241,,653.733,838.241,,,868.998,proxy_support,radius_free_proxy_observations,0.984126,0.000000,0,0,0,0,0,1,foot,left,left_foot,left_foot,0.954336,6.645915,653.733,838.241,619.000,854.000,0.000693,0.000693,6.719399,6.718706,4.147444,6.718706,0.073484,sequence_se3_optimizer
46,1.500000,-0.912863,0.909134,6.706035,1.000000,0.000000,0.000000,0.000000,0.120000,gvhmr_incam,653.850,838.156,,653.850,838.156,,,868.998,proxy_support,radius_free_proxy_observations,0.984126,0.000000,0,0,0,0,0,1,foot,left,left_foot,left_foot,0.959647,6.659759,653.850,838.156,619.000,854.000,0.017407,0.017407,6.736113,6.718706,4.126737,6.718706,0.076354,sequence_se3_optimizer
47,1.533333,-0.910290,0.908604,6.704551,1.000000,0.000000,0.000000,0.000000,0.120000,gvhmr_incam,653.747,838.145,,653.747,838.145,,,868.998,proxy_support,radius_free_proxy_observations,0.984126,0.000000,0,0,0,0,0,1,foot,left,left_foot,left_foot,0.964267,6.652146,653.747,838.145,619.000,854.000,-0.021845,-0.021845,6.696861,6.718706,4.124996,6.718706,0.044714,sequence_se3_optimizer
48,1.566667,-0.907439,0.907872,6.702891,1.000000,0.000000,0.000000,0.000000,0.120000,gvhmr_incam,653.966,838.133,,653.966,838.133,,,868.998,proxy_support,radius_free_proxy_observations,0.984126,0.000000,0,0,0,0,0,1,foot,left,left_foot,left_foot,0.968780,6.629023,653.966,838.133,619.000,854.000,-0.043465,-0.043465,6.675241,6.718706,4.102737,6.718706,0.046218,sequence_se3_optimizer
49,1.600000,-0.904328,0.906903,6.701046,1.000000,0.000000,0.000000,0.000000,0.120000,gvhmr_incam,653.962,838.107,,653.962,838.107,,,868.998,proxy_support,radius_free_proxy_observations,0.984126,0.000000,0,0,0,0,0,1,foot,left,left_foot,left_foot,0.969056,6.647145,653.962,838.107,620.000,854.000,0.000840,0.000840,6.719546,6.718706,4.240897,6.718706,0.072400,sequence_se3_optimizer
50,1.633333,-0.900324,0.899753,6.698831,1.000000,0.000000,0.000000,0.000000,0.120000,gvhmr_incam,654.115,838.037,,654.115,838.037,,,868.998,proxy_support,radius_free_proxy_observations,0.984126,0.000000,0,0,0,0,1,1,foot,left,left_foot,left_foot,0.972070,6.657468,654.115,838.037,619.000,854.000,0.057731,0.057731,6.776437,6.718706,4.371699,6.718706,0.118969,sequence_se3_optimizer
51,1.666667,-0.895893,0.888085,6.696288,1.000000,0.000000,0.000000,0.000000,0.120000,gvhmr_incam,653.866,838.142,,653.866,838.142,,,868.998,proxy_support,radius_free_proxy_observations,0.984126,0.000000,1,0,1,0,1,0,foot,left,left_foot,left_foot,0.970985,6.684716,653.866,838.142,620.000,854.000,-0.033990,-0.033990,6.684716,6.718706,4.650884,6.718706,0.000000,sequence_se3_optimizer
52,1.700000,-0.872119,0.806691,6.692930,1.000000,0.000000,0.000000,0.000000,0.120000,gvhmr_incam,682.704,787.710,,682.704,787.710,,,868.998,proxy_support,radius_free_proxy_observations,0.984126,0.000000,0,0,0,0,1,0,foot,right,right_foot,right_foot,0.910504,6.355902,682.704,787.710,660.000,813.000,1.512038,0.000000,6.706854,6.707537,4.769032,6.707537,0.350952,sequence_se3_optimizer
53,1.733333,-0.848153,0.725027,6.689321,1.000000,0.000000,0.000000,0.000000,0.120000,gvhmr_incam,682.303,787.945,,682.303,787.945,,,868.998,proxy_support,radius_free_proxy_observations,0.984126,0.000000,0,0,0,0,1,0,foot,right,right_foot,right_foot,0.866439,6.322678,682.303,787.945,662.000,813.000,0.833151,0.833151,7.528202,6.696368,4.916159,6.696368,1.205525,sequence_se3_optimizer
54,1.766667,-0.823791,0.509314,6.685073,1.000000,0.000000,0.000000,0.000000,0.120000,gvhmr_incam,700.809,711.024,,700.809,711.024,,,868.998,proxy_support,radius_free_proxy_observations,0.984126,0.000000,0,0,0,0,0,0,foot,right,right_foot,right_foot,0.796227,6.280542,700.809,711.024,693.000,746.000,4.770869,0.000000,6.683362,6.685199,4.932769,6.685199,0.402820,sequence_se3_optimizer
55,1.800000,-0.799149,0.293421,6.680234,1.000000,0.000000,0.000000,0.000000,0.120000,gvhmr_incam,711.371,631.171,,711.371,631.171,,,868.998,proxy_support,radius_free_proxy_observations,0.984126,0.000000,0,0,0,0,0,0,foot,right,right_foot,right_foot,0.745731,6.272756,711.371,631.171,717.000,673.000,30.919140,0.000000,6.671873,6.674030,5.142145,6.674030,0.399118,sequence_se3_optimizer
56,1.833333,-0.773940,0.111285,6.668599,1.000000,0.000000,0.000000,0.000000,0.120000,gvhmr_incam,716.724,576.812,,716.724,576.812,,,868.998,proxy_support,radius_free_proxy_observations,0.984126,0.000000,0,0,0,0,0,0,foot,right,right_foot,right_foot,0.729819,6.284856,716.724,576.812,709.000,622.000,0.107748,0.107748,6.767892,6.662861,5.196296,6.662861,0.483036,sequence_se3_optimizer
57,1.866667,-0.748964,-0.052942,6.656033,1.000000,0.000000,0.000000,0.000000,0.120000,gvhmr_incam,724.903,523.836,,724.903,523.836,,,868.998,proxy_support,radius_free_proxy_observations,0.984126,0.000000,0,0,0,0,0,0,foot,right,right_foot,right_foot,0.742139,6.307447,724.903,523.836,723.000,572.000,-0.936571,-0.936571,5.711968,6.651693,5.241144,6.651693,-0.595479,sequence_se3_optimizer
58,1.900000,-0.725519,-0.177568,6.643361,1.000000,0.000000,0.000000,0.000000,0.120000,gvhmr_incam,732.455,473.137,,732.455,473.137,,,868.998,proxy_support,radius_free_proxy_observations,0.984126,0.000000,0,0,0,0,0,0,foot,right,right_foot,right_foot,0.768792,6.316226,732.455,473.137,716.000,518.000,-0.139657,-0.139657,6.497483,6.640524,5.152971,6.640524,0.181256,sequence_se3_optimizer
59,1.933333,-0.703054,-0.234386,6.630902,1.000000,0.000000,0.000000,0.000000,0.120000,gvhmr_incam,733.883,471.808,,733.883,471.808,,,868.998,proxy_support,radius_free_proxy_observations,0.984126,0.000000,0,0,0,0,0,0,foot,right,right_foot,right_foot,0.799449,6.338621,733.883,471.808,717.000,517.000,-0.213584,-0.213584,6.412549,6.629355,5.291591,6.629355,0.073928,sequence_se3_optimizer
60,1.966667,-0.685675,-0.338827,6.618776,1.000000,0.000000,0.000000,0.000000,0.120000,gvhmr_incam,736.776,428.165,,736.776,428.165,,,868.998,proxy_support,radius_free_proxy_observations,0.984126,0.000000,0,0,0,0,0,0,foot,right,right_foot,right_foot,0.844302,6.370371,736.776,428.165,720.000,475.000,30.348254,0.000000,6.614957,6.618186,5.391374,6.618186,0.244586,sequence_se3_optimizer
61,2.000000,-0.669110,-0.443873,6.606903,1.000000,0.000000,0.000000,0.000000,0.120000,gvhmr_incam,739.852,391.241,,739.852,391.241,,,868.998,proxy_support,radius_free_proxy_observations,0.984126,0.000000,0,0,0,0,0,0,foot,right,right_foot,right_foot,0.880494,6.400135,739.852,391.241,722.000,440.000,30.329569,0.000000,6.604035,6.607017,5.605438,6.607017,0.203900,sequence_se3_optimizer
62,2.033333,-0.664700,-0.548854,6.595407,1.000000,0.000000,0.000000,0.000000,0.120000,gvhmr_incam,739.156,357.469,,739.156,357.469,,,868.998,proxy_support,radius_free_proxy_observations,0.984126,0.000000,0,0,0,0,0,0,foot,right,right_foot,right_foot,0.908206,6.438030,739.156,357.469,728.000,409.000,30.137806,0.000000,6.593132,6.595848,5.631963,6.595848,0.155102,sequence_se3_optimizer
63,2.066667,-0.660884,-0.597579,6.584147,1.000000,0.000000,0.000000,0.000000,0.120000,gvhmr_incam,740.762,331.639,,740.762,331.639,,,868.998,proxy_support,radius_free_proxy_observations,0.984126,0.000000,0,0,0,0,0,0,foot,left,left_foot,left_foot,0.965732,6.783067,740.762,331.639,725.000,380.000,0.093261,0.093261,6.675652,6.584680,5.592830,6.584680,-0.107415,sequence_se3_optimizer
64,2.100000,-0.657222,-0.633816,6.572972,1.000000,0.000000,0.000000,0.000000,0.120000,gvhmr_incam,740.644,331.136,,740.644,331.136,,,868.998,proxy_support,radius_free_proxy_observations,0.984126,0.000000,0,0,0,0,0,0,foot,left,left_foot,left_foot,0.965012,6.784360,740.644,331.136,726.000,380.000,0.083061,0.083061,6.655147,6.573511,5.589832,6.573511,-0.129214,sequence_se3_optimizer
65,2.133333,-0.653683,-0.669569,6.561855,1.000000,0.000000,0.000000,0.000000,0.120000,gvhmr_incam,739.000,322.000,,739.000,322.000,,,868.998,proxy_support,radius_free_proxy_observations,0.984126,0.000000,0,0,0,0,0,0,foot,left,left_foot,left_foot,0.965478,6.766666,739.000,322.000,727.000,359.000,30.078560,0.000000,6.561384,6.562342,5.584080,6.562342,-0.205282,sequence_se3_optimizer
66,2.166667,-0.650244,-0.705096,6.550768,1.000000,0.000000,0.000000,0.000000,0.120000,gvhmr_incam,741.410,300.780,,741.410,300.780,,,868.998,proxy_support,radius_free_proxy_observations,0.984126,0.000000,0,0,0,0,0,0,foot,left,left_foot,left_foot,0.965444,6.758062,741.410,300.780,731.000,343.000,30.118991,0.000000,6.550307,6.551173,5.573261,6.551173,-0.207755,sequence_se3_optimizer
67,2.200000,-0.647076,-0.725807,6.539746,1.000000,0.000000,0.000000,0.000000,0.120000,gvhmr_incam,742.876,289.768,,742.876,289.768,,,868.998,proxy_support,radius_free_proxy_observations,0.984126,0.000000,0,0,0,0,0,0,foot,left,left_foot,left_foot,0.966904,6.746090,742.876,289.768,733.000,334.000,-0.094519,-0.094519,6.444824,6.540004,5.555459,6.540004,-0.301267,sequence_se3_optimizer
68,2.233333,-0.644010,-0.743009,6.528748,1.000000,0.000000,0.000000,0.000000,0.120000,gvhmr_incam,743.253,290.267,,743.253,290.267,,,868.998,proxy_support,radius_free_proxy_observations,0.984126,0.000000,0,0,0,0,0,0,foot,left,left_foot,left_foot,0.966239,6.736064,743.253,290.267,731.000,334.000,-0.021926,-0.021926,6.506583,6.528835,5.548757,6.528835,-0.229481,sequence_se3_optimizer
69,2.266667,-0.641022,-0.742123,6.517748,1.000000,0.000000,0.000000,0.000000,0.120000,gvhmr_incam,743.808,287.364,,743.808,287.364,,,868.998,proxy_support,radius_free_proxy_observations,0.984126,0.000000,0,0,0,0,0,0,foot,left,left_foot,left_foot,0.966362,6.726187,743.808,287.364,734.000,328.000,30.176993,0.000000,6.517396,6.517666,5.545225,6.517666,-0.208791,sequence_se3_optimizer
70,2.300000,-0.638093,-0.740715,6.506720,1.000000,0.000000,0.000000,0.000000,0.120000,gvhmr_incam,744.791,289.624,,744.791,289.624,,,868.998,proxy_support,radius_free_proxy_observations,0.984126,0.000000,0,0,0,0,0,0,foot,left,left_foot,left_foot,0.965999,6.719376,744.791,289.624,737.000,330.000,30.163286,0.000000,6.506253,6.506498,5.609003,6.506498,-0.213123,sequence_se3_optimizer
71,2.333333,-0.635303,-0.722247,6.495613,1.000000,0.000000,0.000000,0.000000,0.120000,gvhmr_incam,744.361,293.179,,744.361,293.179,,,868.998,proxy_support,radius_free_proxy_observations,0.984126,0.000000,0,0,0,0,0,0,foot,left,left_foot,left_foot,0.965139,6.711821,744.361,293.179,735.000,334.000,0.081958,0.081958,6.576896,6.495329,5.644243,6.495329,-0.134925,sequence_se3_optimizer
72,2.366667,-0.632645,-0.696293,6.484412,1.000000,0.000000,0.000000,0.000000,0.120000,gvhmr_incam,746.498,302.977,,746.498,302.977,,,868.998,proxy_support,radius_free_proxy_observations,0.984126,0.000000,0,0,0,0,0,0,foot,left,left_foot,left_foot,0.965393,6.704587,746.498,302.977,745.000,344.000,0.015348,0.015348,6.499013,6.484160,5.673304,6.484160,-0.205574,sequence_se3_optimizer
73,2.400000,-0.630127,-0.665278,6.473092,1.000000,0.000000,0.000000,0.000000,0.120000,gvhmr_incam,748.150,319.512,,748.150,319.512,,,868.998,proxy_support,radius_free_proxy_observations,0.984126,0.000000,0,0,0,0,0,0,foot,left,left_foot,left_foot,0.963527,6.707830,748.150,319.512,731.000,356.000,30.136493,0.000000,6.472410,6.472991,5.679805,6.472991,-0.235420,sequence_se3_optimizer
74,2.433333,-0.627749,-0.632914,6.461645,1.000000,0.000000,0.000000,0.000000,0.120000,gvhmr_incam,748.607,320.629,,748.607,320.629,,,868.998,proxy_support,radius_free_proxy_observations,0.984126,0.000000,0,0,0,0,0,0,foot,left,left_foot,left_foot,0.956358,6.707711,748.607,320.629,735.000,356.000,30.139490,0.000000,6.460595,6.461822,5.702903,6.461822,-0.247116,sequence_se3_optimizer
75,2.466667,-0.625523,-0.583313,6.450049,1.000000,0.000000,0.000000,0.000000,0.120000,gvhmr_incam,749.805,337.679,,749.805,337.679,,,868.998,proxy_support,radius_free_proxy_observations,0.984126,0.000000,0,0,0,0,0,0,foot,left,left_foot,left_foot,0.942695,6.695614,749.805,337.679,738.000,375.000,0.055558,0.055558,6.504579,6.450653,5.765690,6.450653,-0.191035,sequence_se3_optimizer
76,2.500000,-0.623444,-0.516386,6.438294,1.000000,0.000000,0.000000,0.000000,0.120000,gvhmr_incam,750.508,360.670,,750.508,360.670,,,868.998,proxy_support,radius_free_proxy_observations,0.984126,0.000000,0,0,0,0,0,0,foot,left,left_foot,left_foot,0.925117,6.683561,750.508,360.670,731.000,397.000,30.078836,0.000000,6.437442,6.439484,5.842658,6.439484,-0.246120,sequence_se3_optimizer
77,2.533333,-0.621526,-0.448651,6.426362,1.000000,0.000000,0.000000,0.000000,0.120000,gvhmr_incam,750.450,390.604,,750.450,390.604,,,868.998,proxy_support,radius_free_proxy_observations,0.984126,0.000000,0,0,0,0,0,0,foot,left,left_foot,left_foot,0.908080,6.657537,750.450,390.604,740.000,427.000,30.025350,0.000000,6.425905,6.428316,5.846794,6.428316,-0.231633,sequence_se3_optimizer
78,2.566667,-0.619764,-0.380333,6.414249,1.000000,0.000000,0.000000,0.000000,0.120000,gvhmr_incam,752.857,421.011,,752.857,421.011,,,868.998,proxy_support,radius_free_proxy_observations,0.984126,0.000000,0,0,0,0,0,0,foot,left,left_foot,left_foot,0.895331,6.634738,752.857,421.011,735.000,457.000,29.798911,0.000000,6.414403,6.417147,5.872173,6.417147,-0.220335,sequence_se3_optimizer
79,2.600000,-0.618138,-0.311366,6.401967,1.000000,0.000000,0.000000,0.000000,0.120000,gvhmr_incam,753.021,422.541,,753.021,422.541,,,868.998,proxy_support,radius_free_proxy_observations,0.984126,0.000000,0,0,0,0,0,0,foot,left,left_foot,left_foot,0.885755,6.607553,753.021,422.541,735.000,457.000,29.686597,0.000000,6.402470,6.405978,5.911569,6.405978,-0.205083,sequence_se3_optimizer
80,2.633333,-0.616631,-0.220907,6.389503,1.000000,0.000000,0.000000,0.000000,0.120000,gvhmr_incam,752.208,458.373,,752.208,458.373,,,868.998,proxy_support,radius_free_proxy_observations,0.984126,0.000000,0,0,0,0,0,0,foot,left,left_foot,left_foot,0.872569,6.577150,752.208,458.373,739.000,495.000,29.914649,0.000000,6.391003,6.394809,5.927156,6.394809,-0.186148,sequence_se3_optimizer
81,2.666667,-0.615221,-0.128893,6.376843,1.000000,0.000000,0.000000,0.000000,0.120000,gvhmr_incam,749.915,496.014,,749.915,496.014,,,868.998,proxy_support,radius_free_proxy_observations,0.984126,0.000000,0,0,0,0,0,0,foot,left,left_foot,left_foot,0.855534,6.538516,749.915,496.014,738.000,533.000,0.041857,0.041857,6.421546,6.383640,6.023659,6.383640,-0.116969,sequence_se3_optimizer
82,2.700000,-0.613948,-0.036972,6.363829,1.000000,0.000000,0.000000,0.000000,0.120000,gvhmr_incam,749.826,541.187,,749.826,541.187,,,868.998,proxy_support,radius_free_proxy_observations,0.984126,0.000000,0,0,0,0,0,0,foot,left,left_foot,left_foot,0.829537,6.496181,749.826,541.187,744.000,582.000,29.915344,0.000000,6.368703,6.372471,6.344843,6.372471,-0.127478,sequence_se3_optimizer
83,2.733333,-0.612803,0.034462,6.350568,1.000000,0.000000,0.000000,0.000000,0.120000,gvhmr_incam,749.961,543.330,,749.961,543.330,,,868.998,proxy_support,radius_free_proxy_observations,0.984126,0.000000,0,0,0,0,0,0,foot,left,left_foot,left_foot,0.807162,6.450233,749.961,543.330,744.000,582.000,0.019233,0.019233,6.377158,6.361302,6.404861,6.361302,-0.073074,sequence_se3_optimizer
84,2.766667,-0.611877,0.160062,6.336966,1.000000,0.000000,0.000000,0.000000,0.120000,gvhmr_incam,750.221,592.473,,750.221,592.473,,,868.998,proxy_support,radius_free_proxy_observations,0.984126,0.000000,0,0,0,0,0,0,foot,left,left_foot,left_foot,0.756940,6.395892,750.221,592.473,739.000,630.000,0.355920,0.355920,6.703242,6.350134,6.318473,6.350134,0.307349,sequence_se3_optimizer
85,2.800000,-0.611166,0.314096,6.323129,1.000000,0.000000,0.000000,0.000000,0.120000,gvhmr_incam,750.415,646.871,,750.415,646.871,,,868.998,proxy_support,radius_free_proxy_observations,0.984126,0.000000,0,0,0,0,0,0,foot,left,left_foot,left_foot,0.697362,6.362325,750.415,646.871,752.000,677.000,2.080746,0.000000,6.336965,6.338965,6.988802,6.338965,-0.025360,sequence_se3_optimizer
86,2.833333,-0.611007,0.467973,6.309316,1.000000,0.000000,0.000000,0.000000,0.120000,gvhmr_incam,749.690,705.028,,749.690,705.028,,,868.998,proxy_support,radius_free_proxy_observations,0.984126,0.000000,0,0,0,0,1,0,foot,left,left_foot,left_foot,0.648565,6.322186,749.690,705.028,767.000,735.000,0.564015,0.564015,6.890778,6.327796,7.652681,6.327796,0.568592,sequence_se3_optimizer
87,2.866667,-0.610962,0.525876,6.295615,1.000000,0.000000,0.000000,0.000000,0.120000,gvhmr_incam,749.134,732.573,,749.134,732.573,,,868.998,proxy_support,radius_free_proxy_observations,0.984126,0.000000,1,0,1,0,1,0,foot,left,left_foot,left_foot,0.637004,6.316627,749.134,732.573,768.000,756.000,-1.860545,0.000000,6.316627,6.316627,8.586805,6.316627,0.000000,sequence_se3_optimizer
88,2.900000,-0.610967,0.478646,6.281976,1.000000,0.000000,0.000000,0.000000,0.120000,gvhmr_incam,749.427,700.441,,749.427,700.441,,,868.998,proxy_support,radius_free_proxy_observations,0.984126,0.000000,0,0,0,0,1,0,foot,left,left_foot,left_foot,0.667221,6.324953,749.427,700.441,761.000,731.000,7.542696,0.000000,6.298666,6.298698,8.724409,6.298698,-0.026286,sequence_se3_optimizer
89,2.933333,-0.610999,0.430774,6.268371,1.000000,0.000000,0.000000,0.000000,0.120000,gvhmr_incam,749.669,698.530,,749.669,698.530,,,868.998,proxy_support,radius_free_proxy_observations,0.984126,0.000000,0,0,0,0,1,0,foot,left,left_foot,left_foot,0.700078,6.346881,749.669,698.530,755.000,732.000,6.433900,0.000000,6.280710,6.280769,8.616669,6.280769,-0.066171,sequence_se3_optimizer
90,2.966667,-0.611069,0.379291,6.254813,1.000000,0.000000,0.000000,0.000000,0.120000,gvhmr_incam,747.153,676.864,,747.153,676.864,,,868.998,proxy_support,radius_free_proxy_observations,0.984126,0.000000,0,0,0,0,0,0,foot,left,left_foot,left_foot,0.753248,6.378629,747.153,676.864,755.000,710.000,19.809847,0.000000,6.262762,6.262840,8.694907,6.262840,-0.115867,sequence_se3_optimizer
91,3.000000,-0.611192,0.327570,6.241351,1.000000,0.000000,0.000000,0.000000,0.120000,gvhmr_incam,743.886,652.106,,743.886,652.106,,,868.998,proxy_support,radius_free_proxy_observations,0.984126,0.000000,0,0,0,0,0,0,foot,left,left_foot,left_foot,0.816818,6.417973,743.886,652.106,736.000,678.000,0.355986,0.355986,6.600814,6.244911,8.988524,6.244911,0.182841,sequence_se3_optimizer
92,3.033333,-0.611390,0.275960,6.228145,1.000000,0.000000,0.000000,0.000000,0.120000,gvhmr_incam,743.780,633.705,,743.780,633.705,,,868.998,proxy_support,radius_free_proxy_observations,0.984126,0.000000,0,0,0,0,0,0,foot,left,left_foot,left_foot,0.874745,6.447020,743.780,633.705,745.000,667.000,0.581684,0.581684,6.808611,6.226981,8.350542,6.226981,0.361591,sequence_se3_optimizer
93,3.066667,-0.611653,0.239491,6.215304,1.000000,0.000000,0.000000,0.000000,0.120000,gvhmr_incam,742.111,622.901,,742.111,622.901,,,868.998,proxy_support,radius_free_proxy_observations,0.984126,0.000000,0,0,0,0,0,0,foot,left,left_foot,left_foot,0.912647,6.474052,742.111,622.901,745.000,663.000,28.632013,0.000000,6.208966,6.209052,7.582720,6.209052,-0.265086,sequence_se3_optimizer
94,3.100000,-0.611969,0.227038,6.202915,1.000000,0.000000,0.000000,0.000000,0.120000,gvhmr_incam,741.809,622.113,,741.809,622.113,,,868.998,proxy_support,radius_free_proxy_observations,0.984126,0.000000,0,0,0,0,0,0,foot,left,left_foot,left_foot,0.927800,6.494280,741.809,622.113,745.000,663.000,28.650083,0.000000,6.190970,6.191123,6.614482,6.191123,-0.303310,sequence_se3_optimizer
95,3.133333,-0.612334,0.227216,6.191049,1.000000,0.000000,0.000000,0.000000,0.120000,gvhmr_incam,741.106,619.174,,741.106,619.174,,,868.998,proxy_support,radius_free_proxy_observations,0.984126,0.000000,0,0,0,0,0,0,foot,left,left_foot,left_foot,0.939330,6.500692,741.106,619.174,747.000,659.000,28.658214,0.000000,6.173015,6.173194,6.358665,6.173194,-0.327676,sequence_se3_optimizer
96,3.166667,-0.612747,0.230100,6.179753,1.000000,0.000000,0.000000,0.000000,0.120000,gvhmr_incam,742.166,620.595,,742.166,620.595,,,868.998,proxy_support,radius_free_proxy_observations,0.984126,0.000000,0,0,0,0,0,0,foot,left,left_foot,left_foot,0.945571,6.493464,742.166,620.595,738.000,659.000,-2.013974,0.000000,6.155083,6.155265,6.146060,6.155265,-0.338382,sequence_se3_optimizer
97,3.200000,-0.613214,0.235273,6.169135,1.000000,0.000000,0.000000,0.000000,0.120000,gvhmr_incam,740.500,626.500,,740.500,626.500,,,868.998,proxy_support,radius_free_proxy_observations,0.984126,0.000000,0,0,0,0,0,0,foot,left,left_foot,left_foot,0.948775,6.482755,740.500,626.500,732.000,665.000,-1.445097,0.000000,6.137100,6.137336,6.119678,6.137336,-0.345655,sequence_se3_optimizer
98,3.233333,-0.613741,0.241809,6.159304,1.000000,0.000000,0.000000,0.000000,0.120000,gvhmr_incam,740.854,626.938,,740.854,626.938,,,868.998,proxy_support,radius_free_proxy_observations,0.984126,0.000000,0,0,0,0,0,0,foot,left,left_foot,left_foot,0.950547,6.481066,740.854,626.938,738.000,667.000,-0.929429,-0.929429,5.189807,6.119407,6.179110,6.119407,-1.291259,sequence_se3_optimizer
99,3.266667,-0.614338,0.249642,6.150347,1.000000,0.000000,0.000000,0.000000,0.120000,gvhmr_incam,741.964,629.445,,741.964,629.445,,,868.998,proxy_support,radius_free_proxy_observations,0.984126,0.000000,0,0,0,0,0,0,foot,left,left_foot,left_foot,0.951660,6.479768,741.964,629.445,726.000,671.000,-0.167794,-0.167794,5.933609,6.101478,6.345945,6.101478,-0.546159,sequence_se3_optimizer
100,3.300000,-0.615019,0.306469,6.142511,1.000000,0.000000,0.000000,0.000000,0.120000,gvhmr_incam,742.128,646.028,,742.128,646.028,,,868.998,proxy_support,radius_free_proxy_observations,0.984126,0.000000,0,0,0,0,0,0,foot,left,left_foot,left_foot,0.947617,6.477260,742.128,646.028,730.000,691.000,6.101841,0.000000,6.083470,6.083549,6.242263,6.083549,-0.393789,sequence_se3_optimizer
101,3.333333,-0.615797,0.371261,6.136240,1.000000,0.000000,0.000000,0.000000,0.120000,gvhmr_incam,743.449,672.964,,743.449,672.964,,,868.998,proxy_support,radius_free_proxy_observations,0.984126,0.000000,0,0,0,0,0,0,foot,right,right_foot,right_foot,0.817118,6.155277,743.449,672.964,722.000,719.000,28.923151,0.000000,6.065519,6.065620,6.069256,6.065620,-0.089758,sequence_se3_optimizer
102,3.366667,-0.616680,0.436135,6.133207,1.000000,0.000000,0.000000,0.000000,0.120000,gvhmr_incam,743.445,701.887,,743.445,701.887,,,868.998,proxy_support,radius_free_proxy_observations,0.984126,0.000000,0,0,0,0,0,0,foot,right,right_foot,right_foot,0.768735,6.071612,743.445,701.887,716.000,743.000,6.249532,0.000000,6.047609,6.047690,6.131514,6.047690,-0.024003,sequence_se3_optimizer
103,3.400000,-0.617620,0.500704,6.130733,1.000000,0.000000,0.000000,0.000000,0.120000,gvhmr_incam,742.455,728.398,,742.455,728.398,,,868.998,proxy_support,radius_free_proxy_observations,0.984126,0.000000,0,0,0,0,1,0,foot,right,right_foot,right_foot,0.717508,6.017938,742.455,728.398,722.000,776.000,-1.876007,0.000000,6.029717,6.029761,6.129268,6.029761,0.011779,sequence_se3_optimizer
104,3.433333,-0.618599,0.501180,6.128541,1.000000,0.000000,0.000000,0.000000,0.120000,gvhmr_incam,742.280,729.242,,742.280,729.242,,,868.998,proxy_support,radius_free_proxy_observations,0.984126,0.000000,1,0,1,0,1,0,foot,right,right_foot,right_foot,0.714968,6.011832,742.280,729.242,726.000,777.000,-1.881291,0.000000,6.011832,6.011832,6.130926,6.011832,0.000000,sequence_se3_optimizer
105,3.466667,-0.619623,0.438419,6.126586,1.000000,0.000000,0.000000,0.000000,0.120000,gvhmr_incam,740.928,702.666,,740.928,702.666,,,868.998,proxy_support,radius_free_proxy_observations,0.984126,0.000000,0,0,0,0,0,0,foot,right,right_foot,right_foot,0.748187,6.050996,740.928,702.666,728.000,744.000,6.128179,0.000000,6.018667,6.018810,5.997190,6.018810,-0.032329,sequence_se3_optimizer
106,3.500000,-0.620708,0.375179,6.124983,1.000000,0.000000,0.000000,0.000000,0.120000,gvhmr_incam,738.009,676.460,,738.009,676.460,,,868.998,proxy_support,radius_free_proxy_observations,0.984126,0.000000,0,0,0,0,0,0,foot,right,right_foot,right_foot,0.801684,6.112870,738.009,676.460,731.000,718.000,26.799161,0.000000,6.025509,6.025787,5.909076,6.025787,-0.087361,sequence_se3_optimizer
107,3.533333,-0.621861,0.311917,6.124084,1.000000,0.000000,0.000000,0.000000,0.120000,gvhmr_incam,735.443,651.343,,735.443,651.343,,,868.998,proxy_support,radius_free_proxy_observations,0.984126,0.000000,0,0,0,0,0,0,foot,right,right_foot,right_foot,0.862624,6.198735,735.443,651.343,724.000,695.000,29.674421,0.000000,6.032422,6.032765,6.112475,6.032765,-0.166313,sequence_se3_optimizer
108,3.566667,-0.623040,0.277554,6.123851,1.000000,0.000000,0.000000,0.000000,0.120000,gvhmr_incam,732.526,635.496,,732.526,635.496,,,868.998,proxy_support,radius_free_proxy_observations,0.984126,0.000000,0,0,0,0,0,0,foot,left,left_foot,left_foot,0.949032,6.554491,732.526,635.496,714.000,670.000,29.799957,0.000000,6.039300,6.039742,6.146594,6.039742,-0.515191,sequence_se3_optimizer
109,3.600000,-0.624211,0.247105,6.123809,1.000000,0.000000,0.000000,0.000000,0.120000,gvhmr_incam,731.823,633.213,,731.823,633.213,,,868.998,proxy_support,radius_free_proxy_observations,0.984126,0.000000,0,0,0,0,0,0,foot,left,left_foot,left_foot,0.951276,6.569620,731.823,633.213,715.000,671.000,30.494171,0.000000,6.046141,6.046720,5.913654,6.046720,-0.523480,sequence_se3_optimizer
110,3.633333,-0.625375,0.222433,6.123954,1.000000,0.000000,0.000000,0.000000,0.120000,gvhmr_incam,741.261,618.901,,741.261,618.901,,,868.998,proxy_support,radius_free_proxy_observations,0.984126,0.000000,0,0,0,0,0,0,foot,left,left_foot,left_foot,0.953848,6.546326,741.261,618.901,717.000,660.000,30.168844,0.000000,6.053342,6.053697,5.672062,6.053697,-0.492985,sequence_se3_optimizer
111,3.666667,-0.626532,0.198115,6.124274,1.000000,0.000000,0.000000,0.000000,0.120000,gvhmr_incam,732.957,615.410,,732.957,615.410,,,868.998,proxy_support,radius_free_proxy_observations,0.984126,0.000000,0,0,0,0,0,0,foot,left,left_foot,left_foot,0.954870,6.539706,732.957,615.410,715.000,651.000,-0.960427,-0.960427,5.099809,6.060675,5.313163,6.060675,-1.439896,sequence_se3_optimizer
112,3.700000,-0.627634,0.201959,6.125067,1.000000,0.000000,0.000000,0.000000,0.120000,gvhmr_incam,730.039,610.972,,730.039,610.972,,,868.998,proxy_support,radius_free_proxy_observations,0.984126,0.000000,0,0,0,0,0,0,foot,left,left_foot,left_foot,0.954053,6.538313,730.039,610.972,709.000,647.000,-1.001949,0.000000,6.067270,6.067652,5.035435,6.067652,-0.471043,sequence_se3_optimizer
113,3.733333,-0.628699,0.206103,6.126018,1.000000,0.000000,0.000000,0.000000,0.120000,gvhmr_incam,729.350,610.753,,729.350,610.753,,,868.998,proxy_support,radius_free_proxy_observations,0.984126,0.000000,0,0,0,0,0,0,foot,left,left_foot,left_foot,0.951183,6.531316,729.350,610.753,712.000,647.000,-0.925954,-0.925954,5.148370,6.074630,4.889572,6.074630,-1.382946,sequence_se3_optimizer
114,3.766667,-0.629742,0.210429,6.127059,1.000000,0.000000,0.000000,0.000000,0.120000,gvhmr_incam,727.646,612.999,,727.646,612.999,,,868.998,proxy_support,radius_free_proxy_observations,0.984126,0.000000,0,0,0,0,0,0,foot,left,left_foot,left_foot,0.948562,6.534696,727.646,612.999,710.000,649.000,-0.812673,-0.812673,5.268663,6.081607,4.883173,6.081607,-1.266033,sequence_se3_optimizer
115,3.800000,-0.630772,0.215002,6.128210,1.000000,0.000000,0.000000,0.000000,0.120000,gvhmr_incam,727.010,620.145,,727.010,620.145,,,868.998,proxy_support,radius_free_proxy_observations,0.984126,0.000000,0,0,0,0,0,0,foot,left,left_foot,left_foot,0.947260,6.533862,727.010,620.145,715.000,655.000,-0.688110,-0.688110,5.400201,6.088585,4.991440,6.088585,-1.133662,sequence_se3_optimizer
116,3.833333,-0.631781,0.225776,6.129581,1.000000,0.000000,0.000000,0.000000,0.120000,gvhmr_incam,724.708,624.816,,724.708,624.816,,,868.998,proxy_support,radius_free_proxy_observations,0.984126,0.000000,0,0,0,0,0,0,foot,left,left_foot,left_foot,0.947095,6.517689,724.708,624.816,721.000,667.000,0.010354,0.010354,6.105603,6.095562,5.133543,6.095562,-0.412086,sequence_se3_optimizer
117,3.866667,-0.632719,0.248033,6.131570,1.000000,0.000000,0.000000,0.000000,0.120000,gvhmr_incam,723.738,628.195,,723.738,628.195,,,868.998,proxy_support,radius_free_proxy_observations,0.984126,0.000000,0,0,0,0,0,0,foot,left,left_foot,left_foot,0.950080,6.515227,723.738,628.195,722.000,667.000,0.063189,0.063189,6.165373,6.102540,5.495071,6.102540,-0.349854,sequence_se3_optimizer
118,3.900000,-0.633561,0.271401,6.134189,1.000000,0.000000,0.000000,0.000000,0.120000,gvhmr_incam,722.984,640.907,,722.984,640.907,,,868.998,proxy_support,radius_free_proxy_observations,0.984126,0.000000,0,0,0,0,0,0,foot,left,left_foot,left_foot,0.952163,6.536375,722.984,640.907,701.000,685.000,30.221325,0.000000,6.108996,6.109517,5.575937,6.109517,-0.427378,sequence_se3_optimizer
119,3.933333,-0.634289,0.302080,6.137357,1.000000,0.000000,0.000000,0.000000,0.120000,gvhmr_incam,722.371,646.447,,722.371,646.447,,,868.998,proxy_support,radius_free_proxy_observations,0.984126,0.000000,0,0,0,0,0,0,foot,left,left_foot,left_foot,0.954443,6.533274,722.371,646.447,703.000,686.000,30.250908,0.000000,6.115849,6.116495,5.812554,6.116495,-0.417426,sequence_se3_optimizer
120,3.966667,-0.634874,0.360389,6.141063,1.000000,0.000000,0.000000,0.000000,0.120000,gvhmr_incam,718.847,667.274,,718.847,667.274,,,868.998,proxy_support,radius_free_proxy_observations,0.984126,0.000000,0,0,0,0,0,0,foot,left,left_foot,left_foot,0.956091,6.521947,718.847,667.274,700.000,702.000,28.565803,0.000000,6.122439,6.123472,5.801578,6.123472,-0.399508,sequence_se3_optimizer
121,4.000000,-0.635300,0.439156,6.145235,1.000000,0.000000,0.000000,0.000000,0.120000,gvhmr_incam,715.966,694.234,,715.966,694.234,,,868.998,proxy_support,radius_free_proxy_observations,0.984126,0.000000,0,0,0,0,0,0,foot,left,left_foot,left_foot,0.955074,6.514294,715.966,694.234,696.000,731.000,28.866682,0.000000,6.128955,6.130450,5.759545,6.130450,-0.385339,sequence_se3_optimizer
122,4.033333,-0.635531,0.518031,6.149826,1.000000,0.000000,0.000000,0.000000,0.120000,gvhmr_incam,713.618,724.342,,713.618,724.342,,,868.998,proxy_support,radius_free_proxy_observations,0.984126,0.000000,0,0,0,0,0,0,foot,left,left_foot,left_foot,0.952002,6.536430,713.618,724.342,686.000,765.000,3.918080,0.000000,6.135452,6.137427,5.555263,6.137427,-0.400978,sequence_se3_optimizer
123,4.066667,-0.635549,0.596303,6.154748,1.000000,0.000000,0.000000,0.000000,0.120000,gvhmr_incam,706.600,760.939,,706.600,760.939,,,868.998,proxy_support,radius_free_proxy_observations,0.984126,0.000000,0,0,0,0,0,0,foot,left,left_foot,left_foot,0.950676,6.517725,706.600,760.939,696.000,805.000,0.204630,0.204630,6.346447,6.144405,5.491998,6.144405,-0.171279,sequence_se3_optimizer
124,4.100000,-0.635484,0.595985,6.159761,1.000000,0.000000,0.000000,0.000000,0.120000,gvhmr_incam,706.793,759.274,,706.793,759.274,,,868.998,proxy_support,radius_free_proxy_observations,0.984126,0.000000,0,0,0,0,0,0,foot,right,right_foot,right_foot,0.880372,6.205692,706.793,759.274,677.000,799.000,-0.012718,-0.012718,6.136506,6.151382,8.355434,6.151382,-0.069186,sequence_se3_optimizer
125,4.133333,-0.635356,0.574015,6.164841,1.000000,0.000000,0.000000,0.000000,0.120000,gvhmr_incam,705.451,757.179,,705.451,757.179,,,868.998,proxy_support,radius_free_proxy_observations,0.984126,0.000000,0,0,0,0,1,0,foot,right,right_foot,right_foot,0.867800,6.196051,705.451,757.179,685.000,803.000,-1.659613,0.000000,6.156502,6.158360,11.494836,6.158360,-0.039549,sequence_se3_optimizer
126,4.166667,-0.635143,0.517686,6.170016,1.000000,0.000000,0.000000,0.000000,0.120000,gvhmr_incam,716.100,715.052,,716.100,715.052,,,868.998,proxy_support,radius_free_proxy_observations,0.984126,0.000000,0,0,0,0,0,0,foot,right,right_foot,right_foot,0.866076,6.209091,716.100,715.052,693.000,765.000,0.715549,0.715549,6.879185,6.165337,11.397107,6.165337,0.670094,sequence_se3_optimizer
127,4.200000,-0.634703,0.461335,6.175357,1.000000,0.000000,0.000000,0.000000,0.120000,gvhmr_incam,716.550,692.902,,716.550,692.902,,,868.998,proxy_support,radius_free_proxy_observations,0.984126,0.000000,0,0,0,0,0,0,foot,right,right_foot,right_foot,0.880901,6.229647,716.550,692.902,689.000,728.000,28.464436,0.000000,6.170647,6.172315,11.556174,6.172315,-0.059000,sequence_se3_optimizer
128,4.233333,-0.634145,0.410197,6.180733,1.000000,0.000000,0.000000,0.000000,0.120000,gvhmr_incam,715.326,692.329,,715.326,692.329,,,868.998,proxy_support,radius_free_proxy_observations,0.984126,0.000000,0,0,0,0,0,0,foot,left,left_foot,left_foot,0.950980,6.551075,715.326,692.329,697.000,729.000,27.556088,0.000000,6.177233,6.179292,11.530489,6.179292,-0.373842,sequence_se3_optimizer
129,4.266667,-0.633490,0.359265,6.186132,1.000000,0.000000,0.000000,0.000000,0.120000,gvhmr_incam,715.000,668.000,,715.000,668.000,,,868.998,proxy_support,radius_free_proxy_observations,0.984126,0.000000,0,0,0,0,0,0,foot,left,left_foot,left_foot,0.949338,6.569190,715.000,668.000,716.000,704.000,28.935915,0.000000,6.184222,6.186269,11.601319,6.186269,-0.384968,sequence_se3_optimizer
130,4.300000,-0.632738,0.308318,6.191547,1.000000,0.000000,0.000000,0.000000,0.120000,gvhmr_incam,714.837,658.477,,714.837,658.477,,,868.998,proxy_support,radius_free_proxy_observations,0.984126,0.000000,0,0,0,0,0,0,foot,left,left_foot,left_foot,0.950888,6.576986,714.837,658.477,717.000,681.000,30.456283,0.000000,6.191052,6.193247,11.561901,6.193247,-0.385934,sequence_se3_optimizer
131,4.333333,-0.631529,0.234738,6.196924,1.000000,0.000000,0.000000,0.000000,0.120000,gvhmr_incam,718.751,617.959,,718.751,617.959,,,868.998,proxy_support,radius_free_proxy_observations,0.984126,0.000000,0,0,0,0,0,0,foot,left,left_foot,left_foot,0.954242,6.555089,718.751,617.959,715.000,663.000,30.460349,0.000000,6.198442,6.200224,8.375340,6.200224,-0.356647,sequence_se3_optimizer
132,4.366667,-0.629974,0.161002,6.202084,1.000000,0.000000,0.000000,0.000000,0.120000,gvhmr_incam,721.952,599.175,,721.952,599.175,,,868.998,proxy_support,radius_free_proxy_observations,0.984126,0.000000,0,0,0,0,0,0,foot,left,left_foot,left_foot,0.956792,6.545426,721.952,599.175,722.000,657.000,-0.582209,-0.582209,5.623529,6.207202,5.195783,6.207202,-0.921897,sequence_se3_optimizer
133,4.400000,-0.628174,0.154450,6.206782,1.000000,0.000000,0.000000,0.000000,0.120000,gvhmr_incam,723.888,590.364,,723.888,590.364,,,868.998,proxy_support,radius_free_proxy_observations,0.984126,0.000000,0,0,0,0,0,0,foot,left,left_foot,left_foot,0.956363,6.544686,723.888,590.364,727.000,649.000,-0.158123,-0.158123,6.054814,6.214179,5.066875,6.214179,-0.489872,sequence_se3_optimizer
134,4.433333,-0.626324,0.148769,6.211347,1.000000,0.000000,0.000000,0.000000,0.120000,gvhmr_incam,725.767,590.790,,725.767,590.790,,,868.998,proxy_support,radius_free_proxy_observations,0.984126,0.000000,0,0,0,0,0,0,foot,left,left_foot,left_foot,0.950912,6.554090,725.767,590.790,728.000,650.000,-0.067678,-0.067678,6.152344,6.221157,4.834649,6.221157,-0.401745,sequence_se3_optimizer
135,4.466667,-0.624421,0.150346,6.215786,1.000000,0.000000,0.000000,0.000000,0.120000,gvhmr_incam,729.747,590.347,,729.747,590.347,,,868.998,proxy_support,radius_free_proxy_observations,0.984126,0.000000,0,0,0,0,0,0,foot,left,left_foot,left_foot,0.941370,6.575136,729.747,590.347,729.000,650.000,0.014408,0.014408,6.241479,6.228134,4.808501,6.228134,-0.333657,sequence_se3_optimizer
136,4.500000,-0.622459,0.152506,6.220099,1.000000,0.000000,0.000000,0.000000,0.120000,gvhmr_incam,733.629,594.130,,733.629,594.130,,,868.998,proxy_support,radius_free_proxy_observations,0.984126,0.000000,0,0,0,0,0,0,foot,left,left_foot,left_foot,0.929879,6.584943,733.629,594.130,726.000,653.000,-0.026358,-0.026358,6.207660,6.235112,4.902367,6.235112,-0.377283,sequence_se3_optimizer
137,4.533333,-0.620390,0.184759,6.224023,1.000000,0.000000,0.000000,0.000000,0.120000,gvhmr_incam,737.060,604.624,,737.060,604.624,,,868.998,proxy_support,radius_free_proxy_observations,0.984126,0.000000,0,0,0,0,0,0,foot,left,left_foot,left_foot,0.920067,6.596498,737.060,604.624,726.000,657.000,0.039384,0.039384,6.280249,6.242089,5.138368,6.242089,-0.316249,sequence_se3_optimizer
138,4.566667,-0.618247,0.220674,6.227425,1.000000,0.000000,0.000000,0.000000,0.120000,gvhmr_incam,743.387,625.487,,743.387,625.487,,,868.998,proxy_support,radius_free_proxy_observations,0.984126,0.000000,0,0,0,0,0,0,foot,left,left_foot,left_foot,0.912824,6.583804,743.387,625.487,729.000,670.000,30.697706,0.000000,6.247690,6.249067,5.785826,6.249067,-0.336113,sequence_se3_optimizer
139,4.600000,-0.616093,0.256902,6.230619,1.000000,0.000000,0.000000,0.000000,0.120000,gvhmr_incam,742.841,625.163,,742.841,625.163,,,868.998,proxy_support,radius_free_proxy_observations,0.984126,0.000000,0,0,0,0,0,0,foot,left,left_foot,left_foot,0.909685,6.564130,742.841,625.163,725.000,669.000,0.056777,0.056777,6.311397,6.256044,6.695621,6.256044,-0.252732,sequence_se3_optimizer
140,4.633333,-0.613931,0.306974,6.233600,1.000000,0.000000,0.000000,0.000000,0.120000,gvhmr_incam,744.982,642.215,,744.982,642.215,,,868.998,proxy_support,radius_free_proxy_observations,0.984126,0.000000,0,0,0,0,0,0,foot,left,left_foot,left_foot,0.905993,6.527433,744.982,642.215,723.000,685.000,30.597696,0.000000,6.261473,6.263022,7.602171,6.263022,-0.265959,sequence_se3_optimizer
141,4.666667,-0.611766,0.359389,6.236379,1.000000,0.000000,0.000000,0.000000,0.120000,gvhmr_incam,747.264,667.901,,747.264,667.901,,,868.998,proxy_support,radius_free_proxy_observations,0.984126,0.000000,0,0,0,0,0,0,foot,left,left_foot,left_foot,0.901145,6.503334,747.264,667.901,728.000,704.000,12.651392,0.000000,6.268332,6.269999,7.857266,6.269999,-0.235001,sequence_se3_optimizer
142,4.700000,-0.609648,0.422918,6.238211,1.000000,0.000000,0.000000,0.000000,0.120000,gvhmr_incam,749.004,698.536,,749.004,698.536,,,868.998,proxy_support,radius_free_proxy_observations,0.984126,0.000000,0,0,0,0,0,0,foot,left,left_foot,left_foot,0.888394,6.458119,749.004,698.536,733.000,738.000,23.342454,0.000000,6.275283,6.276977,7.728265,6.276977,-0.182836,sequence_se3_optimizer
143,4.733333,-0.607569,0.486488,6.239787,1.000000,0.000000,0.000000,0.000000,0.120000,gvhmr_incam,749.511,699.356,,749.511,699.356,,,868.998,proxy_support,radius_free_proxy_observations,0.984126,0.000000,0,0,0,0,0,0,foot,left,left_foot,left_foot,0.875586,6.421298,749.511,699.356,736.000,739.000,21.154296,0.000000,6.282872,6.283954,7.549232,6.283954,-0.138425,sequence_se3_optimizer
144,4.766667,-0.605531,0.549994,6.241117,1.000000,0.000000,0.000000,0.000000,0.120000,gvhmr_incam,751.924,729.204,,751.924,729.204,,,868.998,proxy_support,radius_free_proxy_observations,0.984126,0.000000,0,0,0,0,0,0,foot,left,left_foot,left_foot,0.849124,6.361738,751.924,729.204,744.000,770.000,0.761299,0.761299,7.051428,6.290932,7.249473,6.290932,0.689690,sequence_se3_optimizer
145,4.800000,-0.603519,0.613364,6.242290,1.000000,0.000000,0.000000,0.000000,0.120000,gvhmr_incam,753.686,761.492,,753.686,761.492,,,868.998,proxy_support,radius_free_proxy_observations,0.984126,0.000000,0,0,0,0,1,0,foot,left,left_foot,left_foot,0.821117,6.327109,753.686,761.492,746.000,804.000,-2.225793,0.000000,6.297486,6.297909,6.851649,6.297909,-0.029623,sequence_se3_optimizer
146,4.833333,-0.601555,0.655036,6.243222,1.000000,0.000000,0.000000,0.000000,0.120000,gvhmr_incam,755.143,780.037,,755.143,780.037,,,868.998,proxy_support,radius_free_proxy_observations,0.984126,0.000000,1,0,1,0,1,0,foot,left,left_foot,left_foot,0.798711,6.304887,755.143,780.037,754.000,811.000,-2.745536,0.000000,6.304887,6.304887,6.185794,6.304887,0.000000,sequence_se3_optimizer
147,4.866667,-0.599620,0.599351,6.244000,1.000000,0.000000,0.000000,0.000000,0.120000,gvhmr_incam,753.875,750.301,,753.875,750.301,,,868.998,proxy_support,radius_free_proxy_observations,0.984126,0.000000,0,0,0,0,1,0,foot,left,left_foot,left_foot,0.783458,6.298031,753.875,750.301,756.000,787.000,-2.488870,0.000000,6.300596,6.301158,6.329108,6.301158,0.002565,sequence_se3_optimizer
148,4.900000,-0.597720,0.530698,6.244564,1.000000,0.000000,0.000000,0.000000,0.120000,gvhmr_incam,753.510,712.851,,753.510,712.851,,,868.998,proxy_support,radius_free_proxy_observations,0.984126,0.000000,0,0,0,0,0,0,foot,left,left_foot,left_foot,0.780867,6.294330,753.510,712.851,753.000,754.000,4.167901,0.000000,6.296302,6.297430,6.346714,6.297430,0.001972,sequence_se3_optimizer
149,4.933333,-0.595842,0.461880,6.244989,1.000000,0.000000,0.000000,0.000000,0.120000,gvhmr_incam,753.461,712.037,,753.461,712.037,,,868.998,proxy_support,radius_free_proxy_observations,0.984126,0.000000,0,0,0,0,0,0,foot,left,left_foot,left_foot,0.788013,6.298361,753.461,712.037,748.000,755.000,4.219884,0.000000,6.292012,6.293701,6.840012,6.293701,-0.006348,sequence_se3_optimizer
150,4.966667,-0.593983,0.392927,6.245226,1.000000,0.000000,0.000000,0.000000,0.120000,gvhmr_incam,752.091,678.255,,752.091,678.255,,,868.998,proxy_support,radius_free_proxy_observations,0.984126,0.000000,0,0,0,0,0,0,foot,left,left_foot,left_foot,0.809541,6.312831,752.091,678.255,752.000,721.000,16.870442,0.000000,6.288424,6.289972,7.243397,6.289972,-0.024407,sequence_se3_optimizer
151,5.000000,-0.592127,0.323932,6.245289,1.000000,0.000000,0.000000,0.000000,0.120000,gvhmr_incam,752.724,651.585,,752.724,651.585,,,868.998,proxy_support,radius_free_proxy_observations,0.984126,0.000000,0,0,0,0,0,0,foot,left,left_foot,left_foot,0.841431,6.334833,752.724,651.585,753.000,693.000,29.067992,0.000000,6.284903,6.286244,7.592420,6.286244,-0.049930,sequence_se3_optimizer
152,5.033333,-0.590289,0.255102,6.244821,1.000000,0.000000,0.000000,0.000000,0.120000,gvhmr_incam,755.175,629.991,,755.175,629.991,,,868.998,proxy_support,radius_free_proxy_observations,0.984126,0.000000,0,0,0,0,0,0,foot,left,left_foot,left_foot,0.873592,6.369503,755.175,629.991,750.000,673.000,29.218198,0.000000,6.281422,6.282515,7.498868,6.282515,-0.088081,sequence_se3_optimizer
153,5.066667,-0.588478,0.219412,6.243841,1.000000,0.000000,0.000000,0.000000,0.120000,gvhmr_incam,757.770,611.264,,757.770,611.264,,,868.998,proxy_support,radius_free_proxy_observations,0.984126,0.000000,0,0,0,0,0,0,foot,left,left_foot,left_foot,0.899721,6.414446,757.770,611.264,741.000,655.000,29.115954,0.000000,6.277955,6.278786,7.383968,6.278786,-0.136491,sequence_se3_optimizer
154,5.100000,-0.586679,0.188529,6.242702,1.000000,0.000000,0.000000,0.000000,0.120000,gvhmr_incam,757.240,610.539,,757.240,610.539,,,868.998,proxy_support,radius_free_proxy_observations,0.984126,0.000000,0,0,0,0,0,0,foot,left,left_foot,left_foot,0.915321,6.439906,757.240,610.539,750.000,655.000,29.069241,0.000000,6.274303,6.275058,6.421849,6.275058,-0.165603,sequence_se3_optimizer
155,5.133333,-0.584874,0.166415,6.241389,1.000000,0.000000,0.000000,0.000000,0.120000,gvhmr_incam,756.568,598.808,,756.568,598.808,,,868.998,proxy_support,radius_free_proxy_observations,0.984126,0.000000,0,0,0,0,0,0,foot,left,left_foot,left_foot,0.930050,6.476343,756.568,598.808,741.000,646.000,-0.465440,-0.465440,5.805281,6.271329,6.203799,6.271329,-0.671062,sequence_se3_optimizer
156,5.166667,-0.583043,0.149419,6.239890,1.000000,0.000000,0.000000,0.000000,0.120000,gvhmr_incam,755.352,591.199,,755.352,591.199,,,868.998,proxy_support,radius_free_proxy_observations,0.984126,0.000000,0,0,0,0,0,0,foot,left,left_foot,left_foot,0.941624,6.500520,755.352,591.199,738.000,640.000,-0.338027,-0.338027,5.929059,6.267601,5.888542,6.267601,-0.571461,sequence_se3_optimizer
157,5.200000,-0.581177,0.151842,6.238206,1.000000,0.000000,0.000000,0.000000,0.120000,gvhmr_incam,754.315,589.790,,754.315,589.790,,,868.998,proxy_support,radius_free_proxy_observations,0.984126,0.000000,0,0,0,0,0,0,foot,left,left_foot,left_foot,0.947082,6.514389,754.315,589.790,738.000,639.000,-0.569346,-0.569346,5.694041,6.263872,5.661620,6.263872,-0.820348,sequence_se3_optimizer
158,5.233333,-0.579279,0.154653,6.236414,1.000000,0.000000,0.000000,0.000000,0.120000,gvhmr_incam,753.606,589.922,,753.606,589.922,,,868.998,proxy_support,radius_free_proxy_observations,0.984126,0.000000,0,0,0,0,0,0,foot,left,left_foot,left_foot,0.948849,6.522952,753.606,589.922,738.000,639.000,-0.296326,-0.296326,5.963325,6.260143,5.540057,6.260143,-0.559627,sequence_se3_optimizer
159,5.266667,-0.577327,0.158008,6.234489,1.000000,0.000000,0.000000,0.000000,0.120000,gvhmr_incam,751.829,595.874,,751.829,595.874,,,868.998,proxy_support,radius_free_proxy_observations,0.984126,0.000000,0,0,0,0,0,0,foot,left,left_foot,left_foot,0.950766,6.529712,751.829,595.874,738.000,644.000,-0.179418,-0.179418,6.076425,6.256415,5.420595,6.256415,-0.453287,sequence_se3_optimizer
160,5.300000,-0.575247,0.195985,6.232274,1.000000,0.000000,0.000000,0.000000,0.120000,gvhmr_incam,749.534,607.548,,749.534,607.548,,,868.998,proxy_support,radius_free_proxy_observations,0.984126,0.000000,0,0,0,0,0,0,foot,left,left_foot,left_foot,0.951466,6.535198,749.534,607.548,735.000,651.000,-0.619611,-0.619611,5.632378,6.252686,6.233476,6.252686,-0.902820,sequence_se3_optimizer
161,5.333333,-0.572707,0.258908,6.228185,1.000000,0.000000,0.000000,0.000000,0.120000,gvhmr_incam,750.500,632.000,,750.500,632.000,,,868.998,proxy_support,radius_free_proxy_observations,0.984126,0.000000,0,0,0,0,0,0,foot,left,left_foot,left_foot,0.950089,6.550727,750.500,632.000,747.000,669.000,-0.299551,-0.299551,5.948583,6.248957,7.118379,6.248957,-0.602144,sequence_se3_optimizer
162,5.366667,-0.569614,0.321849,6.221847,1.000000,0.000000,0.000000,0.000000,0.120000,gvhmr_incam,751.018,654.664,,751.018,654.664,,,868.998,proxy_support,radius_free_proxy_observations,0.984126,0.000000,0,0,0,0,0,0,foot,left,left_foot,left_foot,0.950037,6.563760,751.018,654.664,746.000,692.000,-1.019574,0.000000,6.244376,6.245229,7.175171,6.245229,-0.319384,sequence_se3_optimizer
163,5.400000,-0.565897,0.376570,6.213178,1.000000,0.000000,0.000000,0.000000,0.120000,gvhmr_incam,748.146,679.530,,748.146,679.530,,,868.998,proxy_support,radius_free_proxy_observations,0.984126,0.000000,0,0,0,0,0,0,foot,left,left_foot,left_foot,0.947726,6.577742,748.146,679.530,730.000,724.000,26.667603,0.000000,6.240655,6.241500,6.973769,6.241500,-0.337087,sequence_se3_optimizer
164,5.433333,-0.562032,0.427264,6.204254,1.000000,0.000000,0.000000,0.000000,0.120000,gvhmr_incam,749.181,682.052,,749.181,682.052,,,868.998,proxy_support,radius_free_proxy_observations,0.984126,0.000000,0,0,0,0,0,0,foot,left,left_foot,left_foot,0.947425,6.599618,749.181,682.052,732.000,724.000,26.893683,0.000000,6.237440,6.237772,6.925546,6.237772,-0.362178,sequence_se3_optimizer
165,5.466667,-0.558005,0.437873,6.195057,1.000000,0.000000,0.000000,0.000000,0.120000,gvhmr_incam,748.423,715.327,,748.423,715.327,,,868.998,proxy_support,radius_free_proxy_observations,0.984126,0.000000,0,0,0,0,0,0,foot,left,left_foot,left_foot,0.947316,6.568535,748.423,715.327,740.000,762.000,27.847059,0.000000,6.233838,6.234043,6.905356,6.234043,-0.334697,sequence_se3_optimizer
166,5.500000,-0.553752,0.399268,6.185495,1.000000,0.000000,0.000000,0.000000,0.120000,gvhmr_incam,749.528,669.230,,749.528,669.230,,,868.998,proxy_support,radius_free_proxy_observations,0.984126,0.000000,1,0,1,0,1,0,foot,right,right_foot,right_foot,0.870402,6.230314,749.528,669.230,722.000,800.000,-1.801245,0.000000,6.230314,6.230314,7.010700,6.230314,0.000000,sequence_se3_optimizer
167,5.533333,-0.548342,0.360563,6.173351,1.000000,0.000000,0.000000,0.000000,0.120000,gvhmr_incam,752.590,656.863,,752.590,656.863,,,868.998,proxy_support,radius_free_proxy_observations,0.984126,0.000000,0,0,0,0,0,0,foot,right,right_foot,right_foot,0.847104,6.186556,752.590,656.863,735.000,775.000,2.328455,0.000000,6.201302,6.202411,6.391483,6.202411,0.014745,sequence_se3_optimizer
168,5.566667,-0.540755,0.417827,6.156514,1.000000,0.000000,0.000000,0.000000,0.120000,gvhmr_incam,760.438,699.424,,760.438,699.424,,,868.998,proxy_support,radius_free_proxy_observations,0.984126,0.000000,0,0,0,0,0,0,foot,right,right_foot,right_foot,0.828089,6.146662,760.438,699.424,747.000,742.000,23.917826,0.000000,6.172429,6.174508,5.510124,6.174508,0.025768,sequence_se3_optimizer
169,5.600000,-0.532873,0.420736,6.139258,1.000000,0.000000,0.000000,0.000000,0.120000,gvhmr_incam,759.869,697.172,,759.869,697.172,,,868.998,proxy_support,radius_free_proxy_observations,0.984126,0.000000,0,0,0,0,0,0,foot,right,right_foot,right_foot,0.816648,6.116031,759.869,697.172,751.000,743.000,23.570671,0.000000,6.144313,6.146605,5.384168,6.146605,0.028282,sequence_se3_optimizer
170,5.633333,-0.524849,0.370273,6.121821,1.000000,0.000000,0.000000,0.000000,0.120000,gvhmr_incam,769.046,672.944,,769.046,672.944,,,868.998,proxy_support,radius_free_proxy_observations,0.984126,0.000000,0,0,0,0,0,0,foot,right,right_foot,right_foot,0.807513,6.096477,769.046,672.944,767.000,714.000,27.768708,0.000000,6.116806,6.118702,5.497203,6.118702,0.020330,sequence_se3_optimizer
171,5.666667,-0.516795,0.319652,6.104358,1.000000,0.000000,0.000000,0.000000,0.120000,gvhmr_incam,778.949,651.506,,778.949,651.506,,,868.998,proxy_support,radius_free_proxy_observations,0.984126,0.000000,0,0,0,0,0,0,foot,right,right_foot,right_foot,0.793150,6.079085,778.949,651.506,764.000,691.000,30.255559,0.000000,6.089360,6.090799,5.533016,6.090799,0.010275,sequence_se3_optimizer
172,5.700000,-0.508783,0.269221,6.086969,1.000000,0.000000,0.000000,0.000000,0.120000,gvhmr_incam,784.414,634.461,,784.414,634.461,,,868.998,proxy_support,radius_free_proxy_observations,0.984126,0.000000,0,0,0,0,0,0,foot,right,right_foot,right_foot,0.769063,6.060641,784.414,634.461,775.000,672.000,-0.327976,-0.327976,5.733871,6.062896,5.406999,6.062896,-0.326769,sequence_se3_optimizer
173,5.733333,-0.500871,0.250156,6.069739,1.000000,0.000000,0.000000,0.000000,0.120000,gvhmr_incam,785.408,632.492,,785.408,632.492,,,868.998,proxy_support,radius_free_proxy_observations,0.984126,0.000000,0,0,0,0,0,0,foot,right,right_foot,right_foot,0.736876,6.027090,785.408,632.492,778.000,673.000,-0.171909,-0.171909,5.862222,6.034993,5.245649,6.034993,-0.164869,sequence_se3_optimizer
174,5.766667,-0.493115,0.242771,6.052748,1.000000,0.000000,0.000000,0.000000,0.120000,gvhmr_incam,792.965,627.293,,792.965,627.293,,,868.998,proxy_support,radius_free_proxy_observations,0.984126,0.000000,0,0,0,0,0,0,foot,right,right_foot,right_foot,0.670826,5.983274,792.965,627.293,783.000,670.000,-0.041975,-0.041975,5.964546,6.007090,4.929659,6.007090,-0.018728,sequence_se3_optimizer
175,5.800000,-0.485548,0.235690,6.036046,1.000000,0.000000,0.000000,0.000000,0.120000,gvhmr_incam,797.064,623.894,,797.064,623.894,,,868.998,proxy_support,radius_free_proxy_observations,0.984126,0.000000,0,0,0,0,0,0,foot,right,right_foot,right_foot,0.590868,5.952873,797.064,623.894,788.000,670.000,-0.140345,-0.140345,5.838506,5.979187,4.857188,5.979187,-0.114367,sequence_se3_optimizer
176,5.833333,-0.478213,0.228634,6.019694,1.000000,0.000000,0.000000,0.000000,0.120000,gvhmr_incam,802.222,628.819,,802.222,628.819,,,868.998,proxy_support,radius_free_proxy_observations,0.984126,0.000000,0,0,0,0,0,0,foot,right,right_foot,right_foot,0.507109,5.943647,802.222,628.819,791.000,674.000,-0.114250,-0.114250,5.836874,5.951284,4.852798,5.951284,-0.106773,sequence_se3_optimizer
177,5.866667,-0.471020,0.221439,6.003557,1.000000,0.000000,0.000000,0.000000,0.120000,gvhmr_incam,802.294,630.595,,802.294,630.595,,,868.998,proxy_support,radius_free_proxy_observations,0.984126,0.000000,1,0,1,0,1,0,foot,right,right_foot,right_foot,0.451400,5.940228,802.294,630.595,795.000,674.000,0.016847,0.016847,5.940228,5.923381,4.791210,5.923381,0.000000,sequence_se3_optimizer
178,5.900000,-0.464043,0.150953,5.987746,1.000000,0.000000,0.000000,0.000000,0.120000,gvhmr_incam,804.180,582.952,,804.180,582.952,,,868.998,proxy_support,radius_free_proxy_observations,0.984126,0.000000,0,0,0,0,0,0,foot,right,right_foot,right_foot,0.423107,5.942747,804.180,582.952,799.000,623.000,0.093502,0.093502,6.016883,5.923381,4.704784,5.923381,0.074136,sequence_se3_optimizer
179,5.933333,-0.457159,0.080186,5.972073,1.000000,0.000000,0.000000,0.000000,0.120000,gvhmr_incam,802.523,580.622,,802.523,580.622,,,868.998,proxy_support,radius_free_proxy_observations,0.984126,0.000000,0,0,0,0,0,0,foot,right,right_foot,right_foot,0.428705,5.945221,802.523,580.622,797.000,623.000,0.071606,0.071606,5.994987,5.923381,4.764488,5.923381,0.049766,sequence_se3_optimizer
180,5.966667,-0.450456,-0.019117,5.956673,1.000000,0.000000,0.000000,0.000000,0.120000,gvhmr_incam,801.308,534.414,,801.308,534.414,,,868.998,proxy_support,radius_free_proxy_observations,0.984126,0.000000,0,0,0,0,0,0,foot,right,right_foot,right_foot,0.457787,5.940494,801.308,534.414,797.000,583.000,-0.182029,-0.182029,5.741352,5.923381,4.842524,5.923381,-0.199141,sequence_se3_optimizer
181,6.000000,-0.443907,-0.118666,5.941501,1.000000,0.000000,0.000000,0.000000,0.120000,gvhmr_incam,797.713,492.265,,797.713,492.265,,,868.998,proxy_support,radius_free_proxy_observations,0.984126,0.000000,0,0,0,0,0,0,foot,right,right_foot,right_foot,0.524277,5.947621,797.713,492.265,797.000,537.000,-0.092548,-0.092548,5.830833,5.923381,4.894007,5.923381,-0.116787,sequence_se3_optimizer
182,6.033333,-0.442205,-0.218050,5.938724,1.000000,0.000000,0.000000,0.000000,0.120000,gvhmr_incam,800.545,460.251,,800.545,460.251,,,868.998,proxy_support,radius_free_proxy_observations,0.984126,0.000000,0,0,0,0,0,0,foot,right,right_foot,right_foot,0.598362,5.963578,800.545,460.251,788.000,501.000,30.855041,0.000000,5.923381,5.923381,4.952740,5.923381,-0.040196,sequence_se3_optimizer
183,6.066667,-0.441247,-0.264661,5.937015,1.000000,0.000000,0.000000,0.000000,0.120000,gvhmr_incam,801.964,433.316,,801.964,433.316,,,868.998,proxy_support,radius_free_proxy_observations,0.984126,0.000000,0,0,0,0,0,0,foot,right,right_foot,right_foot,0.683658,6.007766,801.964,433.316,792.000,475.000,30.741381,0.000000,5.923381,5.923381,4.991091,5.923381,-0.084384,sequence_se3_optimizer
184,6.100000,-0.440407,-0.311058,5.935474,1.000000,0.000000,0.000000,0.000000,0.120000,gvhmr_incam,801.104,431.168,,801.104,431.168,,,868.998,proxy_support,radius_free_proxy_observations,0.984126,0.000000,0,0,0,0,0,0,foot,right,right_foot,right_foot,0.740150,6.059860,801.104,431.168,791.000,475.000,30.685682,0.000000,5.923381,5.923381,5.128233,5.923381,-0.136479,sequence_se3_optimizer
185,6.133333,-0.439672,-0.357262,5.934073,1.000000,0.000000,0.000000,0.000000,0.120000,gvhmr_incam,801.718,407.630,,801.718,407.630,,,868.998,proxy_support,radius_free_proxy_observations,0.984126,0.000000,0,0,0,0,0,0,foot,right,right_foot,right_foot,0.817394,6.155720,801.718,407.630,788.000,453.000,30.585159,0.000000,5.923381,5.923381,5.264304,5.923381,-0.232338,sequence_se3_optimizer
186,6.166667,-0.439029,-0.403297,5.932789,1.000000,0.000000,0.000000,0.000000,0.120000,gvhmr_incam,801.909,391.285,,801.909,391.285,,,868.998,proxy_support,radius_free_proxy_observations,0.984126,0.000000,0,0,0,0,0,0,foot,right,right_foot,right_foot,0.869994,6.243039,801.909,391.285,785.000,432.000,30.626762,0.000000,5.923381,5.923381,5.326827,5.923381,-0.319658,sequence_se3_optimizer
187,6.200000,-0.438639,-0.416529,5.931819,1.000000,0.000000,0.000000,0.000000,0.120000,gvhmr_incam,803.110,382.486,,803.110,382.486,,,868.998,proxy_support,radius_free_proxy_observations,0.984126,0.000000,0,0,0,0,0,0,foot,left,left_foot,left_foot,0.951228,6.575515,803.110,382.486,796.000,424.000,30.491531,0.000000,5.923381,5.923381,5.395582,5.923381,-0.652133,sequence_se3_optimizer
188,6.233333,-0.438340,-0.429316,5.930962,1.000000,0.000000,0.000000,0.000000,0.120000,gvhmr_incam,802.856,382.435,,802.856,382.435,,,868.998,proxy_support,radius_free_proxy_observations,0.984126,0.000000,0,0,0,0,0,0,foot,left,left_foot,left_foot,0.949854,6.576990,802.856,382.435,794.000,424.000,30.438942,0.000000,5.923381,5.923381,5.476280,5.923381,-0.653609,sequence_se3_optimizer
189,6.266667,-0.438119,-0.429530,5.930196,1.000000,0.000000,0.000000,0.000000,0.120000,gvhmr_incam,802.779,377.221,,802.779,377.221,,,868.998,proxy_support,radius_free_proxy_observations,0.984126,0.000000,0,0,0,0,0,0,foot,left,left_foot,left_foot,0.951699,6.552811,802.779,377.221,794.000,420.000,30.241360,0.000000,5.923381,5.923381,5.485362,5.923381,-0.629429,sequence_se3_optimizer
190,6.300000,-0.437939,-0.429482,5.929472,1.000000,0.000000,0.000000,0.000000,0.120000,gvhmr_incam,801.911,375.271,,801.911,375.271,,,868.998,proxy_support,radius_free_proxy_observations,0.984126,0.000000,0,0,0,0,0,0,foot,left,left_foot,left_foot,0.952854,6.529664,801.911,375.271,795.000,422.000,30.194412,0.000000,5.923381,5.923381,5.558458,5.923381,-0.606283,sequence_se3_optimizer
191,6.333333,-0.437824,-0.407976,5.928811,1.000000,0.000000,0.000000,0.000000,0.120000,gvhmr_incam,797.452,383.394,,797.452,383.394,,,868.998,proxy_support,radius_free_proxy_observations,0.984126,0.000000,0,0,0,0,0,0,foot,left,left_foot,left_foot,0.951901,6.523170,797.452,383.394,781.000,427.000,30.123059,0.000000,5.923381,5.923381,5.591014,5.923381,-0.599789,sequence_se3_optimizer
192,6.366667,-0.437772,-0.386095,5.928201,1.000000,0.000000,0.000000,0.000000,0.120000,gvhmr_incam,798.039,398.964,,798.039,398.964,,,868.998,proxy_support,radius_free_proxy_observations,0.984126,0.000000,0,0,0,0,0,0,foot,left,left_foot,left_foot,0.950629,6.527342,798.039,398.964,790.000,440.000,30.299396,0.000000,5.923381,5.923381,5.621475,5.923381,-0.603960,sequence_se3_optimizer
193,6.400000,-0.437879,-0.356265,5.927725,1.000000,0.000000,0.000000,0.000000,0.120000,gvhmr_incam,798.500,418.000,,798.500,418.000,,,868.998,proxy_support,radius_free_proxy_observations,0.984126,0.000000,0,0,0,0,0,0,foot,left,left_foot,left_foot,0.949533,6.524616,798.500,418.000,790.000,458.000,30.218858,0.000000,5.923381,5.923381,5.641147,5.923381,-0.601235,sequence_se3_optimizer
194,6.433333,-0.438047,-0.326066,5.927303,1.000000,0.000000,0.000000,0.000000,0.120000,gvhmr_incam,799.049,418.829,,799.049,418.829,,,868.998,proxy_support,radius_free_proxy_observations,0.984126,0.000000,0,0,0,0,0,0,foot,left,left_foot,left_foot,0.948558,6.514190,799.049,418.829,789.000,458.000,30.183841,0.000000,5.923381,5.923381,5.706389,5.923381,-0.590808,sequence_se3_optimizer
195,6.466667,-0.438248,-0.295570,5.926906,1.000000,0.000000,0.000000,0.000000,0.120000,gvhmr_incam,798.681,419.284,,798.681,419.284,,,868.998,proxy_support,radius_free_proxy_observations,0.984126,0.000000,0,0,0,0,0,0,foot,left,left_foot,left_foot,0.947813,6.506526,798.681,419.284,788.000,458.000,30.183417,0.000000,5.923381,5.923381,5.773830,5.923381,-0.583144,sequence_se3_optimizer
196,6.500000,-0.438485,-0.248553,5.926523,1.000000,0.000000,0.000000,0.000000,0.120000,gvhmr_incam,799.737,445.212,,799.737,445.212,,,868.998,proxy_support,radius_free_proxy_observations,0.984126,0.000000,0,0,0,0,0,0,foot,left,left_foot,left_foot,0.947822,6.496137,799.737,445.212,789.000,483.000,30.049298,0.000000,5.923381,5.923381,5.894348,5.923381,-0.572755,sequence_se3_optimizer
197,6.533333,-0.438799,-0.190874,5.926160,1.000000,0.000000,0.000000,0.000000,0.120000,gvhmr_incam,798.971,473.306,,798.971,473.306,,,868.998,proxy_support,radius_free_proxy_observations,0.984126,0.000000,0,0,0,0,0,0,foot,left,left_foot,left_foot,0.947044,6.498937,798.971,473.306,786.000,512.000,29.865474,0.000000,5.923381,5.923381,6.154364,5.923381,-0.575556,sequence_se3_optimizer
198,6.566667,-0.439321,-0.119122,5.925849,1.000000,0.000000,0.000000,0.000000,0.120000,gvhmr_incam,798.123,507.557,,798.123,507.557,,,868.998,proxy_support,radius_free_proxy_observations,0.984126,0.000000,0,0,0,0,0,0,foot,left,left_foot,left_foot,0.947532,6.501488,798.123,507.557,788.000,549.000,29.722783,0.000000,5.923381,5.923381,6.820956,5.923381,-0.578107,sequence_se3_optimizer
199,6.600000,-0.439914,-0.047091,5.925557,1.000000,0.000000,0.000000,0.000000,0.120000,gvhmr_incam,799.458,511.446,,799.458,511.446,,,868.998,proxy_support,radius_free_proxy_observations,0.984126,0.000000,0,0,0,0,0,0,foot,left,left_foot,left_foot,0.944004,6.508668,799.458,511.446,789.000,549.000,29.654746,0.000000,5.923381,5.923381,7.862309,5.923381,-0.585287,sequence_se3_optimizer
200,6.633333,-0.440592,0.047550,5.925277,1.000000,0.000000,0.000000,0.000000,0.120000,gvhmr_incam,800.494,550.610,,800.494,550.610,,,868.998,proxy_support,radius_free_proxy_observations,0.984126,0.000000,0,0,0,0,0,0,foot,left,left_foot,left_foot,0.939983,6.512749,800.494,550.610,784.000,589.000,29.627955,0.000000,5.923381,5.923381,8.873578,5.923381,-0.589367,sequence_se3_optimizer
201,6.666667,-0.441398,0.148210,5.925004,1.000000,0.000000,0.000000,0.000000,0.120000,gvhmr_incam,802.959,598.128,,802.959,598.128,,,868.998,proxy_support,radius_free_proxy_observations,0.984126,0.000000,0,0,0,0,0,0,foot,left,left_foot,left_foot,0.934510,6.503902,802.959,598.128,780.000,632.000,29.615899,0.000000,5.923381,5.923381,9.087919,5.923381,-0.580521,sequence_se3_optimizer
202,6.700000,-0.443561,0.250393,5.924781,1.000000,0.000000,0.000000,0.000000,0.120000,gvhmr_incam,801.366,653.906,,801.366,653.906,,,868.998,proxy_support,radius_free_proxy_observations,0.984126,0.000000,0,0,0,0,0,0,foot,left,left_foot,left_foot,0.932002,6.489279,801.366,653.906,788.000,681.000,29.610474,0.000000,5.923381,5.923381,9.032108,5.923381,-0.565897,sequence_se3_optimizer
203,6.733333,-0.445858,0.352788,5.924573,1.000000,0.000000,0.000000,0.000000,0.120000,gvhmr_incam,801.108,656.231,,801.108,656.231,,,868.998,proxy_support,radius_free_proxy_observations,0.984126,0.000000,0,0,0,0,0,0,foot,left,left_foot,left_foot,0.928633,6.483523,801.108,656.231,793.000,683.000,29.608032,0.000000,5.923381,5.923381,8.677210,5.923381,-0.560141,sequence_se3_optimizer
204,6.766667,-0.448314,0.492289,5.924376,1.000000,0.000000,0.000000,0.000000,0.120000,gvhmr_incam,802.345,716.156,,802.345,716.156,,,868.998,proxy_support,radius_free_proxy_observations,0.984126,0.000000,0,0,0,0,0,0,foot,left,left_foot,left_foot,0.926693,6.479043,802.345,716.156,775.000,744.000,25.133022,0.000000,5.923381,5.923381,8.177251,5.923381,-0.555661,sequence_se3_optimizer
205,6.800000,-0.450953,0.653185,5.924186,1.000000,0.000000,0.000000,0.000000,0.120000,gvhmr_incam,798.974,787.071,,798.974,787.071,,,868.998,proxy_support,radius_free_proxy_observations,0.984126,0.000000,0,0,0,0,0,0,foot,left,left_foot,left_foot,0.926340,6.458617,798.974,787.071,768.000,807.000,0.059081,0.059081,5.982462,5.923381,7.337014,5.923381,-0.476154,sequence_se3_optimizer
206,6.833333,-0.459557,0.814407,5.924061,1.000000,0.000000,0.000000,0.000000,0.120000,gvhmr_incam,799.446,851.837,,799.446,851.837,,,868.998,proxy_support,radius_free_proxy_observations,0.984126,0.000000,0,0,0,1,0,1,floor,,floor,left_foot,0.926126,6.447499,799.446,851.837,759.000,851.000,-0.790454,-0.790454,5.132927,5.923381,6.125801,5.923381,-1.314571,sequence_se3_optimizer
207,6.866667,-0.468541,0.782836,5.923975,1.000000,0.000000,0.000000,0.000000,0.120000,gvhmr_incam,795.254,835.365,,795.254,835.365,,,868.998,proxy_support,radius_free_proxy_observations,0.984126,0.000000,0,0,0,0,0,0,foot,left,left_foot,left_foot,0.927129,6.445594,795.254,835.365,756.000,845.000,-0.740207,-0.740207,5.183174,5.923381,4.917382,5.923381,-1.262419,sequence_se3_optimizer
208,6.900000,-0.477681,0.751109,5.923912,1.000000,0.000000,0.000000,0.000000,0.120000,gvhmr_incam,790.518,811.945,,790.518,811.945,,,868.998,proxy_support,radius_free_proxy_observations,0.984126,0.000000,0,0,0,0,0,0,foot,left,left_foot,left_foot,0.929629,6.452467,790.518,811.945,755.000,828.000,0.287368,0.287368,6.210749,5.923381,4.506349,5.923381,-0.241718,sequence_se3_optimizer
209,6.933333,-0.486855,0.719518,5.923856,1.000000,0.000000,0.000000,0.000000,0.120000,gvhmr_incam,789.276,810.296,,789.276,810.296,,,868.998,proxy_support,radius_free_proxy_observations,0.984126,0.000000,0,0,0,0,0,0,foot,left,left_foot,left_foot,0.932581,6.462844,789.276,810.296,754.000,827.000,0.445859,0.445859,6.369240,5.923381,4.366970,5.923381,-0.093604,sequence_se3_optimizer
210,6.966667,-0.496072,0.688744,5.923806,1.000000,0.000000,0.000000,0.000000,0.120000,gvhmr_incam,783.525,794.014,,783.525,794.014,,,868.998,proxy_support,radius_free_proxy_observations,0.984126,0.000000,0,0,0,0,0,0,foot,left,left_foot,left_foot,0.935955,6.478245,783.525,794.014,752.000,814.000,0.946141,0.946141,6.869522,5.923381,4.552490,5.923381,0.391277,sequence_se3_optimizer
211,7.000000,-0.505322,0.658263,5.923759,1.000000,0.000000,0.000000,0.000000,0.120000,gvhmr_incam,777.987,782.366,,777.987,782.366,,,868.998,proxy_support,radius_free_proxy_observations,0.984126,0.000000,0,0,0,0,0,0,foot,left,left_foot,left_foot,0.939528,6.489310,777.987,782.366,749.000,811.000,0.894881,0.894881,6.818262,5.923381,4.701865,5.923381,0.328953,sequence_se3_optimizer
212,7.033333,-0.514630,0.653432,5.923719,1.000000,0.000000,0.000000,0.000000,0.120000,gvhmr_incam,772.487,781.925,,772.487,781.925,,,868.998,proxy_support,radius_free_proxy_observations,0.984126,0.000000,0,0,0,0,0,0,foot,left,left_foot,left_foot,0.943270,6.499688,772.487,781.925,745.000,812.000,0.813120,0.813120,6.736501,5.923381,4.752838,5.923381,0.236813,sequence_se3_optimizer
213,7.066667,-0.523985,0.661898,5.923683,1.000000,0.000000,0.000000,0.000000,0.120000,gvhmr_incam,768.855,786.784,,768.855,786.784,,,868.998,proxy_support,radius_free_proxy_observations,0.984126,0.000000,0,0,0,0,0,0,foot,left,left_foot,left_foot,0.946397,6.509274,768.855,786.784,735.000,809.000,0.767764,0.767764,6.691145,5.923381,4.711850,5.923381,0.181871,sequence_se3_optimizer
214,7.100000,-0.533357,0.673898,5.923650,1.000000,0.000000,0.000000,0.000000,0.120000,gvhmr_incam,768.695,787.088,,768.695,787.088,,,868.998,proxy_support,radius_free_proxy_observations,0.984126,0.000000,0,0,0,0,0,0,foot,left,left_foot,left_foot,0.947073,6.510724,768.695,787.088,737.000,813.000,0.842481,0.842481,6.765862,5.923381,4.620256,5.923381,0.255139,sequence_se3_optimizer
215,7.133333,-0.542743,0.707258,5.923620,1.000000,0.000000,0.000000,0.000000,0.120000,gvhmr_incam,763.735,796.499,,763.735,796.499,,,868.998,proxy_support,radius_free_proxy_observations,0.984126,0.000000,0,0,0,0,0,0,foot,left,left_foot,left_foot,0.947568,6.516256,763.735,796.499,733.000,824.000,0.407120,0.407120,6.330501,5.923381,4.495021,5.923381,-0.185755,sequence_se3_optimizer
216,7.166667,-0.552140,0.740766,5.923592,1.000000,0.000000,0.000000,0.000000,0.120000,gvhmr_incam,754.862,815.727,,754.862,815.727,,,868.998,proxy_support,radius_free_proxy_observations,0.984126,0.000000,0,0,0,0,0,0,foot,left,left_foot,left_foot,0.946249,6.521276,754.862,815.727,720.000,841.000,0.027575,0.027575,5.950956,5.923381,4.348644,5.923381,-0.570320,sequence_se3_optimizer
217,7.200000,-0.561496,0.774065,5.923570,1.000000,0.000000,0.000000,0.000000,0.120000,gvhmr_incam,749.694,836.900,,749.694,836.900,,,868.998,proxy_support,radius_free_proxy_observations,0.984126,0.000000,0,0,0,0,0,0,foot,left,left_foot,left_foot,0.945630,6.520080,749.694,836.900,716.000,852.000,-0.127794,-0.127794,5.795587,5.923381,4.199907,5.923381,-0.724493,sequence_se3_optimizer
218,7.233333,-0.570808,0.792588,5.923550,1.000000,0.000000,0.000000,0.000000,0.120000,gvhmr_incam,748.831,837.478,,748.831,837.478,,,868.998,proxy_support,radius_free_proxy_observations,0.984126,0.000000,0,0,0,0,0,0,foot,left,left_foot,left_foot,0.944966,6.520792,748.831,837.478,715.000,849.000,0.006219,0.006219,5.929600,5.923381,4.075771,5.923381,-0.591192,sequence_se3_optimizer
219,7.266667,-0.580079,0.793837,5.923531,1.000000,0.000000,0.000000,0.000000,0.120000,gvhmr_incam,746.055,841.202,,746.055,841.202,,,868.998,proxy_support,radius_free_proxy_observations,0.984126,0.000000,0,0,0,1,0,1,floor,,floor,left_foot,0.944111,6.519918,746.055,841.202,710.000,854.000,0.003770,0.003770,5.927151,5.923381,3.993038,5.923381,-0.592767,sequence_se3_optimizer
220,7.300000,-0.589311,0.794719,5.923514,1.000000,0.000000,0.000000,0.000000,0.120000,gvhmr_incam,741.512,834.237,,741.512,834.237,,,868.998,proxy_support,radius_free_proxy_observations,0.984126,0.000000,0,0,0,0,0,0,foot,left,left_foot,left_foot,0.943475,6.526634,741.512,834.237,705.000,846.000,0.092609,0.092609,6.015990,5.923381,3.975673,5.923381,-0.510643,sequence_se3_optimizer
221,7.333333,-0.598427,0.794732,5.923498,1.000000,0.000000,0.000000,0.000000,0.120000,gvhmr_incam,736.294,828.672,,736.294,828.672,,,868.998,proxy_support,radius_free_proxy_observations,0.984126,0.000000,0,0,0,0,0,0,foot,left,left_foot,left_foot,0.943093,6.531160,736.294,828.672,703.000,844.000,0.208312,0.208312,6.131693,5.923381,4.002269,5.923381,-0.399466,sequence_se3_optimizer
222,7.366667,-0.607273,0.793795,5.923484,1.000000,0.000000,0.000000,0.000000,0.120000,gvhmr_incam,731.797,829.019,,731.797,829.019,,,868.998,proxy_support,radius_free_proxy_observations,0.984126,0.000000,0,0,0,0,0,0,foot,left,left_foot,left_foot,0.942699,6.532166,731.797,829.019,701.000,845.000,0.109216,0.109216,6.032597,5.923381,3.996944,5.923381,-0.499569,sequence_se3_optimizer
223,7.400000,-0.615723,0.791680,5.923474,1.000000,0.000000,0.000000,0.000000,0.120000,gvhmr_incam,731.099,836.888,,731.099,836.888,,,868.998,proxy_support,radius_free_proxy_observations,0.984126,0.000000,0,0,0,0,0,0,foot,left,left_foot,left_foot,0.942167,6.524486,731.099,836.888,696.000,853.000,-0.010606,-0.010606,5.912775,5.923381,4.002235,5.923381,-0.611710,sequence_se3_optimizer
224,7.433333,-0.624004,0.789267,5.923464,1.000000,0.000000,0.000000,0.000000,0.120000,gvhmr_incam,726.803,836.245,,726.803,836.245,,,868.998,proxy_support,radius_free_proxy_observations,0.984126,0.000000,0,0,0,0,0,0,foot,left,left_foot,left_foot,0.941858,6.516855,726.803,836.245,695.000,851.000,0.098844,0.098844,6.022225,5.923381,3.981078,5.923381,-0.494630,sequence_se3_optimizer
225,7.466667,-0.632101,0.786386,5.923455,1.000000,0.000000,0.000000,0.000000,0.120000,gvhmr_incam,725.000,840.500,,725.000,840.500,,,868.998,proxy_support,radius_free_proxy_observations,0.984126,0.000000,0,0,0,0,0,0,foot,left,left_foot,left_foot,0.941571,6.509183,725.000,840.500,689.000,856.000,-0.000544,-0.000544,5.922837,5.923381,3.926696,5.923381,-0.586346,sequence_se3_optimizer
226,7.500000,-0.640061,0.783326,5.923447,1.000000,0.000000,0.000000,0.000000,0.120000,gvhmr_incam,721.923,834.859,,721.923,834.859,,,868.998,proxy_support,radius_free_proxy_observations,0.984126,0.000000,0,0,0,1,0,1,floor,,floor,left_foot,0.941068,6.503367,721.923,834.859,684.000,858.000,0.069516,0.069516,5.992897,5.923381,3.862605,5.923381,-0.510469,sequence_se3_optimizer
227,7.533333,-0.647519,0.780116,5.923440,1.000000,0.000000,0.000000,0.000000,0.120000,gvhmr_incam,716.513,826.975,,716.513,826.975,,,868.998,proxy_support,radius_free_proxy_observations,0.984126,0.000000,0,0,0,0,0,0,foot,left,left_foot,left_foot,0.941756,6.502149,716.513,826.975,684.000,860.000,0.029646,0.029646,5.953027,5.923381,3.833185,5.923381,-0.549122,sequence_se3_optimizer
228,7.566667,-0.654159,0.776965,5.923435,1.000000,0.000000,0.000000,0.000000,0.120000,gvhmr_incam,712.378,824.370,,712.378,824.370,,,868.998,proxy_support,radius_free_proxy_observations,0.984126,0.000000,0,0,0,0,0,0,foot,left,left_foot,left_foot,0.942223,6.494864,712.378,824.370,681.000,860.000,0.027690,0.027690,5.951071,5.923381,3.811679,5.923381,-0.543793,sequence_se3_optimizer
229,7.600000,-0.660414,0.774041,5.923430,1.000000,0.000000,0.000000,0.000000,0.120000,gvhmr_incam,710.676,824.004,,710.676,824.004,,,868.998,proxy_support,radius_free_proxy_observations,0.984126,0.000000,0,0,0,0,0,0,foot,left,left_foot,left_foot,0.942452,6.494362,710.676,824.004,679.000,859.000,0.048554,0.048554,5.971935,5.923381,3.818391,5.923381,-0.522426,sequence_se3_optimizer
230,7.633333,-0.666431,0.771494,5.923425,1.000000,0.000000,0.000000,0.000000,0.120000,gvhmr_incam,707.797,826.982,,707.797,826.982,,,868.998,proxy_support,radius_free_proxy_observations,0.984126,0.000000,0,0,0,1,0,1,floor,,floor,left_foot,0.943613,6.498294,707.797,826.982,675.000,862.000,0.076900,0.076900,6.000281,5.923381,3.819521,5.923381,-0.498012,sequence_se3_optimizer
231,7.666667,-0.672290,0.769210,5.923421,1.000000,0.000000,0.000000,0.000000,0.120000,gvhmr_incam,704.931,827.456,,704.931,827.456,,,868.998,proxy_support,radius_free_proxy_observations,0.984126,0.000000,0,0,0,0,0,1,foot,left,left_foot,left_foot,0.943938,6.500308,704.931,827.456,667.000,864.000,0.051913,0.051913,5.975294,5.923381,3.821493,5.923381,-0.525013,sequence_se3_optimizer
232,7.700000,-0.677644,0.769559,5.923417,1.000000,0.000000,0.000000,0.000000,0.120000,gvhmr_incam,700.418,826.578,,700.418,826.578,,,868.998,proxy_support,radius_free_proxy_observations,0.984126,0.000000,0,0,0,0,0,0,foot,left,left_foot,left_foot,0.945047,6.503625,700.418,826.578,681.000,874.000,-0.053914,-0.053914,5.869467,5.923381,3.833561,5.923381,-0.634157,sequence_se3_optimizer
233,7.733333,-0.682744,0.770184,5.923414,1.000000,0.000000,0.000000,0.000000,0.120000,gvhmr_incam,697.936,826.718,,697.936,826.718,,,868.998,proxy_support,radius_free_proxy_observations,0.984126,0.000000,0,0,0,0,0,0,foot,left,left_foot,left_foot,0.944786,6.509392,697.936,826.718,678.000,874.000,-0.058513,-0.058513,5.864868,5.923381,3.844168,5.923381,-0.644524,sequence_se3_optimizer
234,7.766667,-0.687607,0.771032,5.923411,1.000000,0.000000,0.000000,0.000000,0.120000,gvhmr_incam,693.762,826.932,,693.762,826.932,,,868.998,proxy_support,radius_free_proxy_observations,0.984126,0.000000,0,0,0,1,0,1,floor,,floor,left_foot,0.945210,6.515304,693.762,826.932,682.000,874.000,-0.077555,-0.077555,5.845826,5.923381,3.849270,5.923381,-0.669477,sequence_se3_optimizer
235,7.800000,-0.692326,0.772009,5.923408,1.000000,0.000000,0.000000,0.000000,0.120000,gvhmr_incam,690.052,826.591,,690.052,826.591,,,868.998,proxy_support,radius_free_proxy_observations,0.984126,0.000000,0,0,0,0,0,1,foot,left,left_foot,left_foot,0.946231,6.515297,690.052,826.591,679.000,874.000,-0.096893,-0.096893,5.826488,5.923381,3.847703,5.923381,-0.688808,sequence_se3_optimizer
236,7.833333,-0.696842,0.773123,5.923405,1.000000,0.000000,0.000000,0.000000,0.120000,gvhmr_incam,686.759,826.815,,686.759,826.815,,,868.998,proxy_support,radius_free_proxy_observations,0.984126,0.000000,0,0,0,0,0,1,foot,left,left_foot,left_foot,0.946595,6.513511,686.759,826.815,678.000,874.000,-0.095375,-0.095375,5.828006,5.923381,3.850427,5.923381,-0.685504,sequence_se3_optimizer
237,7.866667,-0.701181,0.774333,5.923403,1.000000,0.000000,0.000000,0.000000,0.120000,gvhmr_incam,684.009,826.715,,684.009,826.715,,,868.998,proxy_support,radius_free_proxy_observations,0.984126,0.000000,0,0,0,0,0,1,foot,left,left_foot,left_foot,0.946231,6.505832,684.009,826.715,676.000,874.000,-0.079817,-0.079817,5.843564,5.923381,3.851561,5.923381,-0.662267,sequence_se3_optimizer
238,7.900000,-0.705370,0.775603,5.923401,1.000000,0.000000,0.000000,0.000000,0.120000,gvhmr_incam,681.671,827.746,,681.671,827.746,,,868.998,proxy_support,radius_free_proxy_observations,0.984126,0.000000,0,0,0,0,0,1,foot,left,left_foot,left_foot,0.946676,6.499049,681.671,827.746,681.000,875.000,-0.079616,-0.079616,5.843765,5.923381,3.856984,5.923381,-0.655284,sequence_se3_optimizer
239,7.933333,-0.709438,0.776905,5.923399,1.000000,0.000000,0.000000,0.000000,0.120000,gvhmr_incam,680.592,828.435,,680.592,828.435,,,868.998,proxy_support,radius_free_proxy_observations,0.984126,0.000000,0,0,0,0,0,1,foot,left,left_foot,left_foot,0.945222,6.497765,680.592,828.435,678.000,875.000,-0.075924,-0.075924,5.847457,5.923381,3.860624,5.923381,-0.650308,sequence_se3_optimizer
240,7.966667,-0.713414,0.778217,5.923397,1.000000,0.000000,0.000000,0.000000,0.120000,gvhmr_incam,677.822,830.083,,677.822,830.083,,,868.998,proxy_support,radius_free_proxy_observations,0.984126,0.000000,0,0,0,0,0,1,foot,left,left_foot,left_foot,0.945725,6.492581,677.822,830.083,674.000,874.000,-0.072969,-0.072969,5.850412,5.923381,3.864311,5.923381,-0.642169,sequence_se3_optimizer
241,8.000000,-0.717327,0.779525,5.923395,1.000000,0.000000,0.000000,0.000000,0.120000,gvhmr_incam,675.379,831.352,,675.379,831.352,,,868.998,proxy_support,radius_free_proxy_observations,0.984126,0.000000,0,0,0,0,0,1,foot,left,left_foot,left_foot,0.947380,6.488574,675.379,831.352,675.000,875.000,-0.054251,-0.054251,5.869130,5.923381,3.866504,5.923381,-0.619443,sequence_se3_optimizer
242,8.033333,-0.721208,0.780824,5.923393,1.000000,0.000000,0.000000,0.000000,0.120000,gvhmr_incam,672.428,831.805,,672.428,831.805,,,868.998,proxy_support,radius_free_proxy_observations,0.984126,0.000000,0,0,0,0,0,1,foot,left,left_foot,left_foot,0.948458,6.489402,672.428,831.805,676.000,875.000,-0.059130,-0.059130,5.864251,5.923381,3.868490,5.923381,-0.625150,sequence_se3_optimizer
