frame,time,ref_u,ref_v,ref_u_smooth,ref_v_smooth,ref_u_fit,ref_v_fit,ref_source,ref_type,support_u,support_v,support_v_raw,support_dv,support_dv_smooth,support_source,contact_u,contact_v,contact_source,object_ref_depth_m,contact_proxy_depth_m,contact_depth_offset_m,ref_conf,support_conf,contact_conf,depth_conf,observation_conf,proxy_conf,proxy_jitter_px,support_jitter_px,proxy_sigma_px,support_sigma_px,active_label,active_label_conf,active_part_u,active_part_v,active_part_z,contact_proxy_name,da3_depth_raw,da3_depth_smooth,object_depth_raw,object_depth_smooth,object_depth_confidence,support_gap_px,object_motion_score,audio_score,radius_px
1,0.000000,654.000,837.500,654.000,837.500,654.000,837.500,cotracker_box_center,center,654.000,868.000,868.000,30.500,30.500,cotracker_bottom,,,stage2_contact_policy,4.966547,,,1.000000,0.000000,0.000000,1.000000,1.000000,1.000000,0.000000,0.000000,5.000000,8.000000,,,,,,,4.925767,4.966547,4.966547,4.966547,1.000000,0.000000,,,36.661
2,0.033333,654.170,837.902,654.170,837.902,654.170,837.902,cotracker_box_center,center,654.170,868.345,868.345,30.443,30.443,cotracker_bottom,,,stage2_contact_policy,4.976423,,,1.000000,0.000000,0.000000,1.000000,1.000000,1.000000,0.000000,0.000000,5.000000,8.000000,,,,,,,4.959425,4.976423,4.976423,4.976423,1.000000,0.000000,,,36.729
3,0.066667,654.102,837.968,654.102,837.968,654.102,837.968,cotracker_box_center,center,654.102,868.417,868.417,30.449,30.449,cotracker_bottom,,,stage2_contact_policy,4.984922,,,1.000000,0.000000,0.000000,1.000000,1.000000,1.000000,0.000000,0.000000,5.000000,8.000000,,,,,,,4.975782,4.984922,4.984922,4.984922,1.000000,0.000000,,,36.730
4,0.100000,653.801,837.846,653.801,837.846,653.801,837.846,cotracker_box_center,center,653.801,868.212,868.212,30.366,30.366,cotracker_bottom,,,stage2_contact_policy,4.987967,,,1.000000,0.000000,0.000000,1.000000,1.000000,1.000000,0.000000,0.000000,5.000000,8.000000,,,,,,,5.005215,4.987967,4.987967,4.987967,1.000000,0.000000,,,36.747
5,0.133333,653.770,837.825,653.770,837.825,653.770,837.825,cotracker_box_center,center,653.770,868.167,868.167,30.342,30.342,cotracker_bottom,,,stage2_contact_policy,4.999435,,,1.000000,0.000000,0.000000,1.000000,1.000000,1.000000,0.000000,0.000000,5.000000,8.000000,,,,,,,5.015926,4.999435,4.999435,4.999435,1.000000,0.000000,,,36.747
6,0.166667,653.819,837.781,653.819,837.781,653.819,837.781,cotracker_box_center,center,653.819,868.102,868.102,30.321,30.321,cotracker_bottom,,,stage2_contact_policy,5.012242,,,1.000000,0.000000,0.000000,1.000000,1.000000,1.000000,0.000000,0.000000,5.000000,8.000000,,,,,,,5.027416,5.012242,5.012242,5.012242,1.000000,0.000000,,,36.810
7,0.200000,653.867,837.769,653.867,837.769,653.867,837.769,cotracker_box_center,center,653.867,868.096,868.096,30.327,30.327,cotracker_bottom,,,stage2_contact_policy,5.019576,,,1.000000,0.000000,0.000000,1.000000,1.000000,1.000000,0.000000,0.000000,5.000000,8.000000,,,,,,,5.006238,5.019576,5.019576,5.019576,1.000000,0.000000,,,36.809
8,0.233333,653.930,837.727,653.930,837.727,653.930,837.727,cotracker_box_center,center,653.930,868.061,868.061,30.334,30.334,cotracker_bottom,,,stage2_contact_policy,5.022021,,,1.000000,0.000000,0.000000,1.000000,1.000000,1.000000,0.000000,0.000000,5.000000,8.000000,,,,,,,5.006045,5.022021,5.022021,5.022021,1.000000,0.000000,,,36.809
9,0.266667,653.986,837.652,653.986,837.652,653.986,837.652,cotracker_box_center,center,653.986,868.004,868.004,30.352,30.352,cotracker_bottom,,,stage2_contact_policy,5.020452,,,1.000000,0.000000,0.000000,1.000000,1.000000,1.000000,0.000000,0.000000,5.000000,8.000000,,,,,,,5.049069,5.020452,5.020452,5.020452,1.000000,0.000000,,,36.746
10,0.300000,654.038,837.609,654.038,837.609,654.038,837.609,cotracker_box_center,center,654.038,867.946,867.946,30.337,30.337,cotracker_bottom,,,stage2_contact_policy,5.024789,,,1.000000,0.000000,0.000000,1.000000,1.000000,1.000000,0.000000,0.000000,5.000000,8.000000,,,,,,,5.027119,5.024789,5.024789,5.024789,1.000000,0.000000,,,36.868
11,0.333333,653.972,837.612,653.972,837.612,653.972,837.612,cotracker_box_center,center,653.972,867.944,867.944,30.332,30.332,cotracker_bottom,,,stage2_contact_policy,5.032081,,,1.000000,0.000000,0.000000,1.000000,1.000000,1.000000,0.000000,0.000000,5.000000,8.000000,,,,,,,5.022335,5.032081,5.032081,5.032081,1.000000,0.000000,,,36.922
12,0.366667,653.976,837.712,653.976,837.712,653.976,837.712,cotracker_box_center,center,653.976,868.042,868.042,30.330,30.330,cotracker_bottom,,,stage2_contact_policy,5.039093,,,1.000000,0.000000,0.000000,1.000000,1.000000,1.000000,0.000000,0.000000,5.000000,8.000000,,,,,,,5.004944,5.039093,5.039093,5.039093,1.000000,0.000000,,,36.960
13,0.400000,654.015,837.824,654.015,837.824,654.015,837.824,cotracker_box_center,center,654.015,868.194,868.194,30.370,30.370,cotracker_bottom,,,stage2_contact_policy,5.036044,,,1.000000,0.000000,0.000000,1.000000,1.000000,1.000000,0.000000,0.000000,5.000000,8.000000,,,,,,,5.057774,5.036044,5.036044,5.036044,1.000000,0.000000,,,36.692
14,0.433333,654.028,837.859,654.028,837.859,654.028,837.859,cotracker_box_center,center,654.028,868.256,868.256,30.397,30.397,cotracker_bottom,,,stage2_contact_policy,5.036382,,,1.000000,0.000000,0.000000,1.000000,1.000000,1.000000,0.000000,0.000000,5.000000,8.000000,,,,,,,5.057281,5.036382,5.036382,5.036382,1.000000,0.000000,,,36.611
15,0.466667,654.155,837.911,654.155,837.911,654.155,837.911,cotracker_box_center,center,654.155,868.336,868.336,30.425,30.425,cotracker_bottom,,,stage2_contact_policy,5.037879,,,1.000000,0.000000,0.000000,1.000000,1.000000,1.000000,0.000000,0.000000,5.000000,8.000000,,,,,,,5.055132,5.037879,5.037879,5.037879,1.000000,0.000000,,,36.741
16,0.500000,654.179,837.852,654.179,837.852,654.179,837.852,cotracker_box_center,center,654.179,868.276,868.276,30.424,30.424,cotracker_bottom,,,stage2_contact_policy,5.048080,,,1.000000,0.000000,0.000000,1.000000,1.000000,1.000000,0.000000,0.000000,5.000000,8.000000,,,,,,,5.027719,5.048080,5.048080,5.048080,1.000000,0.000000,,,36.741
17,0.533333,654.285,837.889,654.285,837.889,654.285,837.889,cotracker_box_center,center,654.285,868.330,868.330,30.441,30.441,cotracker_bottom,,,stage2_contact_policy,5.049184,,,1.000000,0.000000,0.000000,1.000000,1.000000,1.000000,0.000000,0.000000,5.000000,8.000000,,,,,,,5.029492,5.049184,5.049184,5.049184,1.000000,0.000000,,,36.741
18,0.566667,654.347,837.902,654.347,837.902,654.347,837.902,cotracker_box_center,center,654.347,868.373,868.373,30.471,30.471,cotracker_bottom,,,stage2_contact_policy,5.045833,,,1.000000,0.000000,0.000000,1.000000,1.000000,1.000000,0.000000,0.000000,5.000000,8.000000,,,,,,,5.032811,5.045833,5.045833,5.045833,1.000000,0.000000,,,36.741
19,0.600000,654.294,837.907,654.294,837.907,654.294,837.907,cotracker_box_center,center,654.294,868.409,868.409,30.502,30.502,cotracker_bottom,,,stage2_contact_policy,5.036422,,,1.000000,0.000000,0.000000,1.000000,1.000000,1.000000,0.000000,0.000000,5.000000,8.000000,,,,,,,5.076352,5.036422,5.036422,5.036422,1.000000,0.000000,,,36.770
20,0.633333,654.443,837.902,654.443,837.902,654.443,837.902,cotracker_box_center,center,654.443,868.439,868.439,30.537,30.537,cotracker_bottom,,,stage2_contact_policy,5.030533,,,1.000000,0.000000,0.000000,1.000000,1.000000,1.000000,0.000000,0.000000,5.000000,8.000000,,,,,,,5.065503,5.030533,5.030533,5.030533,1.000000,0.000000,,,36.770
21,0.666667,654.378,837.780,654.378,837.780,654.378,837.780,cotracker_box_center,center,654.378,868.348,868.348,30.568,30.568,cotracker_bottom,,,stage2_contact_policy,5.030694,,,1.000000,0.000000,0.000000,1.000000,1.000000,1.000000,0.000000,0.000000,5.000000,8.000000,,,,,,,5.033823,5.030694,5.030694,5.030694,1.000000,0.000000,,,36.770
22,0.700000,654.271,837.687,654.271,837.687,654.271,837.687,cotracker_box_center,center,654.271,868.257,868.257,30.570,30.570,cotracker_bottom,,,stage2_contact_policy,5.029874,,,1.000000,0.000000,0.000000,1.000000,1.000000,1.000000,0.000000,0.000000,5.000000,8.000000,,,,,,,4.989257,5.029874,5.029874,5.029874,1.000000,0.000000,,,36.544
23,0.733333,654.257,837.717,654.257,837.717,654.257,837.717,cotracker_box_center,center,654.257,868.295,868.295,30.578,30.578,cotracker_bottom,,,stage2_contact_policy,5.018841,,,1.000000,0.000000,0.000000,1.000000,1.000000,1.000000,0.000000,0.000000,5.000000,8.000000,,,,,,,4.986495,5.018841,5.018841,5.018841,1.000000,0.000000,,,36.543
24,0.766667,654.224,837.632,654.224,837.632,654.224,837.632,cotracker_box_center,center,654.224,868.193,868.193,30.561,30.561,cotracker_bottom,,,stage2_contact_policy,5.002802,,,1.000000,0.000000,0.000000,1.000000,1.000000,1.000000,0.000000,0.000000,5.000000,8.000000,,,,,,,5.030617,5.002802,5.002802,5.002802,1.000000,0.000000,,,36.770
25,0.800000,654.207,837.668,654.207,837.668,654.207,837.668,cotracker_box_center,center,654.207,868.176,868.176,30.508,30.508,cotracker_bottom,,,stage2_contact_policy,4.996577,,,1.000000,0.000000,0.000000,1.000000,1.000000,1.000000,0.000000,0.000000,5.000000,8.000000,,,,,,,5.027071,4.996577,4.996577,4.996577,1.000000,0.000000,,,36.770
26,0.833333,654.131,837.686,654.131,837.686,654.131,837.686,cotracker_box_center,center,654.131,868.163,868.163,30.477,30.477,cotracker_bottom,,,stage2_contact_policy,4.996014,,,1.000000,0.000000,0.000000,1.000000,1.000000,1.000000,0.000000,0.000000,5.000000,8.000000,,,,,,,4.999119,4.996014,4.996014,4.996014,1.000000,0.000000,,,36.938
27,0.866667,654.010,837.632,654.010,837.632,654.010,837.632,cotracker_box_center,center,654.010,868.122,868.122,30.490,30.490,cotracker_bottom,,,stage2_contact_policy,4.998157,,,1.000000,0.000000,0.000000,1.000000,1.000000,1.000000,0.000000,0.000000,5.000000,8.000000,,,,,,,4.953236,4.998157,4.998157,4.998157,1.000000,0.000000,,,36.938
28,0.900000,653.935,837.671,653.935,837.671,653.935,837.671,cotracker_box_center,center,653.935,868.159,868.159,30.488,30.488,cotracker_bottom,,,stage2_contact_policy,4.990281,,,1.000000,0.000000,0.000000,1.000000,1.000000,1.000000,0.000000,0.000000,5.000000,8.000000,,,,,,,4.990242,4.990281,4.990281,4.990281,1.000000,0.000000,,,36.938
29,0.933333,654.001,837.606,654.001,837.606,654.001,837.606,cotracker_box_center,center,654.001,868.069,868.069,30.463,30.463,cotracker_bottom,,,stage2_contact_policy,4.981416,,,1.000000,0.000000,0.000000,1.000000,1.000000,1.000000,0.000000,0.000000,5.000000,8.000000,,,,,,,4.985319,4.981416,4.981416,4.981416,1.000000,0.000000,,,36.938
30,0.966667,653.894,837.668,653.894,837.668,653.894,837.668,cotracker_box_center,center,653.894,868.143,868.143,30.475,30.475,cotracker_bottom,,,stage2_contact_policy,4.980618,,,1.000000,0.000000,0.000000,1.000000,1.000000,1.000000,0.000000,0.000000,5.000000,8.000000,,,,,,,5.001494,4.980618,4.980618,4.980618,1.000000,0.000000,,,36.938
31,1.000000,653.917,837.720,653.917,837.720,653.917,837.720,cotracker_box_center,center,653.917,868.181,868.181,30.461,30.461,cotracker_bottom,,,stage2_contact_policy,4.986083,,,1.000000,0.000000,0.000000,1.000000,1.000000,1.000000,0.000000,0.000000,5.000000,8.000000,,,,,,,4.975488,4.986083,4.986083,4.986083,1.000000,0.000000,,,36.770
32,1.033333,653.993,837.738,653.993,837.738,653.993,837.738,cotracker_box_center,center,653.993,868.160,868.160,30.422,30.422,cotracker_bottom,,,stage2_contact_policy,4.987385,,,1.000000,0.000000,0.000000,1.000000,1.000000,1.000000,0.000000,0.000000,5.000000,8.000000,,,,,,,4.965015,4.987385,4.987385,4.987385,1.000000,0.000000,,,37.010
33,1.066667,653.000,838.000,653.000,838.000,653.000,838.000,cotracker_box_center,center,653.000,869.000,869.000,31.000,31.000,cotracker_bottom,,,stage2_contact_policy,4.991817,,,1.000000,0.000000,0.000000,1.000000,1.000000,1.000000,0.000000,0.000000,5.000000,8.000000,,,,,,,4.993539,4.991817,4.991817,4.991817,1.000000,0.000000,,,36.846
34,1.100000,652.708,838.625,652.708,838.625,652.708,838.625,cotracker_box_center,center,652.708,869.599,869.599,30.974,30.974,cotracker_bottom,,,stage2_contact_policy,4.993576,,,1.000000,0.000000,0.000000,1.000000,1.000000,1.000000,0.000000,0.000000,5.000000,8.000000,,,,,,,4.991482,4.993576,4.993576,4.993576,1.000000,0.000000,,,36.846
35,1.133333,652.864,838.748,652.864,838.748,652.864,838.748,cotracker_box_center,center,652.864,869.722,869.722,30.974,30.974,cotracker_bottom,,,stage2_contact_policy,4.999259,,,1.000000,0.000000,0.000000,1.000000,1.000000,1.000000,0.000000,0.000000,5.000000,8.000000,,,,,,,4.999356,4.999259,4.999259,4.999259,1.000000,0.000000,,,36.846
36,1.166667,652.936,838.445,652.936,838.445,652.936,838.445,cotracker_box_center,center,652.936,869.397,869.397,30.952,30.952,cotracker_bottom,,,stage2_contact_policy,4.999830,,,1.000000,0.000000,0.000000,1.000000,1.000000,1.000000,0.000000,0.000000,5.000000,8.000000,,,,,,,5.016339,4.999830,4.999830,4.999830,1.000000,0.000000,,,37.014
37,1.200000,653.085,838.284,653.085,838.284,653.085,838.284,cotracker_box_center,center,653.085,869.199,869.199,30.915,30.915,cotracker_bottom,,,stage2_contact_policy,4.990856,,,1.000000,0.000000,0.000000,1.000000,1.000000,1.000000,0.000000,0.000000,5.000000,8.000000,,,,,,,5.013813,4.990856,4.990856,4.990856,1.000000,0.000000,,,36.600
38,1.233333,653.152,838.345,653.152,838.345,653.152,838.345,cotracker_box_center,center,653.152,869.237,869.237,30.892,30.892,cotracker_bottom,,,stage2_contact_policy,4.984491,,,1.000000,0.000000,0.000000,1.000000,1.000000,1.000000,0.000000,0.000000,5.000000,8.000000,,,,,,,5.015272,4.984491,4.984491,4.984491,1.000000,0.000000,,,36.627
39,1.266667,653.814,838.171,653.814,838.171,653.814,838.171,cotracker_box_center,center,653.814,869.088,869.088,30.917,30.917,cotracker_bottom,,,stage2_contact_policy,4.973414,,,1.000000,0.000000,0.000000,1.000000,1.000000,1.000000,0.000000,0.000000,5.000000,8.000000,,,,,,,4.969008,4.973414,4.973414,4.973414,1.000000,0.000000,,,36.786
40,1.300000,653.481,838.188,653.481,838.188,653.481,838.188,cotracker_tb_center,center,653.481,869.104,869.104,30.916,30.916,cotracker_bottom,,,stage2_contact_policy,4.957736,,,1.000000,0.000000,0.000000,1.000000,1.000000,1.000000,0.000000,0.000000,5.000000,8.000000,,,,,,,4.930724,4.957736,4.957736,4.957736,1.000000,0.000000,,,36.936
41,1.333333,653.469,838.188,653.469,838.188,653.469,838.188,cotracker_tb_center,center,653.469,869.062,869.062,30.874,30.874,cotracker_bottom,,,stage2_contact_policy,4.942424,,,1.000000,0.000000,0.000000,1.000000,1.000000,1.000000,0.000000,0.000000,5.000000,8.000000,,,,,,,4.946927,4.942424,4.942424,4.942424,1.000000,0.000000,,,36.488
42,1.366667,653.546,838.162,653.546,838.162,653.546,838.162,cotracker_tb_center,center,653.546,869.034,869.034,30.872,30.872,cotracker_bottom,,,stage2_contact_policy,4.923183,,,1.000000,0.000000,0.000000,1.000000,1.000000,1.000000,0.000000,0.000000,5.000000,8.000000,,,,,,,4.921814,4.923183,4.923183,4.923183,1.000000,0.000000,,,36.708
43,1.400000,653.704,838.100,653.704,838.100,653.704,838.100,cotracker_tb_center,center,653.704,868.956,868.956,30.856,30.856,cotracker_bottom,,,stage2_contact_policy,4.918103,,,1.000000,0.000000,0.000000,1.000000,1.000000,1.000000,0.000000,0.000000,5.000000,8.000000,,,,,,,4.906600,4.918103,4.918103,4.918103,1.000000,0.000000,,,36.730
44,1.433333,653.766,838.099,653.766,838.099,653.766,838.099,cotracker_tb_center,center,653.766,868.935,868.935,30.836,30.836,cotracker_bottom,,,stage2_contact_policy,4.907543,,,1.000000,0.000000,0.000000,1.000000,1.000000,1.000000,0.000000,0.000000,5.000000,8.000000,,,,,,,4.906625,4.907543,4.907543,4.907543,1.000000,0.000000,,,36.730
45,1.466667,653.733,838.241,653.733,838.241,653.733,838.241,cotracker_tb_center,center,653.733,869.047,869.047,30.806,30.806,cotracker_bottom,,,stage2_contact_policy,4.879600,,,1.000000,0.000000,0.000000,1.000000,1.000000,1.000000,0.000000,0.000000,5.000000,8.000000,,,,,,,4.880585,4.879600,4.879600,4.879600,1.000000,0.000000,,,36.730
46,1.500000,653.850,838.156,653.850,838.156,653.850,838.156,cotracker_tb_center,center,653.850,868.971,868.971,30.815,30.815,cotracker_bottom,,,stage2_contact_policy,4.858893,,,1.000000,0.000000,0.000000,1.000000,1.000000,1.000000,0.000000,0.000000,5.000000,8.000000,,,,,,,4.933448,4.858893,4.858893,4.858893,1.000000,0.000000,,,36.730
47,1.533333,653.747,838.145,653.747,838.145,653.747,838.145,cotracker_tb_center,center,653.747,868.913,868.913,30.768,30.768,cotracker_bottom,,,stage2_contact_policy,4.857152,,,1.000000,0.000000,0.000000,1.000000,1.000000,1.000000,0.000000,0.000000,5.000000,8.000000,,,,,,,4.856798,4.857152,4.857152,4.857152,1.000000,0.000000,,,36.730
48,1.566667,653.966,838.133,653.966,838.133,653.966,838.133,cotracker_tb_center,center,653.966,868.853,868.853,30.720,30.720,cotracker_bottom,,,stage2_contact_policy,4.834893,,,1.000000,0.000000,0.000000,1.000000,1.000000,1.000000,0.000000,0.000000,5.000000,8.000000,,,,,,,4.751324,4.834893,4.834893,4.834893,1.000000,0.000000,,,36.706
49,1.600000,653.962,838.107,653.962,838.107,653.962,838.107,cotracker_tb_center,center,653.962,868.740,868.740,30.633,30.633,cotracker_bottom,,,stage2_contact_policy,4.973053,,,1.000000,0.000000,0.000000,1.000000,1.000000,1.000000,0.000000,0.000000,5.000000,8.000000,,,,,,,4.776874,4.973053,4.973053,4.973053,1.000000,0.000000,,,36.612
50,1.633333,654.115,838.037,654.115,838.037,654.115,838.037,cotracker_tb_center,center,654.115,868.726,868.726,30.689,30.689,cotracker_bottom,,,stage2_contact_policy,5.103855,,,1.000000,0.000000,0.000000,1.000000,1.000000,1.000000,0.000000,0.000000,5.000000,8.000000,,,,,,,4.894406,5.103855,5.103855,5.103855,1.000000,0.000000,,,36.736
51,1.666667,653.866,838.142,653.866,838.142,653.866,838.142,cotracker_tb_center,center,653.866,868.663,868.663,30.521,30.521,cotracker_bottom,,,stage2_contact_policy,5.383040,,,1.000000,0.000000,0.000000,1.000000,1.000000,1.000000,0.000000,0.000000,5.000000,8.000000,,,,,,,4.750818,5.383040,5.383040,5.383040,1.000000,0.000000,,,36.616
52,1.700000,682.704,787.710,682.704,787.710,682.704,787.710,cotracker_center_fallback,center,682.704,831.368,831.368,43.658,43.658,cotracker_bottom,,,stage2_contact_policy,5.501188,,,1.000000,0.000000,0.000000,1.000000,1.000000,1.000000,0.000000,0.000000,5.000000,8.000000,,,,,,,5.847698,5.501188,5.501188,5.501188,1.000000,0.000000,,,39.538
53,1.733333,682.303,787.945,682.303,787.945,682.303,787.945,cotracker_center_fallback,center,682.303,827.908,827.908,39.963,39.963,cotracker_bottom,,,stage2_contact_policy,5.648315,,,1.000000,0.000000,0.000000,1.000000,1.000000,1.000000,0.000000,0.000000,5.000000,8.000000,,,,,,,5.849066,5.648315,5.648315,5.648315,1.000000,0.000000,,,39.386
54,1.766667,700.809,711.024,700.809,711.024,700.809,711.024,cotracker_center_fallback,center,700.809,755.812,755.812,44.788,44.788,cotracker_bottom,,,stage2_contact_policy,5.664925,,,1.000000,0.000000,0.000000,1.000000,1.000000,1.000000,0.000000,0.000000,5.000000,8.000000,,,,,,,6.811098,5.664925,5.664925,5.664925,1.000000,0.000000,,,39.901
55,1.800000,711.371,631.171,711.371,631.171,711.371,631.171,cotracker_center_fallback,center,711.371,678.308,678.308,47.137,47.137,cotracker_bottom,,,stage2_contact_policy,5.874301,,,1.000000,0.000000,0.000000,1.000000,1.000000,1.000000,0.000000,0.000000,5.000000,8.000000,,,,,,,5.578354,5.874301,5.874301,5.874301,1.000000,0.000000,,,40.503
56,1.833333,716.724,576.812,716.724,576.812,716.724,576.812,cotracker_center_fallback,center,716.724,619.487,619.487,42.675,42.675,cotracker_bottom,,,stage2_contact_policy,5.928452,,,1.000000,0.000000,0.000000,1.000000,1.000000,1.000000,0.000000,0.000000,5.000000,8.000000,,,,,,,5.806762,5.928452,5.928452,5.928452,1.000000,0.000000,,,40.479
57,1.866667,724.903,523.836,724.903,523.836,724.903,523.836,cotracker_center_fallback,center,724.903,567.924,567.924,44.088,44.088,cotracker_bottom,,,stage2_contact_policy,5.973300,,,1.000000,0.000000,0.000000,1.000000,1.000000,1.000000,0.000000,0.000000,5.000000,8.000000,,,,,,,5.010675,5.973300,5.973300,5.973300,1.000000,0.000000,,,41.269
58,1.900000,732.455,473.137,732.455,473.137,732.455,473.137,cotracker_center_fallback,center,732.455,518.021,518.021,44.884,44.884,cotracker_bottom,,,stage2_contact_policy,5.885127,,,1.000000,0.000000,0.000000,1.000000,1.000000,1.000000,0.000000,0.000000,5.000000,8.000000,,,,,,,6.216453,5.885127,5.885127,5.885127,1.000000,0.000000,,,40.327
59,1.933333,733.883,471.808,733.883,471.808,733.883,471.808,cotracker_center_fallback,center,733.883,517.926,517.926,46.118,46.118,cotracker_bottom,,,stage2_contact_policy,6.023747,,,1.000000,0.000000,0.000000,1.000000,1.000000,1.000000,0.000000,0.000000,5.000000,8.000000,,,,,,,6.226752,6.023747,6.023747,6.023747,1.000000,0.000000,,,40.116
60,1.966667,736.776,428.165,736.776,428.165,736.776,428.165,cotracker_center_fallback,center,736.776,477.392,477.392,49.227,49.227,cotracker_bottom,,,stage2_contact_policy,6.123530,,,1.000000,0.000000,0.000000,1.000000,1.000000,1.000000,0.000000,0.000000,5.000000,8.000000,,,,,,,6.162998,6.123530,6.123530,6.123530,1.000000,0.000000,,,40.442
61,2.000000,739.852,391.241,739.852,391.241,739.852,391.241,cotracker_center_fallback,center,739.852,442.517,442.517,51.276,51.276,cotracker_bottom,,,stage2_contact_policy,6.337594,,,1.000000,0.000000,0.000000,1.000000,1.000000,1.000000,0.000000,0.000000,5.000000,8.000000,,,,,,,6.193891,6.337594,6.337594,6.337594,1.000000,0.000000,,,41.441
62,2.033333,739.156,357.469,739.156,357.469,739.156,357.469,cotracker_center_fallback,center,739.156,408.154,408.154,50.685,50.685,cotracker_bottom,,,stage2_contact_policy,6.364119,,,1.000000,0.000000,0.000000,1.000000,1.000000,1.000000,0.000000,0.000000,5.000000,8.000000,,,,,,,6.548700,6.364119,6.364119,6.364119,1.000000,0.000000,,,40.316
63,2.066667,740.762,331.639,740.762,331.639,740.762,331.639,cotracker_center_fallback,center,740.762,381.913,381.913,50.274,50.274,cotracker_bottom,,,stage2_contact_policy,6.324986,,,1.000000,0.000000,0.000000,1.000000,1.000000,1.000000,0.000000,0.000000,5.000000,8.000000,,,,,,,6.505243,6.324986,6.324986,6.324986,1.000000,0.000000,,,40.055
64,2.100000,740.644,331.136,740.644,331.136,740.644,331.136,cotracker_center_fallback,center,740.644,381.493,381.493,50.357,50.357,cotracker_bottom,,,stage2_contact_policy,6.321988,,,1.000000,0.000000,0.000000,1.000000,1.000000,1.000000,0.000000,0.000000,5.000000,8.000000,,,,,,,6.509120,6.321988,6.321988,6.321988,1.000000,0.000000,,,40.055
65,2.133333,739.000,322.000,739.000,322.000,739.000,322.000,cotracker_box_center,center,739.000,360.000,360.000,38.000,38.000,cotracker_bottom,,,stage2_contact_policy,6.316236,,,1.000000,0.000000,0.000000,1.000000,1.000000,1.000000,0.000000,0.000000,5.000000,8.000000,,,,,,,6.402125,6.316236,6.316236,6.316236,1.000000,0.000000,,,40.541
66,2.166667,741.410,300.780,741.410,300.780,741.410,300.780,cotracker_center_fallback,center,741.410,345.177,345.177,44.397,44.397,cotracker_bottom,,,stage2_contact_policy,6.305417,,,1.000000,0.000000,0.000000,1.000000,1.000000,1.000000,0.000000,0.000000,5.000000,8.000000,,,,,,,5.952824,6.305417,6.305417,6.305417,1.000000,0.000000,,,40.449
67,2.200000,742.876,289.768,742.876,289.768,742.876,289.768,cotracker_center_fallback,center,742.876,335.170,335.170,45.402,45.402,cotracker_bottom,,,stage2_contact_policy,6.287615,,,1.000000,0.000000,0.000000,1.000000,1.000000,1.000000,0.000000,0.000000,5.000000,8.000000,,,,,,,6.142012,6.287615,6.287615,6.287615,1.000000,0.000000,,,40.717
68,2.233333,743.253,290.267,743.253,290.267,743.253,290.267,cotracker_center_fallback,center,743.253,334.558,334.558,44.291,44.291,cotracker_bottom,,,stage2_contact_policy,6.280913,,,1.000000,0.000000,0.000000,1.000000,1.000000,1.000000,0.000000,0.000000,5.000000,8.000000,,,,,,,6.153632,6.280913,6.280913,6.280913,1.000000,0.000000,,,41.214
69,2.266667,743.808,287.364,743.808,287.364,743.808,287.364,cotracker_center_fallback,center,743.808,330.774,330.774,43.410,43.410,cotracker_bottom,,,stage2_contact_policy,6.277381,,,1.000000,0.000000,0.000000,1.000000,1.000000,1.000000,0.000000,0.000000,5.000000,8.000000,,,,,,,6.472961,6.277381,6.277381,6.277381,1.000000,0.000000,,,40.804
70,2.300000,744.791,289.624,744.791,289.624,744.791,289.624,cotracker_center_fallback,center,744.791,331.125,331.125,41.501,41.501,cotracker_bottom,,,stage2_contact_policy,6.341159,,,1.000000,0.000000,0.000000,1.000000,1.000000,1.000000,0.000000,0.000000,5.000000,8.000000,,,,,,,6.380634,6.341159,6.341159,6.341159,1.000000,0.000000,,,40.854
71,2.333333,744.361,293.179,744.361,293.179,744.361,293.179,cotracker_center_fallback,center,744.361,334.620,334.620,41.441,41.441,cotracker_bottom,,,stage2_contact_policy,6.376399,,,1.000000,0.000000,0.000000,1.000000,1.000000,1.000000,0.000000,0.000000,5.000000,8.000000,,,,,,,6.462204,6.376399,6.376399,6.376399,1.000000,0.000000,,,40.664
72,2.366667,746.498,302.977,746.498,302.977,746.498,302.977,cotracker_center_fallback,center,746.498,342.550,342.550,39.573,39.573,cotracker_bottom,,,stage2_contact_policy,6.405460,,,1.000000,0.000000,0.000000,1.000000,1.000000,1.000000,0.000000,0.000000,5.000000,8.000000,,,,,,,6.377405,6.405460,6.405460,6.405460,1.000000,0.000000,,,40.376
73,2.400000,748.150,319.512,748.150,319.512,748.150,319.512,cotracker_center_fallback,center,748.150,358.111,358.111,38.599,38.599,cotracker_bottom,,,stage2_contact_policy,6.411961,,,1.000000,0.000000,0.000000,1.000000,1.000000,1.000000,0.000000,0.000000,5.000000,8.000000,,,,,,,6.399269,6.411961,6.411961,6.411961,1.000000,0.000000,,,42.116
74,2.433333,748.607,320.629,748.607,320.629,748.607,320.629,cotracker_center_fallback,center,748.607,359.538,359.538,38.909,38.909,cotracker_bottom,,,stage2_contact_policy,6.435059,,,1.000000,0.000000,0.000000,1.000000,1.000000,1.000000,0.000000,0.000000,5.000000,8.000000,,,,,,,6.388681,6.435059,6.435059,6.435059,1.000000,0.000000,,,40.922
75,2.466667,749.805,337.679,749.805,337.679,749.805,337.679,cotracker_center_fallback,center,749.805,375.198,375.198,37.519,37.519,cotracker_bottom,,,stage2_contact_policy,6.497846,,,1.000000,0.000000,0.000000,1.000000,1.000000,1.000000,0.000000,0.000000,5.000000,8.000000,,,,,,,6.357062,6.497846,6.497846,6.497846,1.000000,0.000000,,,41.030
76,2.500000,750.508,360.670,750.508,360.670,750.508,360.670,cotracker_center_fallback,center,750.508,397.087,397.087,36.417,36.417,cotracker_bottom,,,stage2_contact_policy,6.574814,,,1.000000,0.000000,0.000000,1.000000,1.000000,1.000000,0.000000,0.000000,5.000000,8.000000,,,,,,,6.518470,6.574814,6.574814,6.574814,1.000000,0.000000,,,41.037
77,2.533333,750.450,390.604,750.450,390.604,750.450,390.604,cotracker_center_fallback,center,750.450,425.772,425.772,35.168,35.168,cotracker_bottom,,,stage2_contact_policy,6.578950,,,1.000000,0.000000,0.000000,1.000000,1.000000,1.000000,0.000000,0.000000,5.000000,8.000000,,,,,,,6.542318,6.578950,6.578950,6.578950,1.000000,0.000000,,,41.219
78,2.566667,752.857,421.011,752.857,421.011,752.857,421.011,cotracker_center_fallback,center,752.857,456.012,456.012,35.001,35.001,cotracker_bottom,,,stage2_contact_policy,6.604329,,,1.000000,0.000000,0.000000,1.000000,1.000000,1.000000,0.000000,0.000000,5.000000,8.000000,,,,,,,6.901716,6.604329,6.604329,6.604329,1.000000,0.000000,,,40.566
79,2.600000,753.021,422.541,753.021,422.541,753.021,422.541,cotracker_center_fallback,center,753.021,457.485,457.485,34.944,34.944,cotracker_bottom,,,stage2_contact_policy,6.643725,,,1.000000,0.000000,0.000000,1.000000,1.000000,1.000000,0.000000,0.000000,5.000000,8.000000,,,,,,,6.916183,6.643725,6.643725,6.643725,1.000000,0.000000,,,40.531
80,2.633333,752.208,458.373,752.208,458.373,752.208,458.373,cotracker_center_fallback,center,752.208,493.337,493.337,34.964,34.964,cotracker_bottom,,,stage2_contact_policy,6.659312,,,1.000000,0.000000,0.000000,1.000000,1.000000,1.000000,0.000000,0.000000,5.000000,8.000000,,,,,,,6.428222,6.659312,6.659312,6.659312,1.000000,0.000000,,,40.487
81,2.666667,749.915,496.014,749.915,496.014,749.915,496.014,cotracker_center_fallback,center,749.915,530.909,530.909,34.895,34.895,cotracker_bottom,,,stage2_contact_policy,6.755815,,,1.000000,0.000000,0.000000,1.000000,1.000000,1.000000,0.000000,0.000000,5.000000,8.000000,,,,,,,6.566330,6.755815,6.755815,6.755815,1.000000,0.000000,,,41.704
82,2.700000,749.826,541.187,749.826,541.187,749.826,541.187,cotracker_center_fallback,center,749.826,576.652,576.652,35.465,35.465,cotracker_bottom,,,stage2_contact_policy,7.076999,,,1.000000,0.000000,0.000000,1.000000,1.000000,1.000000,0.000000,0.000000,5.000000,8.000000,,,,,,,6.632835,7.076999,7.076999,7.076999,1.000000,0.000000,,,41.141
83,2.733333,749.961,543.330,749.961,543.330,749.961,543.330,cotracker_center_fallback,center,749.961,576.855,576.855,33.525,33.525,cotracker_bottom,,,stage2_contact_policy,7.137017,,,1.000000,0.000000,0.000000,1.000000,1.000000,1.000000,0.000000,0.000000,5.000000,8.000000,,,,,,,6.627574,7.137017,7.137017,7.137017,1.000000,0.000000,,,41.546
84,2.766667,750.221,592.473,750.221,592.473,750.221,592.473,cotracker_center_fallback,center,750.221,624.744,624.744,32.271,32.271,cotracker_bottom,,,stage2_contact_policy,7.050629,,,1.000000,0.000000,0.000000,1.000000,1.000000,1.000000,0.000000,0.000000,5.000000,8.000000,,,,,,,7.217843,7.050629,7.050629,7.050629,1.000000,0.000000,,,40.515
85,2.800000,750.415,646.871,750.415,646.871,750.415,646.871,cotracker_center_fallback,center,750.415,670.248,670.248,23.377,23.377,cotracker_bottom,,,stage2_contact_policy,7.720958,,,1.000000,0.000000,0.000000,1.000000,1.000000,1.000000,0.000000,0.000000,5.000000,8.000000,,,,,,,9.150007,7.720958,7.720958,7.720958,1.000000,0.000000,,,41.859
86,2.833333,749.690,705.028,749.690,705.028,749.690,705.028,cotracker_center_fallback,center,749.690,724.768,724.768,19.740,19.740,cotracker_bottom,,,stage2_contact_policy,8.384837,,,1.000000,0.000000,0.000000,1.000000,1.000000,1.000000,0.000000,0.000000,5.000000,8.000000,,,,,,,7.336313,8.384837,8.384837,8.384837,1.000000,0.000000,,,40.695
87,2.866667,749.134,732.573,749.134,732.573,749.134,732.573,cotracker_center_fallback,center,749.134,754.253,754.253,21.680,21.680,cotracker_bottom,,,stage2_contact_policy,9.318961,,,1.000000,0.000000,0.000000,1.000000,1.000000,1.000000,0.000000,0.000000,5.000000,8.000000,,,,,,,5.823503,9.318961,9.318961,9.318961,1.000000,0.000000,,,41.110
88,2.900000,749.427,700.441,749.427,700.441,749.427,700.441,cotracker_center_fallback,center,749.427,725.835,725.835,25.394,25.394,cotracker_bottom,,,stage2_contact_policy,9.456565,,,1.000000,0.000000,0.000000,1.000000,1.000000,1.000000,0.000000,0.000000,5.000000,8.000000,,,,,,,11.258625,9.456565,9.456565,9.456565,1.000000,0.000000,,,41.880
89,2.933333,749.669,698.530,749.669,698.530,749.669,698.530,cotracker_center_fallback,center,749.669,722.383,722.383,23.853,23.853,cotracker_bottom,,,stage2_contact_policy,9.348825,,,1.000000,0.000000,0.000000,1.000000,1.000000,1.000000,0.000000,0.000000,5.000000,8.000000,,,,,,,11.279996,9.348825,9.348825,9.348825,1.000000,0.000000,,,42.227
90,2.966667,747.153,676.864,747.153,676.864,747.153,676.864,cotracker_center_fallback,center,747.153,701.953,701.953,25.089,25.089,cotracker_bottom,,,stage2_contact_policy,9.427063,,,1.000000,0.000000,0.000000,1.000000,1.000000,1.000000,0.000000,0.000000,5.000000,8.000000,,,,,,,13.166436,9.427063,9.427063,9.427063,1.000000,0.000000,,,45.440
91,3.000000,743.886,652.106,743.886,652.106,743.886,652.106,cotracker_center_fallback,center,743.886,670.463,670.463,18.357,18.357,cotracker_bottom,,,stage2_contact_policy,9.720680,,,1.000000,0.000000,0.000000,1.000000,1.000000,1.000000,0.000000,0.000000,5.000000,8.000000,,,,,,,8.181071,9.720680,9.720680,9.720680,1.000000,0.000000,,,39.832
92,3.033333,743.780,633.705,743.780,633.705,743.780,633.705,cotracker_center_fallback,center,743.780,655.052,655.052,21.347,21.347,cotracker_bottom,,,stage2_contact_policy,9.082698,,,1.000000,0.000000,0.000000,1.000000,1.000000,1.000000,0.000000,0.000000,5.000000,8.000000,,,,,,,8.395838,9.082698,9.082698,9.082698,1.000000,0.000000,,,42.619
93,3.066667,742.111,622.901,742.111,622.901,742.111,622.901,cotracker_center_fallback,center,742.111,643.047,643.047,20.146,20.146,cotracker_bottom,,,stage2_contact_policy,8.314876,,,1.000000,0.000000,0.000000,1.000000,1.000000,1.000000,0.000000,0.000000,5.000000,8.000000,,,,,,,7.883973,8.314876,8.314876,8.314876,1.000000,0.000000,,,42.917
94,3.100000,741.809,622.113,741.809,622.113,741.809,622.113,cotracker_center_fallback,center,741.809,643.787,643.787,21.674,21.674,cotracker_bottom,,,stage2_contact_policy,7.346638,,,1.000000,0.000000,0.000000,1.000000,1.000000,1.000000,0.000000,0.000000,5.000000,8.000000,,,,,,,7.878822,7.346638,7.346638,7.346638,1.000000,0.000000,,,42.654
95,3.133333,741.106,619.174,741.106,619.174,741.106,619.174,cotracker_center_fallback,center,741.106,640.775,640.775,21.601,21.601,cotracker_bottom,,,stage2_contact_policy,7.090821,,,1.000000,0.000000,0.000000,1.000000,1.000000,1.000000,0.000000,0.000000,5.000000,8.000000,,,,,,,6.792754,7.090821,7.090821,7.090821,1.000000,0.000000,,,41.074
96,3.166667,742.166,620.595,742.166,620.595,742.166,620.595,cotracker_center_fallback,center,742.166,642.234,642.234,21.639,21.639,cotracker_bottom,,,stage2_contact_policy,6.878216,,,1.000000,0.000000,0.000000,1.000000,1.000000,1.000000,0.000000,0.000000,5.000000,8.000000,,,,,,,5.905231,6.878216,6.878216,6.878216,1.000000,0.000000,,,42.194
97,3.200000,740.500,626.500,740.500,626.500,740.500,626.500,cotracker_box_center,center,740.500,667.000,667.000,40.500,40.500,cotracker_bottom,,,stage2_contact_policy,6.851834,,,1.000000,0.000000,0.000000,1.000000,1.000000,1.000000,0.000000,0.000000,5.000000,8.000000,,,,,,,6.388780,6.851834,6.851834,6.851834,1.000000,0.000000,,,42.780
98,3.233333,740.854,626.938,740.854,626.938,740.854,626.938,cotracker_box_center,center,740.854,667.570,667.570,40.632,40.632,cotracker_bottom,,,stage2_contact_policy,6.911266,,,1.000000,0.000000,0.000000,1.000000,1.000000,1.000000,0.000000,0.000000,5.000000,8.000000,,,,,,,6.390346,6.911266,6.911266,6.911266,1.000000,0.000000,,,41.758
99,3.266667,741.964,629.445,741.964,629.445,741.964,629.445,cotracker_lr_center,center,741.964,669.424,669.424,39.979,39.979,cotracker_bottom,,,stage2_contact_policy,7.078101,,,1.000000,0.000000,0.000000,1.000000,1.000000,1.000000,0.000000,0.000000,5.000000,8.000000,,,,,,,6.907607,7.078101,7.078101,7.078101,1.000000,0.000000,,,42.256
100,3.300000,742.128,646.028,742.128,646.028,742.128,646.028,cotracker_center_fallback,center,742.128,674.672,674.672,28.644,28.644,cotracker_bottom,,,stage2_contact_policy,6.974419,,,1.000000,0.000000,0.000000,1.000000,1.000000,1.000000,0.000000,0.000000,5.000000,8.000000,,,,,,,7.699296,6.974419,6.974419,6.974419,1.000000,0.000000,,,40.475
101,3.333333,743.449,672.964,743.449,672.964,743.449,672.964,cotracker_center_fallback,center,743.449,682.748,682.748,9.784,9.784,cotracker_bottom,,,stage2_contact_policy,6.801412,,,1.000000,0.000000,0.000000,1.000000,1.000000,1.000000,0.000000,0.000000,5.000000,8.000000,,,,,,,8.294848,6.801412,6.801412,6.801412,1.000000,0.000000,,,42.429
102,3.366667,743.445,701.887,743.445,701.887,743.445,701.887,cotracker_center_fallback,center,743.445,684.382,684.382,-17.505,-17.505,cotracker_bottom,,,stage2_contact_policy,6.863670,,,1.000000,0.000000,0.000000,1.000000,1.000000,1.000000,0.000000,0.000000,5.000000,8.000000,,,,,,,7.960593,6.863670,6.863670,6.863670,1.000000,0.000000,,,43.127
103,3.400000,742.455,728.398,742.455,728.398,742.455,728.398,cotracker_center_fallback,center,742.455,678.658,678.658,-49.740,-49.740,cotracker_bottom,,,stage2_contact_policy,6.861424,,,1.000000,0.000000,0.000000,1.000000,1.000000,1.000000,0.000000,0.000000,5.000000,8.000000,,,,,,,5.179460,6.861424,6.861424,6.861424,1.000000,0.000000,,,43.062
104,3.433333,742.280,729.242,742.280,729.242,742.280,729.242,cotracker_center_fallback,center,742.280,678.246,678.246,-50.996,-50.996,cotracker_bottom,,,stage2_contact_policy,6.863082,,,1.000000,0.000000,0.000000,1.000000,1.000000,1.000000,0.000000,0.000000,5.000000,8.000000,,,,,,,5.177736,6.863082,6.863082,6.863082,1.000000,0.000000,,,43.034
105,3.466667,740.928,702.666,740.928,702.666,740.928,702.666,cotracker_center_fallback,center,740.928,680.290,680.290,-22.376,-22.376,cotracker_bottom,,,stage2_contact_policy,6.729346,,,1.000000,0.000000,0.000000,1.000000,1.000000,1.000000,0.000000,0.000000,5.000000,8.000000,,,,,,,6.826155,6.729346,6.729346,6.729346,1.000000,0.000000,,,42.900
106,3.500000,738.009,676.460,738.009,676.460,738.009,676.460,cotracker_center_fallback,center,738.009,680.673,680.673,4.213,4.213,cotracker_bottom,,,stage2_contact_policy,6.641232,,,1.000000,0.000000,0.000000,1.000000,1.000000,1.000000,0.000000,0.000000,5.000000,8.000000,,,,,,,6.891885,6.641232,6.641232,6.641232,1.000000,0.000000,,,44.169
107,3.533333,735.443,651.343,735.443,651.343,735.443,651.343,cotracker_center_fallback,center,735.443,673.236,673.236,21.893,21.893,cotracker_bottom,,,stage2_contact_policy,6.844631,,,1.000000,0.000000,0.000000,1.000000,1.000000,1.000000,0.000000,0.000000,5.000000,8.000000,,,,,,,7.710898,6.844631,6.844631,6.844631,1.000000,0.000000,,,42.012
108,3.566667,732.526,635.496,732.526,635.496,732.526,635.496,cotracker_center_fallback,center,732.526,667.695,667.695,32.199,32.199,cotracker_bottom,,,stage2_contact_policy,6.878750,,,1.000000,0.000000,0.000000,1.000000,1.000000,1.000000,0.000000,0.000000,5.000000,8.000000,,,,,,,7.358697,6.878750,6.878750,6.878750,1.000000,0.000000,,,41.901
109,3.600000,731.823,633.213,731.823,633.213,731.823,633.213,cotracker_center_fallback,center,731.823,666.564,666.564,33.351,33.351,cotracker_bottom,,,stage2_contact_policy,6.645810,,,1.000000,0.000000,0.000000,1.000000,1.000000,1.000000,0.000000,0.000000,5.000000,8.000000,,,,,,,7.343801,6.645810,6.645810,6.645810,1.000000,0.000000,,,42.451
110,3.633333,741.261,618.901,741.261,618.901,741.261,618.901,cotracker_tb_center,center,741.261,663.125,663.125,44.224,44.224,cotracker_bottom,,,stage2_contact_policy,6.404218,,,1.000000,0.000000,0.000000,1.000000,1.000000,1.000000,0.000000,0.000000,5.000000,8.000000,,,,,,,6.603249,6.404218,6.404218,6.404218,1.000000,0.000000,,,44.028
111,3.666667,732.957,615.410,732.957,615.410,732.957,615.410,cotracker_center_fallback,center,732.957,659.611,659.611,44.201,44.201,cotracker_bottom,,,stage2_contact_policy,6.045319,,,1.000000,0.000000,0.000000,1.000000,1.000000,1.000000,0.000000,0.000000,5.000000,8.000000,,,,,,,5.416569,6.045319,6.045319,6.045319,1.000000,0.000000,,,42.379
112,3.700000,730.039,610.972,730.039,610.972,730.039,610.972,cotracker_center_fallback,center,730.039,658.982,658.982,48.010,48.010,cotracker_bottom,,,stage2_contact_policy,5.767591,,,1.000000,0.000000,0.000000,1.000000,1.000000,1.000000,0.000000,0.000000,5.000000,8.000000,,,,,,,5.195569,5.767591,5.767591,5.767591,1.000000,0.000000,,,41.550
113,3.733333,729.350,610.753,729.350,610.753,729.350,610.753,cotracker_center_fallback,center,729.350,658.828,658.828,48.075,48.075,cotracker_bottom,,,stage2_contact_policy,5.621728,,,1.000000,0.000000,0.000000,1.000000,1.000000,1.000000,0.000000,0.000000,5.000000,8.000000,,,,,,,5.200750,5.621728,5.621728,5.621728,1.000000,0.000000,,,41.189
114,3.766667,727.646,612.999,727.646,612.999,727.646,612.999,cotracker_center_fallback,center,727.646,660.081,660.081,47.082,47.082,cotracker_bottom,,,stage2_contact_policy,5.615329,,,1.000000,0.000000,0.000000,1.000000,1.000000,1.000000,0.000000,0.000000,5.000000,8.000000,,,,,,,5.198595,5.615329,5.615329,5.615329,1.000000,0.000000,,,42.193
115,3.800000,727.010,620.145,727.010,620.145,727.010,620.145,cotracker_center_fallback,center,727.010,662.877,662.877,42.732,42.732,cotracker_bottom,,,stage2_contact_policy,5.723596,,,1.000000,0.000000,0.000000,1.000000,1.000000,1.000000,0.000000,0.000000,5.000000,8.000000,,,,,,,5.414606,5.723596,5.723596,5.723596,1.000000,0.000000,,,40.889
116,3.833333,724.708,624.816,724.708,624.816,724.708,624.816,cotracker_center_fallback,center,724.708,664.117,664.117,39.301,39.301,cotracker_bottom,,,stage2_contact_policy,5.865699,,,1.000000,0.000000,0.000000,1.000000,1.000000,1.000000,0.000000,0.000000,5.000000,8.000000,,,,,,,6.322765,5.865699,5.865699,5.865699,1.000000,0.000000,,,40.783
117,3.866667,723.738,628.195,723.738,628.195,723.738,628.195,cotracker_center_fallback,center,723.738,664.576,664.576,36.381,36.381,cotracker_bottom,,,stage2_contact_policy,6.227227,,,1.000000,0.000000,0.000000,1.000000,1.000000,1.000000,0.000000,0.000000,5.000000,8.000000,,,,,,,6.558447,6.227227,6.227227,6.227227,1.000000,0.000000,,,40.918
118,3.900000,722.984,640.907,722.984,640.907,722.984,640.907,cotracker_center_fallback,center,722.984,667.720,667.720,26.813,26.813,cotracker_bottom,,,stage2_contact_policy,6.308093,,,1.000000,0.000000,0.000000,1.000000,1.000000,1.000000,0.000000,0.000000,5.000000,8.000000,,,,,,,6.174437,6.308093,6.308093,6.308093,1.000000,0.000000,,,41.630
119,3.933333,722.371,646.447,722.371,646.447,722.371,646.447,cotracker_center_fallback,center,722.371,668.560,668.560,22.113,22.113,cotracker_bottom,,,stage2_contact_policy,6.544710,,,1.000000,0.000000,0.000000,1.000000,1.000000,1.000000,0.000000,0.000000,5.000000,8.000000,,,,,,,6.190293,6.544710,6.544710,6.544710,1.000000,0.000000,,,42.202
120,3.966667,718.847,667.274,718.847,667.274,718.847,667.274,cotracker_center_fallback,center,718.847,671.812,671.812,4.538,4.538,cotracker_bottom,,,stage2_contact_policy,6.533734,,,1.000000,0.000000,0.000000,1.000000,1.000000,1.000000,0.000000,0.000000,5.000000,8.000000,,,,,,,7.731450,6.533734,6.533734,6.533734,1.000000,0.000000,,,40.187
121,4.000000,715.966,694.234,715.966,694.234,715.966,694.234,cotracker_center_fallback,center,715.966,672.840,672.840,-21.394,-21.394,cotracker_bottom,,,stage2_contact_policy,6.491701,,,1.000000,0.000000,0.000000,1.000000,1.000000,1.000000,0.000000,0.000000,5.000000,8.000000,,,,,,,5.764649,6.491701,6.491701,6.491701,1.000000,0.000000,,,41.869
122,4.033333,713.618,724.342,713.618,724.342,713.618,724.342,cotracker_center_fallback,center,713.618,672.270,672.270,-52.072,-52.072,cotracker_bottom,,,stage2_contact_policy,6.287419,,,1.000000,0.000000,0.000000,1.000000,1.000000,1.000000,0.000000,0.000000,5.000000,8.000000,,,,,,,7.070931,6.287419,6.287419,6.287419,1.000000,0.000000,,,42.076
123,4.066667,706.600,760.939,706.600,760.939,706.600,760.939,cotracker_center_fallback,center,706.600,671.180,671.180,-89.759,-89.759,cotracker_bottom,,,stage2_contact_policy,6.224154,,,1.000000,0.000000,0.000000,1.000000,1.000000,1.000000,0.000000,0.000000,5.000000,8.000000,,,,,,,6.245936,6.224154,6.224154,6.224154,1.000000,0.000000,,,41.394
124,4.100000,706.793,759.274,706.793,759.274,706.793,759.274,cotracker_center_fallback,center,706.793,670.788,670.788,-88.486,-88.486,cotracker_bottom,,,stage2_contact_policy,9.087590,,,1.000000,0.000000,0.000000,1.000000,1.000000,1.000000,0.000000,0.000000,5.000000,8.000000,,,,,,,6.264211,9.087590,9.087590,9.087590,1.000000,0.000000,,,42.362
125,4.133333,705.451,757.179,705.451,757.179,705.451,757.179,cotracker_center_fallback,center,705.451,671.391,671.391,-85.788,-85.788,cotracker_bottom,,,stage2_contact_policy,12.226992,,,1.000000,0.000000,0.000000,1.000000,1.000000,1.000000,0.000000,0.000000,5.000000,8.000000,,,,,,,4.744460,12.226992,12.226992,12.226992,1.000000,0.000000,,,41.240
126,4.166667,716.100,715.052,716.100,715.052,716.100,715.052,cotracker_center_fallback,center,716.100,670.341,670.341,-44.711,-44.711,cotracker_bottom,,,stage2_contact_policy,12.129263,,,1.000000,0.000000,0.000000,1.000000,1.000000,1.000000,0.000000,0.000000,5.000000,8.000000,,,,,,,5.747436,12.129263,12.129263,12.129263,1.000000,0.000000,,,42.230
127,4.200000,716.550,692.902,716.550,692.902,716.550,692.902,cotracker_center_fallback,center,716.550,669.511,669.511,-23.391,-23.391,cotracker_bottom,,,stage2_contact_policy,12.288330,,,1.000000,0.000000,0.000000,1.000000,1.000000,1.000000,0.000000,0.000000,5.000000,8.000000,,,,,,,27.775505,12.288330,12.288330,12.288330,1.000000,0.000000,,,41.907
128,4.233333,715.326,692.329,715.326,692.329,715.326,692.329,cotracker_center_fallback,center,715.326,670.310,670.310,-22.019,-22.019,cotracker_bottom,,,stage2_contact_policy,12.262645,,,1.000000,0.000000,0.000000,1.000000,1.000000,1.000000,0.000000,0.000000,5.000000,8.000000,,,,,,,27.740459,12.262645,12.262645,12.262645,1.000000,0.000000,,,41.800
129,4.266667,715.000,668.000,715.000,668.000,715.000,668.000,cotracker_box_center,center,715.000,705.000,705.000,37.000,37.000,cotracker_bottom,,,stage2_contact_policy,12.333475,,,1.000000,0.000000,0.000000,1.000000,1.000000,1.000000,0.000000,0.000000,5.000000,8.000000,,,,,,,6.386831,12.333475,12.333475,12.333475,1.000000,0.000000,,,40.608
130,4.300000,714.837,658.477,714.837,658.477,714.837,658.477,cotracker_lr_center,center,714.837,685.455,685.455,26.978,26.978,cotracker_bottom,,,stage2_contact_policy,12.294057,,,1.000000,0.000000,0.000000,1.000000,1.000000,1.000000,0.000000,0.000000,5.000000,8.000000,,,,,,,7.359409,12.294057,12.294057,12.294057,1.000000,0.000000,,,40.082
131,4.333333,718.751,617.959,718.751,617.959,718.751,617.959,cotracker_center_fallback,center,718.751,669.469,669.469,51.510,51.510,cotracker_bottom,,,stage2_contact_policy,9.107496,,,1.000000,0.000000,0.000000,1.000000,1.000000,1.000000,0.000000,0.000000,5.000000,8.000000,,,,,,,6.084421,9.107496,9.107496,9.107496,1.000000,0.000000,,,40.373
132,4.366667,721.952,599.175,721.952,599.175,721.952,599.175,cotracker_center_fallback,center,721.952,650.743,650.743,51.568,51.568,cotracker_bottom,,,stage2_contact_policy,5.927939,,,1.000000,0.000000,0.000000,1.000000,1.000000,1.000000,0.000000,0.000000,5.000000,8.000000,,,,,,,5.240275,5.927939,5.927939,5.927939,1.000000,0.000000,,,41.644
133,4.400000,723.888,590.364,723.888,590.364,723.888,590.364,cotracker_center_fallback,center,723.888,641.888,641.888,51.524,51.524,cotracker_bottom,,,stage2_contact_policy,5.799031,,,1.000000,0.000000,0.000000,1.000000,1.000000,1.000000,0.000000,0.000000,5.000000,8.000000,,,,,,,5.471507,5.799031,5.799031,5.799031,1.000000,0.000000,,,40.712
134,4.433333,725.767,590.790,725.767,590.790,725.767,590.790,cotracker_center_fallback,center,725.767,638.747,638.747,47.957,47.957,cotracker_bottom,,,stage2_contact_policy,5.566805,,,1.000000,0.000000,0.000000,1.000000,1.000000,1.000000,0.000000,0.000000,5.000000,8.000000,,,,,,,5.469569,5.566805,5.566805,5.566805,1.000000,0.000000,,,41.320
135,4.466667,729.747,590.347,729.747,590.347,729.747,590.347,cotracker_center_fallback,center,729.747,636.320,636.320,45.973,45.973,cotracker_bottom,,,stage2_contact_policy,5.540657,,,1.000000,0.000000,0.000000,1.000000,1.000000,1.000000,0.000000,0.000000,5.000000,8.000000,,,,,,,5.483560,5.540657,5.540657,5.540657,1.000000,0.000000,,,41.193
136,4.500000,733.629,594.130,733.629,594.130,733.629,594.130,cotracker_center_fallback,center,733.629,639.675,639.675,45.545,45.545,cotracker_bottom,,,stage2_contact_policy,5.634523,,,1.000000,0.000000,0.000000,1.000000,1.000000,1.000000,0.000000,0.000000,5.000000,8.000000,,,,,,,5.484481,5.634523,5.634523,5.634523,1.000000,0.000000,,,42.103
137,4.533333,737.060,604.624,737.060,604.624,737.060,604.624,cotracker_center_fallback,center,737.060,646.241,646.241,41.617,41.617,cotracker_bottom,,,stage2_contact_policy,5.870524,,,1.000000,0.000000,0.000000,1.000000,1.000000,1.000000,0.000000,0.000000,5.000000,8.000000,,,,,,,5.733822,5.870524,5.870524,5.870524,1.000000,0.000000,,,42.405
138,4.566667,743.387,625.487,743.387,625.487,743.387,625.487,cotracker_center_fallback,center,743.387,661.618,661.618,36.131,36.131,cotracker_bottom,,,stage2_contact_policy,6.517982,,,1.000000,0.000000,0.000000,1.000000,1.000000,1.000000,0.000000,0.000000,5.000000,8.000000,,,,,,,5.901388,6.517982,6.517982,6.517982,1.000000,0.000000,,,41.864
139,4.600000,742.841,625.163,742.841,625.163,742.841,625.163,cotracker_center_fallback,center,742.841,662.279,662.279,37.116,37.116,cotracker_bottom,,,stage2_contact_policy,7.427777,,,1.000000,0.000000,0.000000,1.000000,1.000000,1.000000,0.000000,0.000000,5.000000,8.000000,,,,,,,5.897335,7.427777,7.427777,7.427777,1.000000,0.000000,,,41.864
140,4.633333,744.982,642.215,744.982,642.215,744.982,642.215,cotracker_center_fallback,center,744.982,677.976,677.976,35.761,35.761,cotracker_bottom,,,stage2_contact_policy,8.334327,,,1.000000,0.000000,0.000000,1.000000,1.000000,1.000000,0.000000,0.000000,5.000000,8.000000,,,,,,,7.123517,8.334327,8.334327,8.334327,1.000000,0.000000,,,40.898
141,4.666667,747.264,667.901,747.264,667.901,747.264,667.901,cotracker_center_fallback,center,747.264,700.286,700.286,32.385,32.385,cotracker_bottom,,,stage2_contact_policy,8.589422,,,1.000000,0.000000,0.000000,1.000000,1.000000,1.000000,0.000000,0.000000,5.000000,8.000000,,,,,,,10.001765,8.589422,8.589422,8.589422,1.000000,0.000000,,,40.042
142,4.700000,749.004,698.536,749.004,698.536,749.004,698.536,cotracker_center_fallback,center,749.004,730.475,730.475,31.939,31.939,cotracker_bottom,,,stage2_contact_policy,8.460421,,,1.000000,0.000000,0.000000,1.000000,1.000000,1.000000,0.000000,0.000000,5.000000,8.000000,,,,,,,11.852127,8.460421,8.460421,8.460421,1.000000,0.000000,,,41.201
143,4.733333,749.511,699.356,749.511,699.356,749.511,699.356,cotracker_center_fallback,center,749.511,733.326,733.326,33.970,33.970,cotracker_bottom,,,stage2_contact_policy,8.281388,,,1.000000,0.000000,0.000000,1.000000,1.000000,1.000000,0.000000,0.000000,5.000000,8.000000,,,,,,,11.830334,8.281388,8.281388,8.281388,1.000000,0.000000,,,41.023
144,4.766667,751.924,729.204,751.924,729.204,751.924,729.204,cotracker_center_fallback,center,751.924,761.465,761.465,32.261,32.261,cotracker_bottom,,,stage2_contact_policy,7.981629,,,1.000000,0.000000,0.000000,1.000000,1.000000,1.000000,0.000000,0.000000,5.000000,8.000000,,,,,,,7.519493,7.981629,7.981629,7.981629,1.000000,0.000000,,,41.744
145,4.800000,753.686,761.492,753.686,761.492,753.686,761.492,cotracker_center_fallback,center,753.686,792.964,792.964,31.472,31.472,cotracker_bottom,,,stage2_contact_policy,7.583805,,,1.000000,0.000000,0.000000,1.000000,1.000000,1.000000,0.000000,0.000000,5.000000,8.000000,,,,,,,4.998375,7.583805,7.583805,7.583805,1.000000,0.000000,,,41.812
146,4.833333,755.143,780.037,755.143,780.037,755.143,780.037,cotracker_center_fallback,center,755.143,809.402,809.402,29.365,29.365,cotracker_bottom,,,stage2_contact_policy,6.917950,,,1.000000,0.000000,0.000000,1.000000,1.000000,1.000000,0.000000,0.000000,5.000000,8.000000,,,,,,,4.644109,6.917950,6.917950,6.917950,1.000000,0.000000,,,39.516
147,4.866667,753.875,750.301,753.875,750.301,753.875,750.301,cotracker_center_fallback,center,753.875,781.670,781.670,31.369,31.369,cotracker_bottom,,,stage2_contact_policy,7.061264,,,1.000000,0.000000,0.000000,1.000000,1.000000,1.000000,0.000000,0.000000,5.000000,8.000000,,,,,,,5.025205,7.061264,7.061264,7.061264,1.000000,0.000000,,,40.451
148,4.900000,753.510,712.851,753.510,712.851,753.510,712.851,cotracker_center_fallback,center,753.510,744.477,744.477,31.626,31.626,cotracker_bottom,,,stage2_contact_policy,7.078870,,,1.000000,0.000000,0.000000,1.000000,1.000000,1.000000,0.000000,0.000000,5.000000,8.000000,,,,,,,7.216991,7.078870,7.078870,7.078870,1.000000,0.000000,,,40.484
149,4.933333,753.461,712.037,753.461,712.037,753.461,712.037,cotracker_center_fallback,center,753.461,742.868,742.868,30.831,30.831,cotracker_bottom,,,stage2_contact_policy,7.572168,,,1.000000,0.000000,0.000000,1.000000,1.000000,1.000000,0.000000,0.000000,5.000000,8.000000,,,,,,,7.191141,7.572168,7.572168,7.572168,1.000000,0.000000,,,40.338
150,4.966667,752.091,678.255,752.091,678.255,752.091,678.255,cotracker_center_fallback,center,752.091,711.917,711.917,33.662,33.662,cotracker_bottom,,,stage2_contact_policy,7.975553,,,1.000000,0.000000,0.000000,1.000000,1.000000,1.000000,0.000000,0.000000,5.000000,8.000000,,,,,,,12.833530,7.975553,7.975553,7.975553,1.000000,0.000000,,,41.289
151,5.000000,752.724,651.585,752.724,651.585,752.724,651.585,cotracker_center_fallback,center,752.724,689.225,689.225,37.640,37.640,cotracker_bottom,,,stage2_contact_policy,8.324576,,,1.000000,0.000000,0.000000,1.000000,1.000000,1.000000,0.000000,0.000000,5.000000,8.000000,,,,,,,7.642737,8.324576,8.324576,8.324576,1.000000,0.000000,,,39.975
152,5.033333,755.175,629.991,755.175,629.991,755.175,629.991,cotracker_center_fallback,center,755.175,668.974,668.974,38.983,38.983,cotracker_bottom,,,stage2_contact_policy,8.231024,,,1.000000,0.000000,0.000000,1.000000,1.000000,1.000000,0.000000,0.000000,5.000000,8.000000,,,,,,,8.451461,8.231024,8.231024,8.231024,1.000000,0.000000,,,40.649
153,5.066667,757.770,611.264,757.770,611.264,757.770,611.264,cotracker_center_fallback,center,757.770,654.815,654.815,43.551,43.551,cotracker_bottom,,,stage2_contact_policy,8.116124,,,1.000000,0.000000,0.000000,1.000000,1.000000,1.000000,0.000000,0.000000,5.000000,8.000000,,,,,,,7.467802,8.116124,8.116124,8.116124,1.000000,0.000000,,,43.044
154,5.100000,757.240,610.539,757.240,610.539,757.240,610.539,cotracker_center_fallback,center,757.240,654.199,654.199,43.660,43.660,cotracker_bottom,,,stage2_contact_policy,7.154005,,,1.000000,0.000000,0.000000,1.000000,1.000000,1.000000,0.000000,0.000000,5.000000,8.000000,,,,,,,7.468373,7.154005,7.154005,7.154005,1.000000,0.000000,,,41.341
155,5.133333,756.568,598.808,756.568,598.808,756.568,598.808,cotracker_center_fallback,center,756.568,646.787,646.787,47.979,47.979,cotracker_bottom,,,stage2_contact_policy,6.935955,,,1.000000,0.000000,0.000000,1.000000,1.000000,1.000000,0.000000,0.000000,5.000000,8.000000,,,,,,,6.562126,6.935955,6.935955,6.935955,1.000000,0.000000,,,43.532
156,5.166667,755.352,591.199,755.352,591.199,755.352,591.199,cotracker_center_fallback,center,755.352,642.918,642.918,51.719,51.719,cotracker_bottom,,,stage2_contact_policy,6.620698,,,1.000000,0.000000,0.000000,1.000000,1.000000,1.000000,0.000000,0.000000,5.000000,8.000000,,,,,,,6.386841,6.620698,6.620698,6.620698,1.000000,0.000000,,,42.326
157,5.200000,754.315,589.790,754.315,589.790,754.315,589.790,cotracker_center_fallback,center,754.315,643.350,643.350,53.560,53.560,cotracker_bottom,,,stage2_contact_policy,6.393776,,,1.000000,0.000000,0.000000,1.000000,1.000000,1.000000,0.000000,0.000000,5.000000,8.000000,,,,,,,6.098694,6.393776,6.393776,6.393776,1.000000,0.000000,,,41.184
158,5.233333,753.606,589.922,753.606,589.922,753.606,589.922,cotracker_center_fallback,center,753.606,643.965,643.965,54.043,54.043,cotracker_bottom,,,stage2_contact_policy,6.272213,,,1.000000,0.000000,0.000000,1.000000,1.000000,1.000000,0.000000,0.000000,5.000000,8.000000,,,,,,,6.116392,6.272213,6.272213,6.272213,1.000000,0.000000,,,41.184
159,5.266667,751.829,595.874,751.829,595.874,751.829,595.874,cotracker_center_fallback,center,751.829,648.499,648.499,52.625,52.625,cotracker_bottom,,,stage2_contact_policy,6.152751,,,1.000000,0.000000,0.000000,1.000000,1.000000,1.000000,0.000000,0.000000,5.000000,8.000000,,,,,,,6.244660,6.152751,6.152751,6.152751,1.000000,0.000000,,,41.225
160,5.300000,749.534,607.548,749.534,607.548,749.534,607.548,cotracker_center_fallback,center,749.534,656.592,656.592,49.044,49.044,cotracker_bottom,,,stage2_contact_policy,6.965632,,,1.000000,0.000000,0.000000,1.000000,1.000000,1.000000,0.000000,0.000000,5.000000,8.000000,,,,,,,5.879348,6.965632,6.965632,6.965632,1.000000,0.000000,,,42.770
161,5.333333,750.500,632.000,750.500,632.000,750.500,632.000,cotracker_box_center,center,750.500,670.000,670.000,38.000,38.000,cotracker_bottom,,,stage2_contact_policy,7.850535,,,1.000000,0.000000,0.000000,1.000000,1.000000,1.000000,0.000000,0.000000,5.000000,8.000000,,,,,,,6.617430,7.850535,7.850535,7.850535,1.000000,0.000000,,,43.267
162,5.366667,751.018,654.664,751.018,654.664,751.018,654.664,cotracker_center_fallback,center,751.018,670.989,670.989,16.325,16.325,cotracker_bottom,,,stage2_contact_policy,7.907327,,,1.000000,0.000000,0.000000,1.000000,1.000000,1.000000,0.000000,0.000000,5.000000,8.000000,,,,,,,5.725896,7.907327,7.907327,7.907327,1.000000,0.000000,,,43.525
163,5.400000,748.146,679.530,748.146,679.530,748.146,679.530,cotracker_center_fallback,center,748.146,670.879,670.879,-8.651,-8.651,cotracker_bottom,,,stage2_contact_policy,7.705925,,,1.000000,0.000000,0.000000,1.000000,1.000000,1.000000,0.000000,0.000000,5.000000,8.000000,,,,,,,12.077007,7.705925,7.705925,7.705925,1.000000,0.000000,,,43.347
164,5.433333,749.181,682.052,749.181,682.052,749.181,682.052,cotracker_center_fallback,center,749.181,669.219,669.219,-12.833,-12.833,cotracker_bottom,,,stage2_contact_policy,7.657702,,,1.000000,0.000000,0.000000,1.000000,1.000000,1.000000,0.000000,0.000000,5.000000,8.000000,,,,,,,12.293005,7.657702,7.657702,7.657702,1.000000,0.000000,,,43.095
165,5.466667,748.423,715.327,748.423,715.327,748.423,715.327,cotracker_center_fallback,center,748.423,669.816,669.816,-45.511,-45.511,cotracker_bottom,,,stage2_contact_policy,7.637512,,,1.000000,0.000000,0.000000,1.000000,1.000000,1.000000,0.000000,0.000000,5.000000,8.000000,,,,,,,6.513942,7.637512,7.637512,7.637512,1.000000,0.000000,,,43.353
166,5.500000,749.528,669.230,749.528,669.230,749.528,669.230,cotracker_tb_center,center,749.528,670.091,670.091,0.861,0.861,cotracker_bottom,,,stage2_contact_policy,7.742856,,,1.000000,0.000000,0.000000,1.000000,1.000000,1.000000,0.000000,0.000000,5.000000,8.000000,,,,,,,4.834847,7.742856,7.742856,7.742856,1.000000,0.000000,,,45.808
167,5.533333,752.590,656.863,752.590,656.863,752.590,656.863,cotracker_tb_center,center,752.590,669.872,669.872,13.009,13.009,cotracker_bottom,,,stage2_contact_policy,7.123639,,,1.000000,0.000000,0.000000,1.000000,1.000000,1.000000,0.000000,0.000000,5.000000,8.000000,,,,,,,5.541781,7.123639,7.123639,7.123639,1.000000,0.000000,,,44.266
168,5.566667,760.438,699.424,760.438,699.424,760.438,699.424,cotracker_center_fallback,center,760.438,669.041,669.041,-30.383,-30.383,cotracker_bottom,,,stage2_contact_policy,6.242280,,,1.000000,0.000000,0.000000,1.000000,1.000000,1.000000,0.000000,0.000000,5.000000,8.000000,,,,,,,6.476106,6.242280,6.242280,6.242280,1.000000,0.000000,,,42.606
169,5.600000,759.869,697.172,759.869,697.172,759.869,697.172,cotracker_center_fallback,center,759.869,669.591,669.591,-27.581,-27.581,cotracker_bottom,,,stage2_contact_policy,6.116324,,,1.000000,0.000000,0.000000,1.000000,1.000000,1.000000,0.000000,0.000000,5.000000,8.000000,,,,,,,6.463301,6.116324,6.116324,6.116324,1.000000,0.000000,,,42.681
170,5.633333,769.046,672.944,769.046,672.944,769.046,672.944,cotracker_center_fallback,center,769.046,669.522,669.522,-3.422,-3.422,cotracker_bottom,,,stage2_contact_policy,6.229359,,,1.000000,0.000000,0.000000,1.000000,1.000000,1.000000,0.000000,0.000000,5.000000,8.000000,,,,,,,7.742494,6.229359,6.229359,6.229359,1.000000,0.000000,,,40.880
171,5.666667,778.949,651.506,778.949,651.506,778.949,651.506,cotracker_center_fallback,center,778.949,670.840,670.840,19.334,19.334,cotracker_bottom,,,stage2_contact_policy,6.265172,,,1.000000,0.000000,0.000000,1.000000,1.000000,1.000000,0.000000,0.000000,5.000000,8.000000,,,,,,,6.123485,6.265172,6.265172,6.265172,1.000000,0.000000,,,42.589
172,5.700000,784.414,634.461,784.414,634.461,784.414,634.461,cotracker_center_fallback,center,784.414,672.176,672.176,37.715,37.715,cotracker_bottom,,,stage2_contact_policy,6.139155,,,1.000000,0.000000,0.000000,1.000000,1.000000,1.000000,0.000000,0.000000,5.000000,8.000000,,,,,,,5.632251,6.139155,6.139155,6.139155,1.000000,0.000000,,,43.460
173,5.733333,785.408,632.492,785.408,632.492,785.408,632.492,cotracker_center_fallback,center,785.408,672.111,672.111,39.619,39.619,cotracker_bottom,,,stage2_contact_policy,5.977805,,,1.000000,0.000000,0.000000,1.000000,1.000000,1.000000,0.000000,0.000000,5.000000,8.000000,,,,,,,5.626095,5.977805,5.977805,5.977805,1.000000,0.000000,,,43.602
174,5.766667,792.965,627.293,792.965,627.293,792.965,627.293,cotracker_center_fallback,center,792.965,671.780,671.780,44.487,44.487,cotracker_bottom,,,stage2_contact_policy,5.661815,,,1.000000,0.000000,0.000000,1.000000,1.000000,1.000000,0.000000,0.000000,5.000000,8.000000,,,,,,,5.792472,5.661815,5.661815,5.661815,1.000000,0.000000,,,43.334
175,5.800000,797.064,623.894,797.064,623.894,797.064,623.894,cotracker_center_fallback,center,797.064,671.293,671.293,47.399,47.399,cotracker_bottom,,,stage2_contact_policy,5.589344,,,1.000000,0.000000,0.000000,1.000000,1.000000,1.000000,0.000000,0.000000,5.000000,8.000000,,,,,,,5.593985,5.589344,5.589344,5.589344,1.000000,0.000000,,,42.855
176,5.833333,802.222,628.819,802.222,628.819,802.222,628.819,cotracker_center_fallback,center,802.222,670.488,670.488,41.669,41.669,cotracker_bottom,,,stage2_contact_policy,5.584954,,,1.000000,0.000000,0.000000,1.000000,1.000000,1.000000,0.000000,0.000000,5.000000,8.000000,,,,,,,5.333849,5.584954,5.584954,5.584954,1.000000,0.000000,,,45.554
177,5.866667,802.294,630.595,802.294,630.595,802.294,630.595,cotracker_center_fallback,center,802.294,669.167,669.167,38.572,38.572,cotracker_bottom,,,stage2_contact_policy,5.523366,,,1.000000,0.000000,0.000000,1.000000,1.000000,1.000000,0.000000,0.000000,5.000000,8.000000,,,,,,,5.530570,5.523366,5.523366,5.523366,1.000000,0.000000,,,44.373
178,5.900000,804.180,582.952,804.180,582.952,804.180,582.952,cotracker_center_fallback,center,804.180,668.130,668.130,85.178,85.178,cotracker_bottom,,,stage2_contact_policy,5.436940,,,1.000000,0.000000,0.000000,1.000000,1.000000,1.000000,0.000000,0.000000,5.000000,8.000000,,,,,,,5.616186,5.436940,5.436940,5.436940,1.000000,0.000000,,,44.213
179,5.933333,802.523,580.622,802.523,580.622,802.523,580.622,cotracker_center_fallback,center,802.523,668.501,668.501,87.879,87.879,cotracker_bottom,,,stage2_contact_policy,5.496644,,,1.000000,0.000000,0.000000,1.000000,1.000000,1.000000,0.000000,0.000000,5.000000,8.000000,,,,,,,5.601521,5.496644,5.496644,5.496644,1.000000,0.000000,,,44.169
180,5.966667,801.308,534.414,801.308,534.414,801.308,534.414,cotracker_center_fallback,center,801.308,668.443,668.443,134.029,134.029,cotracker_bottom,,,stage2_contact_policy,5.574680,,,1.000000,0.000000,0.000000,1.000000,1.000000,1.000000,0.000000,0.000000,5.000000,8.000000,,,,,,,5.194986,5.574680,5.574680,5.574680,1.000000,0.000000,,,43.868
181,6.000000,797.713,492.265,797.713,492.265,797.713,492.265,cotracker_center_fallback,center,797.713,669.540,669.540,177.275,177.275,cotracker_bottom,,,stage2_contact_policy,5.626163,,,1.000000,0.000000,0.000000,1.000000,1.000000,1.000000,0.000000,0.000000,5.000000,8.000000,,,,,,,5.187477,5.626163,5.626163,5.626163,1.000000,0.000000,,,43.642
182,6.033333,800.545,460.251,800.545,460.251,800.545,460.251,cotracker_center_fallback,center,800.545,670.280,670.280,210.029,210.029,cotracker_bottom,,,stage2_contact_policy,5.684896,,,1.000000,0.000000,0.000000,1.000000,1.000000,1.000000,0.000000,0.000000,5.000000,8.000000,,,,,,,6.011919,5.684896,5.684896,5.684896,1.000000,0.000000,,,42.874
183,6.066667,801.964,433.316,801.964,433.316,801.964,433.316,cotracker_center_fallback,center,801.964,670.599,670.599,237.283,237.283,cotracker_bottom,,,stage2_contact_policy,5.723247,,,1.000000,0.000000,0.000000,1.000000,1.000000,1.000000,0.000000,0.000000,5.000000,8.000000,,,,,,,5.880101,5.723247,5.723247,5.723247,1.000000,0.000000,,,43.536
184,6.100000,801.104,431.168,801.104,431.168,801.104,431.168,cotracker_center_fallback,center,801.104,670.659,670.659,239.491,239.491,cotracker_bottom,,,stage2_contact_policy,5.860389,,,1.000000,0.000000,0.000000,1.000000,1.000000,1.000000,0.000000,0.000000,5.000000,8.000000,,,,,,,5.890946,5.860389,5.860389,5.860389,1.000000,0.000000,,,43.278
185,6.133333,801.718,407.630,801.718,407.630,801.718,407.630,cotracker_center_fallback,center,801.718,670.804,670.804,263.174,263.174,cotracker_bottom,,,stage2_contact_policy,5.996460,,,1.000000,0.000000,0.000000,1.000000,1.000000,1.000000,0.000000,0.000000,5.000000,8.000000,,,,,,,6.027323,5.996460,5.996460,5.996460,1.000000,0.000000,,,42.790
186,6.166667,801.909,391.285,801.909,391.285,801.909,391.285,cotracker_center_fallback,center,801.909,670.611,670.611,279.326,279.326,cotracker_bottom,,,stage2_contact_policy,6.058983,,,1.000000,0.000000,0.000000,1.000000,1.000000,1.000000,0.000000,0.000000,5.000000,8.000000,,,,,,,5.869977,6.058983,6.058983,6.058983,1.000000,0.000000,,,42.773
187,6.200000,803.110,382.486,803.110,382.486,803.110,382.486,cotracker_center_fallback,center,803.110,670.727,670.727,288.241,288.241,cotracker_bottom,,,stage2_contact_policy,6.127738,,,1.000000,0.000000,0.000000,1.000000,1.000000,1.000000,0.000000,0.000000,5.000000,8.000000,,,,,,,6.154976,6.127738,6.127738,6.127738,1.000000,0.000000,,,42.278
188,6.233333,802.856,382.435,802.856,382.435,802.856,382.435,cotracker_center_fallback,center,802.856,670.848,670.848,288.413,288.413,cotracker_bottom,,,stage2_contact_policy,6.208436,,,1.000000,0.000000,0.000000,1.000000,1.000000,1.000000,0.000000,0.000000,5.000000,8.000000,,,,,,,6.139977,6.208436,6.208436,6.208436,1.000000,0.000000,,,42.666
189,6.266667,802.779,377.221,802.779,377.221,802.779,377.221,cotracker_center_fallback,center,802.779,671.227,671.227,294.006,294.006,cotracker_bottom,,,stage2_contact_policy,6.217518,,,1.000000,0.000000,0.000000,1.000000,1.000000,1.000000,0.000000,0.000000,5.000000,8.000000,,,,,,,6.449582,6.217518,6.217518,6.217518,1.000000,0.000000,,,43.000
190,6.300000,801.911,375.271,801.911,375.271,801.911,375.271,cotracker_center_fallback,center,801.911,671.135,671.135,295.864,295.864,cotracker_bottom,,,stage2_contact_policy,6.290614,,,1.000000,0.000000,0.000000,1.000000,1.000000,1.000000,0.000000,0.000000,5.000000,8.000000,,,,,,,6.361389,6.290614,6.290614,6.290614,1.000000,0.000000,,,43.685
191,6.333333,797.452,383.394,797.452,383.394,797.452,383.394,cotracker_center_fallback,center,797.452,670.965,670.965,287.571,287.571,cotracker_bottom,,,stage2_contact_policy,6.323170,,,1.000000,0.000000,0.000000,1.000000,1.000000,1.000000,0.000000,0.000000,5.000000,8.000000,,,,,,,6.455829,6.323170,6.323170,6.323170,1.000000,0.000000,,,42.657
192,6.366667,798.039,398.964,798.039,398.964,798.039,398.964,cotracker_center_fallback,center,798.039,670.935,670.935,271.971,271.971,cotracker_bottom,,,stage2_contact_policy,6.353631,,,1.000000,0.000000,0.000000,1.000000,1.000000,1.000000,0.000000,0.000000,5.000000,8.000000,,,,,,,6.090897,6.353631,6.353631,6.353631,1.000000,0.000000,,,42.629
193,6.400000,798.500,418.000,798.500,418.000,798.500,418.000,cotracker_box_center,center,798.500,459.000,459.000,41.000,41.000,cotracker_bottom,,,stage2_contact_policy,6.373303,,,1.000000,0.000000,0.000000,1.000000,1.000000,1.000000,0.000000,0.000000,5.000000,8.000000,,,,,,,6.381646,6.373303,6.373303,6.373303,1.000000,0.000000,,,42.045
194,6.433333,799.049,418.829,799.049,418.829,799.049,418.829,cotracker_box_center,center,799.049,459.875,459.875,41.046,41.046,cotracker_bottom,,,stage2_contact_policy,6.438545,,,1.000000,0.000000,0.000000,1.000000,1.000000,1.000000,0.000000,0.000000,5.000000,8.000000,,,,,,,6.382875,6.438545,6.438545,6.438545,1.000000,0.000000,,,41.639
195,6.466667,798.681,419.284,798.681,419.284,798.681,419.284,cotracker_box_center,center,798.681,460.170,460.170,40.886,40.886,cotracker_bottom,,,stage2_contact_policy,6.505986,,,1.000000,0.000000,0.000000,1.000000,1.000000,1.000000,0.000000,0.000000,5.000000,8.000000,,,,,,,6.353207,6.505986,6.505986,6.505986,1.000000,0.000000,,,41.840
196,6.500000,799.737,445.212,799.737,445.212,799.737,445.212,cotracker_box_center,center,799.737,483.736,483.736,38.524,38.524,cotracker_bottom,,,stage2_contact_policy,6.626504,,,1.000000,0.000000,0.000000,1.000000,1.000000,1.000000,0.000000,0.000000,5.000000,8.000000,,,,,,,6.587279,6.626504,6.626504,6.626504,1.000000,0.000000,,,42.179
197,6.533333,798.971,473.306,798.971,473.306,798.971,473.306,cotracker_lr_center,center,798.971,513.180,513.180,39.874,39.874,cotracker_bottom,,,stage2_contact_policy,6.886520,,,1.000000,0.000000,0.000000,1.000000,1.000000,1.000000,0.000000,0.000000,5.000000,8.000000,,,,,,,6.818085,6.886520,6.886520,6.886520,1.000000,0.000000,,,42.330
198,6.566667,798.123,507.557,798.123,507.557,798.123,507.557,cotracker_lr_center,center,798.123,548.878,548.878,41.321,41.321,cotracker_bottom,,,stage2_contact_policy,7.553112,,,1.000000,0.000000,0.000000,1.000000,1.000000,1.000000,0.000000,0.000000,5.000000,8.000000,,,,,,,6.927917,7.553112,7.553112,7.553112,1.000000,0.000000,,,41.826
199,6.600000,799.458,511.446,799.458,511.446,799.458,511.446,cotracker_center_fallback,center,799.458,549.510,549.510,38.064,38.064,cotracker_bottom,,,stage2_contact_policy,8.594465,,,1.000000,0.000000,0.000000,1.000000,1.000000,1.000000,0.000000,0.000000,5.000000,8.000000,,,,,,,6.934523,8.594465,8.594465,8.594465,1.000000,0.000000,,,41.802
200,6.633333,800.494,550.610,800.494,550.610,800.494,550.610,cotracker_center_fallback,center,800.494,587.599,587.599,36.989,36.989,cotracker_bottom,,,stage2_contact_policy,9.605734,,,1.000000,0.000000,0.000000,1.000000,1.000000,1.000000,0.000000,0.000000,5.000000,8.000000,,,,,,,8.201757,9.605734,9.605734,9.605734,1.000000,0.000000,,,43.166
201,6.666667,802.959,598.128,802.959,598.128,802.959,598.128,cotracker_center_fallback,center,802.959,629.911,629.911,31.783,31.783,cotracker_bottom,,,stage2_contact_policy,9.820075,,,1.000000,0.000000,0.000000,1.000000,1.000000,1.000000,0.000000,0.000000,5.000000,8.000000,,,,,,,11.049016,9.820075,9.820075,9.820075,1.000000,0.000000,,,43.280
202,6.700000,801.366,653.906,801.366,653.906,801.366,653.906,cotracker_center_fallback,center,801.366,684.597,684.597,30.691,30.691,cotracker_bottom,,,stage2_contact_policy,9.764264,,,1.000000,0.000000,0.000000,1.000000,1.000000,1.000000,0.000000,0.000000,5.000000,8.000000,,,,,,,13.642682,9.764264,9.764264,9.764264,1.000000,0.000000,,,41.406
203,6.733333,801.108,656.231,801.108,656.231,801.108,656.231,cotracker_center_fallback,center,801.108,690.929,690.929,34.698,34.698,cotracker_bottom,,,stage2_contact_policy,9.409366,,,1.000000,0.000000,0.000000,1.000000,1.000000,1.000000,0.000000,0.000000,5.000000,8.000000,,,,,,,13.666157,9.409366,9.409366,9.409366,1.000000,0.000000,,,41.449
204,6.766667,802.345,716.156,802.345,716.156,802.345,716.156,cotracker_center_fallback,center,802.345,748.639,748.639,32.483,32.483,cotracker_bottom,,,stage2_contact_policy,8.909407,,,1.000000,0.000000,0.000000,1.000000,1.000000,1.000000,0.000000,0.000000,5.000000,8.000000,,,,,,,8.318474,8.909407,8.909407,8.909407,1.000000,0.000000,,,43.414
205,6.800000,798.974,787.071,798.974,787.071,798.974,787.071,cotracker_center_fallback,center,798.974,816.260,816.260,29.189,29.189,cotracker_bottom,,,stage2_contact_policy,8.069170,,,1.000000,0.000000,0.000000,1.000000,1.000000,1.000000,0.000000,0.000000,5.000000,8.000000,,,,,,,6.537242,8.069170,8.069170,8.069170,1.000000,0.000000,,,43.004
206,6.833333,799.446,851.837,799.446,851.837,799.446,851.837,cotracker_center_fallback,center,799.446,880.904,880.904,29.067,29.067,cotracker_bottom,,,stage2_contact_policy,6.857957,,,1.000000,0.000000,0.000000,1.000000,1.000000,1.000000,0.000000,0.000000,5.000000,8.000000,,,,,,,4.450235,6.857957,6.857957,6.857957,1.000000,0.000000,,,42.046
207,6.866667,795.254,835.365,795.254,835.365,795.254,835.365,cotracker_center_fallback,center,795.254,868.745,868.745,33.380,33.380,cotracker_bottom,,,stage2_contact_policy,5.649538,,,1.000000,0.000000,0.000000,1.000000,1.000000,1.000000,0.000000,0.000000,5.000000,8.000000,,,,,,,4.702035,5.649538,5.649538,5.649538,1.000000,0.000000,,,42.810
208,6.900000,790.518,811.945,790.518,811.945,790.518,811.945,cotracker_center_fallback,center,790.518,844.849,844.849,32.904,32.904,cotracker_bottom,,,stage2_contact_policy,5.238505,,,1.000000,0.000000,0.000000,1.000000,1.000000,1.000000,0.000000,0.000000,5.000000,8.000000,,,,,,,5.167367,5.238505,5.238505,5.238505,1.000000,0.000000,,,42.379
209,6.933333,789.276,810.296,789.276,810.296,789.276,810.296,cotracker_center_fallback,center,789.276,844.463,844.463,34.167,34.167,cotracker_bottom,,,stage2_contact_policy,5.099126,,,1.000000,0.000000,0.000000,1.000000,1.000000,1.000000,0.000000,0.000000,5.000000,8.000000,,,,,,,5.164196,5.099126,5.099126,5.099126,1.000000,0.000000,,,42.300
210,6.966667,783.525,794.014,783.525,794.014,783.525,794.014,cotracker_center_fallback,center,783.525,828.678,828.678,34.664,34.664,cotracker_bottom,,,stage2_contact_policy,5.284646,,,1.000000,0.000000,0.000000,1.000000,1.000000,1.000000,0.000000,0.000000,5.000000,8.000000,,,,,,,5.207213,5.284646,5.284646,5.284646,1.000000,0.000000,,,42.339
211,7.000000,777.987,782.366,777.987,782.366,777.987,782.366,cotracker_center_fallback,center,777.987,819.977,819.977,37.611,37.611,cotracker_bottom,,,stage2_contact_policy,5.434021,,,1.000000,0.000000,0.000000,1.000000,1.000000,1.000000,0.000000,0.000000,5.000000,8.000000,,,,,,,5.441243,5.434021,5.434021,5.434021,1.000000,0.000000,,,42.680
212,7.033333,772.487,781.925,772.487,781.925,772.487,781.925,cotracker_center_fallback,center,772.487,820.294,820.294,38.369,38.369,cotracker_bottom,,,stage2_contact_policy,5.484994,,,1.000000,0.000000,0.000000,1.000000,1.000000,1.000000,0.000000,0.000000,5.000000,8.000000,,,,,,,5.561594,5.484994,5.484994,5.484994,1.000000,0.000000,,,42.377
213,7.066667,768.855,786.784,768.855,786.784,768.855,786.784,cotracker_center_fallback,center,768.855,823.837,823.837,37.053,37.053,cotracker_bottom,,,stage2_contact_policy,5.444006,,,1.000000,0.000000,0.000000,1.000000,1.000000,1.000000,0.000000,0.000000,5.000000,8.000000,,,,,,,5.748878,5.444006,5.444006,5.444006,1.000000,0.000000,,,42.898
214,7.100000,768.695,787.088,768.695,787.088,768.695,787.088,cotracker_center_fallback,center,768.695,824.201,824.201,37.113,37.113,cotracker_bottom,,,stage2_contact_policy,5.352412,,,1.000000,0.000000,0.000000,1.000000,1.000000,1.000000,0.000000,0.000000,5.000000,8.000000,,,,,,,5.747660,5.352412,5.352412,5.352412,1.000000,0.000000,,,43.081
215,7.133333,763.735,796.499,763.735,796.499,763.735,796.499,cotracker_center_fallback,center,763.735,832.608,832.608,36.109,36.109,cotracker_bottom,,,stage2_contact_policy,5.227177,,,1.000000,0.000000,0.000000,1.000000,1.000000,1.000000,0.000000,0.000000,5.000000,8.000000,,,,,,,5.524175,5.227177,5.227177,5.227177,1.000000,0.000000,,,42.373
216,7.166667,754.862,815.727,754.862,815.727,754.862,815.727,cotracker_center_fallback,center,754.862,852.003,852.003,36.276,36.276,cotracker_bottom,,,stage2_contact_policy,5.080800,,,1.000000,0.000000,0.000000,1.000000,1.000000,1.000000,0.000000,0.000000,5.000000,8.000000,,,,,,,4.877280,5.080800,5.080800,5.080800,1.000000,0.000000,,,44.092
217,7.200000,749.694,836.900,749.694,836.900,749.694,836.900,cotracker_center_fallback,center,749.694,871.397,871.397,34.497,34.497,cotracker_bottom,,,stage2_contact_policy,4.932063,,,1.000000,0.000000,0.000000,1.000000,1.000000,1.000000,0.000000,0.000000,5.000000,8.000000,,,,,,,4.566053,4.932063,4.932063,4.932063,1.000000,0.000000,,,41.485
218,7.233333,748.831,837.478,748.831,837.478,748.831,837.478,cotracker_center_fallback,center,748.831,871.049,871.049,33.571,33.571,cotracker_bottom,,,stage2_contact_policy,4.807927,,,1.000000,0.000000,0.000000,1.000000,1.000000,1.000000,0.000000,0.000000,5.000000,8.000000,,,,,,,4.564593,4.807927,4.807927,4.807927,1.000000,0.000000,,,42.199
219,7.266667,746.055,841.202,746.055,841.202,746.055,841.202,cotracker_center_fallback,center,746.055,873.451,873.451,32.249,32.249,cotracker_bottom,,,stage2_contact_policy,4.725194,,,1.000000,0.000000,0.000000,1.000000,1.000000,1.000000,0.000000,0.000000,5.000000,8.000000,,,,,,,4.536960,4.725194,4.725194,4.725194,1.000000,0.000000,,,41.346
220,7.300000,741.512,834.237,741.512,834.237,741.512,834.237,cotracker_center_fallback,center,741.512,867.970,867.970,33.733,33.733,cotracker_bottom,,,stage2_contact_policy,4.707829,,,1.000000,0.000000,0.000000,1.000000,1.000000,1.000000,0.000000,0.000000,5.000000,8.000000,,,,,,,4.707713,4.707829,4.707829,4.707829,1.000000,0.000000,,,43.105
221,7.333333,736.294,828.672,736.294,828.672,736.294,828.672,cotracker_center_fallback,center,736.294,861.410,861.410,32.738,32.738,cotracker_bottom,,,stage2_contact_policy,4.734425,,,1.000000,0.000000,0.000000,1.000000,1.000000,1.000000,0.000000,0.000000,5.000000,8.000000,,,,,,,4.878717,4.734425,4.734425,4.734425,1.000000,0.000000,,,41.369
222,7.366667,731.797,829.019,731.797,829.019,731.797,829.019,cotracker_center_fallback,center,731.797,860.639,860.639,31.620,31.620,cotracker_bottom,,,stage2_contact_policy,4.729100,,,1.000000,0.000000,0.000000,1.000000,1.000000,1.000000,0.000000,0.000000,5.000000,8.000000,,,,,,,4.945042,4.729100,4.729100,4.729100,1.000000,0.000000,,,40.965
223,7.400000,731.099,836.888,731.099,836.888,731.099,836.888,cotracker_lr_center,center,731.099,867.611,867.611,30.723,30.723,cotracker_bottom,,,stage2_contact_policy,4.734391,,,1.000000,0.000000,0.000000,1.000000,1.000000,1.000000,0.000000,0.000000,5.000000,8.000000,,,,,,,4.755730,4.734391,4.734391,4.734391,1.000000,0.000000,,,41.210
224,7.433333,726.803,836.245,726.803,836.245,726.803,836.245,cotracker_center_fallback,center,726.803,867.973,867.973,31.728,31.728,cotracker_bottom,,,stage2_contact_policy,4.713234,,,1.000000,0.000000,0.000000,1.000000,1.000000,1.000000,0.000000,0.000000,5.000000,8.000000,,,,,,,4.752224,4.713234,4.713234,4.713234,1.000000,0.000000,,,41.243
225,7.466667,725.000,840.500,725.000,840.500,725.000,840.500,cotracker_box_center,center,725.000,876.000,876.000,35.500,35.500,cotracker_bottom,,,stage2_contact_policy,4.658852,,,1.000000,0.000000,0.000000,1.000000,1.000000,1.000000,0.000000,0.000000,5.000000,8.000000,,,,,,,4.527318,4.658852,4.658852,4.658852,1.000000,0.000000,,,39.436
226,7.500000,721.923,834.859,721.923,834.859,721.923,834.859,cotracker_center_fallback,center,721.923,875.704,875.704,40.845,40.845,cotracker_bottom,,,stage2_contact_policy,4.594761,,,1.000000,0.000000,0.000000,1.000000,1.000000,1.000000,0.000000,0.000000,5.000000,8.000000,,,,,,,4.573999,4.594761,4.594761,4.594761,1.000000,0.000000,,,40.400
227,7.533333,716.513,826.975,716.513,826.975,716.513,826.975,cotracker_center_fallback,center,716.513,875.780,875.780,48.805,48.805,cotracker_bottom,,,stage2_contact_policy,4.565341,,,1.000000,0.000000,0.000000,1.000000,1.000000,1.000000,0.000000,0.000000,5.000000,8.000000,,,,,,,4.559608,4.565341,4.565341,4.565341,1.000000,0.000000,,,40.875
228,7.566667,712.378,824.370,712.378,824.370,712.378,824.370,cotracker_center_fallback,center,712.378,876.402,876.402,52.032,52.032,cotracker_bottom,,,stage2_contact_policy,4.543835,,,1.000000,0.000000,0.000000,1.000000,1.000000,1.000000,0.000000,0.000000,5.000000,8.000000,,,,,,,4.498043,4.543835,4.543835,4.543835,1.000000,0.000000,,,40.291
229,7.600000,710.676,824.004,710.676,824.004,710.676,824.004,cotracker_center_fallback,center,710.676,876.613,876.613,52.609,52.609,cotracker_bottom,,,stage2_contact_policy,4.550547,,,1.000000,0.000000,0.000000,1.000000,1.000000,1.000000,0.000000,0.000000,5.000000,8.000000,,,,,,,4.496401,4.550547,4.550547,4.550547,1.000000,0.000000,,,40.219
230,7.633333,707.797,826.982,707.797,826.982,707.797,826.982,cotracker_center_fallback,center,707.797,877.654,877.654,50.672,50.672,cotracker_bottom,,,stage2_contact_policy,4.551677,,,1.000000,0.000000,0.000000,1.000000,1.000000,1.000000,0.000000,0.000000,5.000000,8.000000,,,,,,,4.549788,4.551677,4.551677,4.551677,1.000000,0.000000,,,41.069
231,7.666667,704.931,827.456,704.931,827.456,704.931,827.456,cotracker_center_fallback,center,704.931,877.362,877.362,49.906,49.906,cotracker_bottom,,,stage2_contact_policy,4.553649,,,1.000000,0.000000,0.000000,1.000000,1.000000,1.000000,0.000000,0.000000,5.000000,8.000000,,,,,,,4.601684,4.553649,4.553649,4.553649,1.000000,0.000000,,,42.853
232,7.700000,700.418,826.578,700.418,826.578,700.418,826.578,cotracker_center_fallback,center,700.418,876.595,876.595,50.017,50.017,cotracker_bottom,,,stage2_contact_policy,4.565717,,,1.000000,0.000000,0.000000,1.000000,1.000000,1.000000,0.000000,0.000000,5.000000,8.000000,,,,,,,4.574303,4.565717,4.565717,4.565717,1.000000,0.000000,,,42.843
233,7.733333,697.936,826.718,697.936,826.718,697.936,826.718,cotracker_center_fallback,center,697.936,876.419,876.419,49.701,49.701,cotracker_bottom,,,stage2_contact_policy,4.576324,,,1.000000,0.000000,0.000000,1.000000,1.000000,1.000000,0.000000,0.000000,5.000000,8.000000,,,,,,,4.581910,4.576324,4.576324,4.576324,1.000000,0.000000,,,42.696
234,7.766667,693.762,826.932,693.762,826.932,693.762,826.932,cotracker_center_fallback,center,693.762,876.194,876.194,49.262,49.262,cotracker_bottom,,,stage2_contact_policy,4.581426,,,1.000000,0.000000,0.000000,1.000000,1.000000,1.000000,0.000000,0.000000,5.000000,8.000000,,,,,,,4.573420,4.581426,4.581426,4.581426,1.000000,0.000000,,,42.406
235,7.800000,690.052,826.591,690.052,826.591,690.052,826.591,cotracker_center_fallback,center,690.052,875.934,875.934,49.343,49.343,cotracker_bottom,,,stage2_contact_policy,4.579859,,,1.000000,0.000000,0.000000,1.000000,1.000000,1.000000,0.000000,0.000000,5.000000,8.000000,,,,,,,4.582512,4.579859,4.579859,4.579859,1.000000,0.000000,,,41.111
236,7.833333,686.759,826.815,686.759,826.815,686.759,826.815,cotracker_center_fallback,center,686.759,875.771,875.771,48.956,48.956,cotracker_bottom,,,stage2_contact_policy,4.582583,,,1.000000,0.000000,0.000000,1.000000,1.000000,1.000000,0.000000,0.000000,5.000000,8.000000,,,,,,,4.570652,4.582583,4.582583,4.582583,1.000000,0.000000,,,39.379
237,7.866667,684.009,826.715,684.009,826.715,684.009,826.715,cotracker_center_fallback,center,684.009,875.782,875.782,49.067,49.067,cotracker_bottom,,,stage2_contact_policy,4.583717,,,1.000000,0.000000,0.000000,1.000000,1.000000,1.000000,0.000000,0.000000,5.000000,8.000000,,,,,,,4.585500,4.583717,4.583717,4.583717,1.000000,0.000000,,,39.503
238,7.900000,681.671,827.746,681.671,827.746,681.671,827.746,cotracker_center_fallback,center,681.671,876.302,876.302,48.556,48.556,cotracker_bottom,,,stage2_contact_policy,4.589140,,,1.000000,0.000000,0.000000,1.000000,1.000000,1.000000,0.000000,0.000000,5.000000,8.000000,,,,,,,4.590717,4.589140,4.589140,4.589140,1.000000,0.000000,,,39.062
239,7.933333,680.592,828.435,680.592,828.435,680.592,828.435,cotracker_center_fallback,center,680.592,876.548,876.548,48.113,48.113,cotracker_bottom,,,stage2_contact_policy,4.592780,,,1.000000,0.000000,0.000000,1.000000,1.000000,1.000000,0.000000,0.000000,5.000000,8.000000,,,,,,,4.593370,4.592780,4.592780,4.592780,1.000000,0.000000,,,39.029
240,7.966667,677.822,830.083,677.822,830.083,677.822,830.083,cotracker_center_fallback,center,677.822,877.432,877.432,47.349,47.349,cotracker_bottom,,,stage2_contact_policy,4.596467,,,1.000000,0.000000,0.000000,1.000000,1.000000,1.000000,0.000000,0.000000,5.000000,8.000000,,,,,,,4.589844,4.596467,4.596467,4.596467,1.000000,0.000000,,,39.013
241,8.000000,675.379,831.352,675.379,831.352,675.379,831.352,cotracker_center_fallback,center,675.379,877.879,877.879,46.527,46.527,cotracker_bottom,,,stage2_contact_policy,4.598660,,,1.000000,0.000000,0.000000,1.000000,1.000000,1.000000,0.000000,0.000000,5.000000,8.000000,,,,,,,4.611387,4.598660,4.598660,4.598660,1.000000,0.000000,,,38.895
242,8.033333,672.428,831.805,672.428,831.805,672.428,831.805,cotracker_center_fallback,center,672.428,878.255,878.255,46.450,46.450,cotracker_bottom,,,stage2_contact_policy,4.600646,,,1.000000,0.000000,0.000000,1.000000,1.000000,1.000000,0.000000,0.000000,5.000000,8.000000,,,,,,,4.607985,4.600646,4.600646,4.600646,1.000000,0.000000,,,39.335
